run_id,target_mph,encounter_distance_m,walker_speed_mps,walker_side,walker_cross,walker_startup_s,trigger_ttc_s,trigger_delay_s,braking_ramp_up_per_s,brake_headway_s,brake_profile,weather_preset,sun_altitude_deg,cloudiness,sim_seconds,random_seed,hazard_triggered,collision_detected,outcome,min_ped_distance_m,min_ttc_s,max_jerk_mps3,mean_jerk_mps3,ego_speed_at_trigger_mph,ego_speed_at_trigger_mps,ego_dist_at_trigger_m,trigger_time_s,time_to_stop_s,error
run_0000,22.0,60.0,1.8,left,near,0.5,1.80,0.0,4.0,2.5,proportional_ramp,ClearSunset,,,30.0,,True,False,full_stop,3.241,0.618,275.95,11.33,21.78,9.737,42.5,5.54,0.94,
run_0001,22.0,60.0,1.8,left,near,0.5,1.80,0.0,4.0,5.0,proportional_ramp,ClearSunset,,,30.0,,True,False,full_stop,3.252,0.621,273.44,11.34,21.78,9.737,42.5,5.54,0.94,
run_0002,22.0,60.0,1.8,left,near,0.5,1.80,0.0,4.0,2.5,step_constant,ClearSunset,,,30.0,,True,False,full_stop,3.262,0.624,271.13,11.35,21.78,9.737,42.5,5.54,0.94,
run_0003,22.0,60.0,1.8,left,near,0.5,1.80,0.0,4.0,5.0,step_constant,ClearSunset,,,30.0,,True,False,full_stop,3.262,0.624,271.13,11.35,21.78,9.737,42.5,5.54,0.94,
run_0004,22.0,60.0,1.8,left,near,0.5,1.80,0.0,4.0,2.5,cautious_ramp,ClearSunset,,,30.0,,True,False,full_stop,2.708,0.510,257.19,11.31,21.78,9.737,42.5,5.54,1.04,
run_0005,22.0,60.0,1.8,left,near,0.5,1.80,0.0,4.0,5.0,cautious_ramp,ClearSunset,,,30.0,,True,False,full_stop,2.708,0.510,257.19,11.31,21.78,9.737,42.5,5.54,1.04,
run_0006,22.0,60.0,1.8,left,near,0.5,1.80,0.0,4.0,2.5,exponential,ClearSunset,,,30.0,,True,False,full_stop,3.121,0.603,269.26,11.29,21.78,9.737,42.5,5.54,0.96,
run_0007,22.0,60.0,1.8,left,near,0.5,1.80,0.0,4.0,5.0,exponential,ClearSunset,,,30.0,,True,False,full_stop,3.241,0.618,275.84,11.33,21.78,9.737,42.5,5.54,0.94,
run_0008,22.0,60.0,1.8,left,near,0.5,2.20,0.0,4.0,2.5,proportional_ramp,ClearSunset,,,30.0,,True,False,full_stop,6.553,1.163,250.19,11.34,21.76,9.729,38.6,5.14,1.02,
run_0009,22.0,60.0,1.8,left,near,0.5,2.20,0.0,4.0,5.0,proportional_ramp,ClearSunset,,,30.0,,True,False,full_stop,6.823,1.195,261.22,11.37,21.76,9.729,38.6,5.14,0.98,
run_0010,22.0,60.0,1.8,left,near,0.5,2.20,0.0,4.0,2.5,step_constant,ClearSunset,,,30.0,,True,False,full_stop,7.080,1.219,270.58,11.40,21.76,9.729,38.6,5.14,0.94,
run_0011,22.0,60.0,1.8,left,near,0.5,2.20,0.0,4.0,5.0,step_constant,ClearSunset,,,30.0,,True,False,full_stop,7.080,1.219,270.58,11.40,21.76,9.729,38.6,5.14,0.94,
run_0012,22.0,60.0,1.8,left,near,0.5,2.20,0.0,4.0,2.5,cautious_ramp,ClearSunset,,,30.0,,True,False,full_stop,5.228,1.019,249.77,11.33,21.76,9.729,38.6,5.14,1.22,
run_0013,22.0,60.0,1.8,left,near,0.5,2.20,0.0,4.0,5.0,cautious_ramp,ClearSunset,,,30.0,,True,False,full_stop,5.228,1.019,249.77,11.33,21.76,9.729,38.6,5.14,1.22,
run_0014,22.0,60.0,1.8,left,near,0.5,2.20,0.0,4.0,2.5,exponential,ClearSunset,,,30.0,,True,False,full_stop,6.116,1.102,243.62,11.28,21.76,9.729,38.6,5.14,1.08,
run_0015,22.0,60.0,1.8,left,near,0.5,2.20,0.0,4.0,5.0,exponential,ClearSunset,,,30.0,,True,False,full_stop,6.561,1.167,250.88,11.35,21.76,9.729,38.6,5.14,1.02,
run_0016,22.0,60.0,1.8,left,near,0.5,2.60,0.0,4.0,2.5,proportional_ramp,ClearSunset,,,30.0,,True,False,full_stop,10.121,1.733,274.27,11.34,21.74,9.721,34.7,4.74,1.14,
run_0017,22.0,60.0,1.8,left,near,0.5,2.60,0.0,4.0,5.0,proportional_ramp,ClearSunset,,,30.0,,True,False,full_stop,10.895,1.746,241.58,11.39,21.74,9.721,34.7,4.74,1.04,
run_0018,22.0,60.0,1.8,left,near,0.5,2.60,0.0,4.0,2.5,step_constant,ClearSunset,,,30.0,,True,False,full_stop,11.515,1.747,273.94,11.40,21.74,9.721,34.7,4.74,0.94,
run_0019,22.0,60.0,1.8,left,near,0.5,2.60,0.0,4.0,5.0,step_constant,ClearSunset,,,30.0,,True,False,full_stop,11.515,1.747,273.94,11.40,21.74,9.721,34.7,4.74,0.94,
run_0020,22.0,60.0,1.8,left,near,0.5,2.60,0.0,4.0,2.5,cautious_ramp,ClearSunset,,,30.0,,True,False,full_stop,9.669,1.729,249.31,11.33,21.74,9.721,34.7,4.74,1.22,
run_0021,22.0,60.0,1.8,left,near,0.5,2.60,0.0,4.0,5.0,cautious_ramp,ClearSunset,,,30.0,,True,False,full_stop,9.669,1.729,249.31,11.33,21.74,9.721,34.7,4.74,1.22,
run_0022,22.0,60.0,1.8,left,near,0.5,2.60,0.0,4.0,2.5,exponential,ClearSunset,,,30.0,,True,False,full_stop,8.945,1.668,249.14,11.20,21.74,9.721,34.7,4.74,1.32,
run_0023,22.0,60.0,1.8,left,near,0.5,2.60,0.0,4.0,5.0,exponential,ClearSunset,,,30.0,,True,False,full_stop,10.266,1.739,276.29,11.36,21.74,9.721,34.7,4.74,1.12,
run_0024,22.0,60.0,1.8,left,near,0.5,3.00,0.0,4.0,2.5,proportional_ramp,ClearSunset,,,30.0,,True,False,full_stop,10.931,1.862,258.01,11.28,21.73,9.712,31.1,4.36,1.20,
run_0025,22.0,60.0,1.8,left,near,0.5,3.00,0.0,4.0,5.0,proportional_ramp,ClearSunset,,,30.0,,True,False,full_stop,11.954,1.876,300.35,11.40,21.73,9.712,31.1,4.36,1.06,
run_0026,22.0,60.0,1.8,left,near,0.5,3.00,0.0,4.0,2.5,step_constant,ClearSunset,,,30.0,,True,False,full_stop,12.694,1.876,271.49,11.40,21.73,9.712,31.1,4.36,0.94,
run_0027,22.0,60.0,1.8,left,near,0.5,3.00,0.0,4.0,5.0,step_constant,ClearSunset,,,30.0,,True,False,full_stop,12.694,1.876,271.49,11.40,21.73,9.712,31.1,4.36,0.94,
run_0028,22.0,60.0,1.8,left,near,0.5,3.00,0.0,4.0,2.5,cautious_ramp,ClearSunset,,,30.0,,True,False,full_stop,10.696,1.862,269.28,11.28,21.73,9.712,31.1,4.36,1.24,
run_0029,22.0,60.0,1.8,left,near,0.5,3.00,0.0,4.0,5.0,cautious_ramp,ClearSunset,,,30.0,,True,False,full_stop,10.832,1.865,249.30,11.33,21.73,9.712,31.1,4.36,1.22,
run_0030,22.0,60.0,1.8,left,near,0.5,3.00,0.0,4.0,2.5,exponential,ClearSunset,,,30.0,,True,False,full_stop,9.612,1.804,285.61,11.20,21.73,9.712,31.1,4.36,1.40,
run_0031,22.0,60.0,1.8,left,near,0.5,3.00,0.0,4.0,5.0,exponential,ClearSunset,,,30.0,,True,False,full_stop,11.196,1.869,264.95,11.34,21.73,9.712,31.1,4.36,1.16,
run_0032,22.0,60.0,1.8,left,near,0.5,3.50,0.0,4.0,2.5,proportional_ramp,ClearSunset,,,30.0,,True,False,full_stop,14.896,2.549,291.77,11.15,21.69,9.695,26.2,3.86,1.58,
run_0033,22.0,60.0,1.8,left,near,0.5,3.50,0.0,4.0,5.0,proportional_ramp,ClearSunset,,,30.0,,True,False,full_stop,17.500,2.569,257.32,11.32,21.69,9.695,26.2,3.86,1.18,
run_0034,22.0,60.0,1.8,left,near,0.5,3.50,0.0,4.0,2.5,step_constant,ClearSunset,,,30.0,,True,False,full_stop,18.489,2.569,266.63,11.27,21.69,9.695,26.2,3.86,1.02,
run_0035,22.0,60.0,1.8,left,near,0.5,3.50,0.0,4.0,5.0,step_constant,ClearSunset,,,30.0,,True,False,full_stop,18.489,2.569,266.63,11.27,21.69,9.695,26.2,3.86,1.02,
run_0036,22.0,60.0,1.8,left,near,0.5,3.50,0.0,4.0,2.5,cautious_ramp,ClearSunset,,,30.0,,True,False,full_stop,14.896,2.549,291.77,11.15,21.69,9.695,26.2,3.86,1.58,
run_0037,22.0,60.0,1.8,left,near,0.5,3.50,0.0,4.0,5.0,cautious_ramp,ClearSunset,,,30.0,,True,False,full_stop,17.121,2.569,247.62,11.30,21.69,9.695,26.2,3.86,1.24,
run_0038,22.0,60.0,1.8,left,near,0.5,3.50,0.0,4.0,2.5,exponential,ClearSunset,,,30.0,,True,False,full_stop,8.188,2.520,275.62,6.95,21.69,9.695,26.2,3.86,3.46,
run_0039,22.0,60.0,1.8,left,near,0.5,3.50,0.0,4.0,5.0,exponential,ClearSunset,,,30.0,,True,False,full_stop,16.048,2.565,264.35,11.29,21.69,9.695,26.2,3.86,1.40,
run_0040,22.0,60.0,1.8,left,far,0.5,1.80,0.0,4.0,2.5,proportional_ramp,ClearSunset,,,30.0,,True,False,full_stop,3.236,0.618,275.95,8.68,21.78,9.737,42.5,5.54,0.94,
run_0041,22.0,60.0,1.8,left,far,0.5,1.80,0.0,4.0,5.0,proportional_ramp,ClearSunset,,,30.0,,True,False,full_stop,3.247,0.621,273.44,8.69,21.78,9.737,42.5,5.54,0.94,
run_0042,22.0,60.0,1.8,left,far,0.5,1.80,0.0,4.0,2.5,step_constant,ClearSunset,,,30.0,,True,False,full_stop,3.256,0.624,271.13,8.70,21.78,9.737,42.5,5.54,0.94,
run_0043,22.0,60.0,1.8,left,far,0.5,1.80,0.0,4.0,5.0,step_constant,ClearSunset,,,30.0,,True,False,full_stop,3.256,0.624,271.13,8.70,21.78,9.737,42.5,5.54,0.94,
run_0044,22.0,60.0,1.8,left,far,0.5,1.80,0.0,4.0,2.5,cautious_ramp,ClearSunset,,,30.0,,True,False,full_stop,2.697,0.509,263.41,8.53,21.78,9.737,42.5,5.54,1.04,
run_0045,22.0,60.0,1.8,left,far,0.5,1.80,0.0,4.0,5.0,cautious_ramp,ClearSunset,,,30.0,,True,False,full_stop,2.697,0.509,263.41,8.53,21.78,9.737,42.5,5.54,1.04,
run_0046,22.0,60.0,1.8,left,far,0.5,1.80,0.0,4.0,2.5,exponential,ClearSunset,,,30.0,,True,False,full_stop,3.116,0.603,269.26,8.65,21.78,9.737,42.5,5.54,0.96,
run_0047,22.0,60.0,1.8,left,far,0.5,1.80,0.0,4.0,5.0,exponential,ClearSunset,,,30.0,,True,False,full_stop,3.236,0.618,275.84,8.68,21.78,9.737,42.5,5.54,0.94,
run_0048,22.0,60.0,1.8,left,far,0.5,2.20,0.0,4.0,2.5,proportional_ramp,ClearSunset,,,30.0,,True,False,full_stop,6.555,1.163,250.19,8.65,21.76,9.729,38.6,5.14,1.02,
run_0049,22.0,60.0,1.8,left,far,0.5,2.20,0.0,4.0,5.0,proportional_ramp,ClearSunset,,,30.0,,True,False,full_stop,6.823,1.195,261.20,8.67,21.76,9.729,38.6,5.14,0.98,
run_0050,22.0,60.0,1.8,left,far,0.5,2.20,0.0,4.0,2.5,step_constant,ClearSunset,,,30.0,,True,False,full_stop,7.079,1.219,270.58,8.69,21.76,9.729,38.6,5.14,0.94,
run_0051,22.0,60.0,1.8,left,far,0.5,2.20,0.0,4.0,5.0,step_constant,ClearSunset,,,30.0,,True,False,full_stop,7.079,1.219,270.58,8.69,21.76,9.729,38.6,5.14,0.94,
run_0052,22.0,60.0,1.8,left,far,0.5,2.20,0.0,4.0,2.5,cautious_ramp,ClearSunset,,,30.0,,True,False,full_stop,5.261,1.019,249.77,8.64,21.76,9.729,38.6,5.14,1.22,
run_0053,22.0,60.0,1.8,left,far,0.5,2.20,0.0,4.0,5.0,cautious_ramp,ClearSunset,,,30.0,,True,False,full_stop,5.261,1.019,249.77,8.64,21.76,9.729,38.6,5.14,1.22,
run_0054,22.0,60.0,1.8,left,far,0.5,2.20,0.0,4.0,2.5,exponential,ClearSunset,,,30.0,,True,False,full_stop,6.124,1.102,243.60,8.60,21.76,9.729,38.6,5.14,1.08,
run_0055,22.0,60.0,1.8,left,far,0.5,2.20,0.0,4.0,5.0,exponential,ClearSunset,,,30.0,,True,False,full_stop,6.563,1.166,250.92,8.65,21.76,9.729,38.6,5.14,1.02,
run_0056,22.0,60.0,1.8,left,far,0.5,2.60,0.0,4.0,2.5,proportional_ramp,ClearSunset,,,30.0,,True,False,full_stop,10.031,1.733,265.32,8.63,21.74,9.721,34.7,4.74,1.16,
run_0057,22.0,60.0,1.8,left,far,0.5,2.60,0.0,4.0,5.0,proportional_ramp,ClearSunset,,,30.0,,True,False,full_stop,10.895,1.746,241.56,8.69,21.74,9.721,34.7,4.74,1.04,
run_0058,22.0,60.0,1.8,left,far,0.5,2.60,0.0,4.0,2.5,step_constant,ClearSunset,,,30.0,,True,False,full_stop,11.514,1.747,273.94,8.69,21.74,9.721,34.7,4.74,0.94,
run_0059,22.0,60.0,1.8,left,far,0.5,2.60,0.0,4.0,5.0,step_constant,ClearSunset,,,30.0,,True,False,full_stop,11.514,1.747,273.94,8.69,21.74,9.721,34.7,4.74,0.94,
run_0060,22.0,60.0,1.8,left,far,0.5,2.60,0.0,4.0,2.5,cautious_ramp,ClearSunset,,,30.0,,True,False,full_stop,9.681,1.729,249.39,8.64,21.74,9.721,34.7,4.74,1.22,
run_0061,22.0,60.0,1.8,left,far,0.5,2.60,0.0,4.0,5.0,cautious_ramp,ClearSunset,,,30.0,,True,False,full_stop,9.681,1.729,249.39,8.64,21.74,9.721,34.7,4.74,1.22,
run_0062,22.0,60.0,1.8,left,far,0.5,2.60,0.0,4.0,2.5,exponential,ClearSunset,,,30.0,,True,False,full_stop,8.970,1.668,249.19,8.54,21.74,9.721,34.7,4.74,1.32,
run_0063,22.0,60.0,1.8,left,far,0.5,2.60,0.0,4.0,5.0,exponential,ClearSunset,,,30.0,,True,False,full_stop,10.271,1.739,276.32,8.66,21.74,9.721,34.7,4.74,1.12,
run_0064,22.0,60.0,1.8,left,far,0.5,3.00,0.0,4.0,2.5,proportional_ramp,ClearSunset,,,30.0,,True,False,full_stop,10.973,1.862,257.35,8.60,21.73,9.712,31.1,4.36,1.20,
run_0065,22.0,60.0,1.8,left,far,0.5,3.00,0.0,4.0,5.0,proportional_ramp,ClearSunset,,,30.0,,True,False,full_stop,11.973,1.876,300.12,8.69,21.73,9.712,31.1,4.36,1.06,
run_0066,22.0,60.0,1.8,left,far,0.5,3.00,0.0,4.0,2.5,step_constant,ClearSunset,,,30.0,,True,False,full_stop,12.703,1.876,271.49,8.69,21.73,9.712,31.1,4.36,0.94,
run_0067,22.0,60.0,1.8,left,far,0.5,3.00,0.0,4.0,5.0,step_constant,ClearSunset,,,30.0,,True,False,full_stop,12.703,1.876,271.49,8.69,21.73,9.712,31.1,4.36,0.94,
run_0068,22.0,60.0,1.8,left,far,0.5,3.00,0.0,4.0,2.5,cautious_ramp,ClearSunset,,,30.0,,True,False,full_stop,10.838,1.862,268.73,8.66,21.73,9.712,31.1,4.36,1.22,
run_0069,22.0,60.0,1.8,left,far,0.5,3.00,0.0,4.0,5.0,cautious_ramp,ClearSunset,,,30.0,,True,False,full_stop,10.877,1.865,249.06,8.64,21.73,9.712,31.1,4.36,1.22,
run_0070,22.0,60.0,1.8,left,far,0.5,3.00,0.0,4.0,2.5,exponential,ClearSunset,,,30.0,,True,False,full_stop,9.700,1.804,285.08,8.55,21.73,9.712,31.1,4.36,1.40,
run_0071,22.0,60.0,1.8,left,far,0.5,3.00,0.0,4.0,5.0,exponential,ClearSunset,,,30.0,,True,False,full_stop,11.231,1.869,264.39,8.65,21.73,9.712,31.1,4.36,1.16,
run_0072,22.0,60.0,1.8,left,far,0.5,3.50,0.0,4.0,2.5,proportional_ramp,ClearSunset,,,30.0,,True,False,full_stop,14.877,2.549,295.06,8.50,21.69,9.695,26.2,3.86,1.60,
run_0073,22.0,60.0,1.8,left,far,0.5,3.50,0.0,4.0,5.0,proportional_ramp,ClearSunset,,,30.0,,True,False,full_stop,17.511,2.569,257.55,8.64,21.69,9.695,26.2,3.86,1.18,
run_0074,22.0,60.0,1.8,left,far,0.5,3.50,0.0,4.0,2.5,step_constant,ClearSunset,,,30.0,,True,False,full_stop,18.492,2.569,266.63,8.59,21.69,9.695,26.2,3.86,1.02,
run_0075,22.0,60.0,1.8,left,far,0.5,3.50,0.0,4.0,5.0,step_constant,ClearSunset,,,30.0,,True,False,full_stop,18.492,2.569,266.63,8.59,21.69,9.695,26.2,3.86,1.02,
run_0076,22.0,60.0,1.8,left,far,0.5,3.50,0.0,4.0,2.5,cautious_ramp,ClearSunset,,,30.0,,True,False,full_stop,14.877,2.549,295.06,8.50,21.69,9.695,26.2,3.86,1.60,
run_0077,22.0,60.0,1.8,left,far,0.5,3.50,0.0,4.0,5.0,cautious_ramp,ClearSunset,,,30.0,,True,False,full_stop,17.135,2.569,247.72,8.62,21.69,9.695,26.2,3.86,1.24,
run_0078,22.0,60.0,1.8,left,far,0.5,3.50,0.0,4.0,2.5,exponential,ClearSunset,,,30.0,,True,False,slowed_avoided,2.488,0.248,65.25,5.59,21.69,9.695,26.2,3.86,,
run_0079,22.0,60.0,1.8,left,far,0.5,3.50,0.0,4.0,5.0,exponential,ClearSunset,,,30.0,,True,False,full_stop,16.080,2.565,264.48,8.61,21.69,9.695,26.2,3.86,1.40,
run_0080,22.0,120.0,1.8,left,near,0.5,1.80,0.0,4.0,2.5,proportional_ramp,ClearSunset,,,30.0,,True,False,full_stop,2.862,0.561,269.98,11.36,21.98,9.825,102.4,11.66,0.98,
run_0081,22.0,120.0,1.8,left,near,0.5,1.80,0.0,4.0,5.0,proportional_ramp,ClearSunset,,,30.0,,True,False,full_stop,2.970,0.574,269.29,11.36,21.98,9.825,102.4,11.66,0.96,
run_0082,22.0,120.0,1.8,left,near,0.5,1.80,0.0,4.0,2.5,step_constant,ClearSunset,,,30.0,,True,False,full_stop,2.979,0.576,269.38,11.38,21.98,9.825,102.4,11.66,0.96,
run_0083,22.0,120.0,1.8,left,near,0.5,1.80,0.0,4.0,5.0,step_constant,ClearSunset,,,30.0,,True,False,full_stop,2.979,0.576,269.38,11.38,21.98,9.825,102.4,11.66,0.96,
run_0084,22.0,120.0,1.8,left,near,0.5,1.80,0.0,4.0,2.5,cautious_ramp,ClearSunset,,,30.0,,True,True,collision,2.682,0.460,297.46,11.39,21.98,9.825,102.4,11.66,1.06,
run_0085,22.0,120.0,1.8,left,near,0.5,1.80,0.0,4.0,5.0,cautious_ramp,ClearSunset,,,30.0,,True,True,collision,2.682,0.460,297.46,11.39,21.98,9.825,102.4,11.66,1.06,
run_0086,22.0,120.0,1.8,left,near,0.5,1.80,0.0,4.0,2.5,exponential,ClearSunset,,,30.0,,True,False,full_stop,2.840,0.556,269.83,11.34,21.98,9.825,102.4,11.66,0.98,
run_0087,22.0,120.0,1.8,left,near,0.5,1.80,0.0,4.0,5.0,exponential,ClearSunset,,,30.0,,True,False,full_stop,2.863,0.561,269.99,11.36,21.98,9.825,102.4,11.66,0.98,
run_0088,22.0,120.0,1.8,left,near,0.5,2.20,0.0,4.0,2.5,proportional_ramp,ClearSunset,,,30.0,,True,False,full_stop,6.311,1.128,289.03,11.32,21.97,9.822,98.5,11.26,1.06,
run_0089,22.0,120.0,1.8,left,near,0.5,2.20,0.0,4.0,5.0,proportional_ramp,ClearSunset,,,30.0,,True,False,full_stop,6.599,1.160,279.99,11.56,21.97,9.822,98.5,11.26,1.00,
run_0090,22.0,120.0,1.8,left,near,0.5,2.20,0.0,4.0,2.5,step_constant,ClearSunset,,,30.0,,True,False,full_stop,6.835,1.186,269.43,11.38,21.97,9.822,98.5,11.26,0.98,
run_0091,22.0,120.0,1.8,left,near,0.5,2.20,0.0,4.0,5.0,step_constant,ClearSunset,,,30.0,,True,False,full_stop,6.835,1.186,269.43,11.38,21.97,9.822,98.5,11.26,0.98,
run_0092,22.0,120.0,1.8,left,near,0.5,2.20,0.0,4.0,2.5,cautious_ramp,ClearSunset,,,30.0,,True,False,full_stop,4.865,0.961,288.81,11.33,21.97,9.822,98.5,11.26,1.28,
run_0093,22.0,120.0,1.8,left,near,0.5,2.20,0.0,4.0,5.0,cautious_ramp,ClearSunset,,,30.0,,True,False,full_stop,4.865,0.961,288.81,11.33,21.97,9.822,98.5,11.26,1.28,
run_0094,22.0,120.0,1.8,left,near,0.5,2.20,0.0,4.0,2.5,exponential,ClearSunset,,,30.0,,True,False,full_stop,5.876,1.067,278.45,11.23,21.97,9.822,98.5,11.26,1.10,
run_0095,22.0,120.0,1.8,left,near,0.5,2.20,0.0,4.0,5.0,exponential,ClearSunset,,,30.0,,True,False,full_stop,6.319,1.131,287.28,11.32,21.97,9.822,98.5,11.26,1.06,
run_0096,22.0,120.0,1.8,left,near,0.5,2.60,0.0,4.0,2.5,proportional_ramp,ClearSunset,,,30.0,,True,False,full_stop,9.503,1.661,283.13,11.28,21.96,9.819,94.6,10.86,1.20,
run_0097,22.0,120.0,1.8,left,near,0.5,2.60,0.0,4.0,5.0,proportional_ramp,ClearSunset,,,30.0,,True,False,full_stop,10.146,1.674,277.12,11.66,21.96,9.819,94.6,10.86,1.10,
run_0098,22.0,120.0,1.8,left,near,0.5,2.60,0.0,4.0,2.5,step_constant,ClearSunset,,,30.0,,True,False,full_stop,10.623,1.674,270.12,11.35,21.96,9.819,94.6,10.86,1.04,
run_0099,22.0,120.0,1.8,left,near,0.5,2.60,0.0,4.0,5.0,step_constant,ClearSunset,,,30.0,,True,False,full_stop,10.623,1.674,270.12,11.35,21.96,9.819,94.6,10.86,1.04,
run_0100,22.0,120.0,1.8,left,near,0.5,2.60,0.0,4.0,2.5,cautious_ramp,ClearSunset,,,30.0,,True,False,full_stop,8.920,1.648,288.70,11.34,21.96,9.819,94.6,10.86,1.30,
run_0101,22.0,120.0,1.8,left,near,0.5,2.60,0.0,4.0,5.0,cautious_ramp,ClearSunset,,,30.0,,True,False,full_stop,8.920,1.648,288.70,11.34,21.96,9.819,94.6,10.86,1.30,
run_0102,22.0,120.0,1.8,left,near,0.5,2.60,0.0,4.0,2.5,exponential,ClearSunset,,,30.0,,True,False,full_stop,8.458,1.589,289.14,11.19,21.96,9.819,94.6,10.86,1.36,
run_0103,22.0,120.0,1.8,left,near,0.5,2.60,0.0,4.0,5.0,exponential,ClearSunset,,,30.0,,True,False,full_stop,9.636,1.667,282.18,11.30,21.96,9.819,94.6,10.86,1.18,
run_0104,22.0,120.0,1.8,left,near,0.5,3.00,0.0,4.0,2.5,proportional_ramp,ClearSunset,,,30.0,,True,False,full_stop,10.930,1.877,301.01,11.29,21.95,9.813,90.6,10.46,1.24,
run_0105,22.0,120.0,1.8,left,near,0.5,3.00,0.0,4.0,5.0,proportional_ramp,ClearSunset,,,30.0,,True,False,full_stop,11.981,1.893,279.06,11.37,21.95,9.813,90.6,10.46,1.08,
run_0106,22.0,120.0,1.8,left,near,0.5,3.00,0.0,4.0,2.5,step_constant,ClearSunset,,,30.0,,True,False,full_stop,12.749,1.894,269.90,11.40,21.95,9.813,90.6,10.46,0.98,
run_0107,22.0,120.0,1.8,left,near,0.5,3.00,0.0,4.0,5.0,step_constant,ClearSunset,,,30.0,,True,False,full_stop,12.749,1.894,269.90,11.40,21.95,9.813,90.6,10.46,0.98,
run_0108,22.0,120.0,1.8,left,near,0.5,3.00,0.0,4.0,2.5,cautious_ramp,ClearSunset,,,30.0,,True,False,full_stop,10.720,1.877,288.93,11.33,21.95,9.813,90.6,10.46,1.28,
run_0109,22.0,120.0,1.8,left,near,0.5,3.00,0.0,4.0,5.0,cautious_ramp,ClearSunset,,,30.0,,True,False,full_stop,10.739,1.881,289.01,11.34,21.95,9.813,90.6,10.46,1.28,
run_0110,22.0,120.0,1.8,left,near,0.5,3.00,0.0,4.0,2.5,exponential,ClearSunset,,,30.0,,True,False,full_stop,9.463,1.798,293.26,11.16,21.95,9.813,90.6,10.46,1.44,
run_0111,22.0,120.0,1.8,left,near,0.5,3.00,0.0,4.0,5.0,exponential,ClearSunset,,,30.0,,True,False,full_stop,11.202,1.885,285.29,11.32,21.95,9.813,90.6,10.46,1.20,
run_0112,22.0,120.0,1.8,left,near,0.5,3.50,0.0,4.0,2.5,proportional_ramp,ClearSunset,,,30.0,,True,False,full_stop,14.768,2.575,293.28,11.18,21.93,9.805,85.7,9.96,1.66,
run_0113,22.0,120.0,1.8,left,near,0.5,3.50,0.0,4.0,5.0,proportional_ramp,ClearSunset,,,30.0,,True,False,full_stop,17.361,2.577,285.53,11.31,21.93,9.805,85.7,9.96,1.26,
run_0114,22.0,120.0,1.8,left,near,0.5,3.50,0.0,4.0,2.5,step_constant,ClearSunset,,,30.0,,True,False,full_stop,18.350,2.577,272.89,11.24,21.93,9.805,85.7,9.96,1.10,
run_0115,22.0,120.0,1.8,left,near,0.5,3.50,0.0,4.0,5.0,step_constant,ClearSunset,,,30.0,,True,False,full_stop,18.350,2.577,272.89,11.24,21.93,9.805,85.7,9.96,1.10,
run_0116,22.0,120.0,1.8,left,near,0.5,3.50,0.0,4.0,2.5,cautious_ramp,ClearSunset,,,30.0,,True,False,full_stop,14.768,2.575,293.28,11.18,21.93,9.805,85.7,9.96,1.66,
run_0117,22.0,120.0,1.8,left,near,0.5,3.50,0.0,4.0,5.0,cautious_ramp,ClearSunset,,,30.0,,True,False,full_stop,17.019,2.577,288.89,11.32,21.93,9.805,85.7,9.96,1.32,
run_0118,22.0,120.0,1.8,left,near,0.5,3.50,0.0,4.0,2.5,exponential,ClearSunset,,,30.0,,True,False,full_stop,9.956,2.546,279.72,10.38,21.93,9.805,85.7,9.96,2.72,
run_0119,22.0,120.0,1.8,left,near,0.5,3.50,0.0,4.0,5.0,exponential,ClearSunset,,,30.0,,True,False,full_stop,16.067,2.577,295.38,11.23,21.93,9.805,85.7,9.96,1.46,
run_0120,22.0,120.0,1.8,left,far,0.5,1.80,0.0,4.0,2.5,proportional_ramp,ClearSunset,,,30.0,,True,False,full_stop,2.862,0.560,269.98,8.66,21.98,9.825,102.4,11.66,0.98,
run_0121,22.0,120.0,1.8,left,far,0.5,1.80,0.0,4.0,5.0,proportional_ramp,ClearSunset,,,30.0,,True,False,full_stop,2.966,0.573,269.29,8.67,21.98,9.825,102.4,11.66,0.96,
run_0122,22.0,120.0,1.8,left,far,0.5,1.80,0.0,4.0,2.5,step_constant,ClearSunset,,,30.0,,True,False,full_stop,2.976,0.576,269.38,8.68,21.98,9.825,102.4,11.66,0.96,
run_0123,22.0,120.0,1.8,left,far,0.5,1.80,0.0,4.0,5.0,step_constant,ClearSunset,,,30.0,,True,False,full_stop,2.976,0.576,269.38,8.68,21.98,9.825,102.4,11.66,0.96,
run_0124,22.0,120.0,1.8,left,far,0.5,1.80,0.0,4.0,2.5,cautious_ramp,ClearSunset,,,30.0,,True,False,full_stop,2.664,0.458,307.11,2.80,21.98,9.825,102.4,11.66,1.06,
run_0125,22.0,120.0,1.8,left,far,0.5,1.80,0.0,4.0,5.0,cautious_ramp,ClearSunset,,,30.0,,True,False,full_stop,2.664,0.458,307.11,2.80,21.98,9.825,102.4,11.66,1.06,
run_0126,22.0,120.0,1.8,left,far,0.5,1.80,0.0,4.0,2.5,exponential,ClearSunset,,,30.0,,True,False,full_stop,2.839,0.555,269.83,8.65,21.98,9.825,102.4,11.66,0.98,
run_0127,22.0,120.0,1.8,left,far,0.5,1.80,0.0,4.0,5.0,exponential,ClearSunset,,,30.0,,True,False,full_stop,2.862,0.561,269.99,8.66,21.98,9.825,102.4,11.66,0.98,
run_0128,22.0,120.0,1.8,left,far,0.5,2.20,0.0,4.0,2.5,proportional_ramp,ClearSunset,,,30.0,,True,False,full_stop,6.316,1.127,289.12,8.63,21.97,9.822,98.5,11.26,1.06,
run_0129,22.0,120.0,1.8,left,far,0.5,2.20,0.0,4.0,5.0,proportional_ramp,ClearSunset,,,30.0,,True,False,full_stop,6.601,1.160,279.99,8.82,21.97,9.822,98.5,11.26,1.00,
run_0130,22.0,120.0,1.8,left,far,0.5,2.20,0.0,4.0,2.5,step_constant,ClearSunset,,,30.0,,True,False,full_stop,6.835,1.186,269.43,8.68,21.97,9.822,98.5,11.26,0.98,
run_0131,22.0,120.0,1.8,left,far,0.5,2.20,0.0,4.0,5.0,step_constant,ClearSunset,,,30.0,,True,False,full_stop,6.835,1.186,269.43,8.68,21.97,9.822,98.5,11.26,0.98,
run_0132,22.0,120.0,1.8,left,far,0.5,2.20,0.0,4.0,2.5,cautious_ramp,ClearSunset,,,30.0,,True,False,full_stop,4.912,0.961,288.81,8.64,21.97,9.822,98.5,11.26,1.28,
run_0133,22.0,120.0,1.8,left,far,0.5,2.20,0.0,4.0,5.0,cautious_ramp,ClearSunset,,,30.0,,True,False,full_stop,4.912,0.961,288.81,8.64,21.97,9.822,98.5,11.26,1.28,
run_0134,22.0,120.0,1.8,left,far,0.5,2.20,0.0,4.0,2.5,exponential,ClearSunset,,,30.0,,True,False,full_stop,5.888,1.066,278.46,8.57,21.97,9.822,98.5,11.26,1.10,
run_0135,22.0,120.0,1.8,left,far,0.5,2.20,0.0,4.0,5.0,exponential,ClearSunset,,,30.0,,True,False,full_stop,6.324,1.131,287.27,8.64,21.97,9.822,98.5,11.26,1.06,
run_0136,22.0,120.0,1.8,left,far,0.5,2.60,0.0,4.0,2.5,proportional_ramp,ClearSunset,,,30.0,,True,False,full_stop,9.515,1.661,283.14,8.61,21.96,9.819,94.6,10.86,1.20,
run_0137,22.0,120.0,1.8,left,far,0.5,2.60,0.0,4.0,5.0,proportional_ramp,ClearSunset,,,30.0,,True,False,full_stop,10.150,1.674,277.12,9.60,21.96,9.819,94.6,10.86,1.10,
run_0138,22.0,120.0,1.8,left,far,0.5,2.60,0.0,4.0,2.5,step_constant,ClearSunset,,,30.0,,True,False,full_stop,10.624,1.674,270.12,8.66,21.96,9.819,94.6,10.86,1.04,
run_0139,22.0,120.0,1.8,left,far,0.5,2.60,0.0,4.0,5.0,step_constant,ClearSunset,,,30.0,,True,False,full_stop,10.624,1.674,270.12,8.66,21.96,9.819,94.6,10.86,1.04,
run_0140,22.0,120.0,1.8,left,far,0.5,2.60,0.0,4.0,2.5,cautious_ramp,ClearSunset,,,30.0,,True,False,full_stop,8.944,1.648,288.68,8.65,21.96,9.819,94.6,10.86,1.30,
run_0141,22.0,120.0,1.8,left,far,0.5,2.60,0.0,4.0,5.0,cautious_ramp,ClearSunset,,,30.0,,True,False,full_stop,8.944,1.648,288.68,8.65,21.96,9.819,94.6,10.86,1.30,
run_0142,22.0,120.0,1.8,left,far,0.5,2.60,0.0,4.0,2.5,exponential,ClearSunset,,,30.0,,True,False,full_stop,8.493,1.589,289.24,8.54,21.96,9.819,94.6,10.86,1.36,
run_0143,22.0,120.0,1.8,left,far,0.5,2.60,0.0,4.0,5.0,exponential,ClearSunset,,,30.0,,True,False,full_stop,9.647,1.667,282.22,8.62,21.96,9.819,94.6,10.86,1.18,
run_0144,22.0,120.0,1.8,left,far,0.5,3.00,0.0,4.0,2.5,proportional_ramp,ClearSunset,,,30.0,,True,False,full_stop,10.975,1.877,301.02,8.61,21.95,9.813,90.6,10.46,1.24,
run_0145,22.0,120.0,1.8,left,far,0.5,3.00,0.0,4.0,5.0,proportional_ramp,ClearSunset,,,30.0,,True,False,full_stop,12.003,1.893,279.02,8.67,21.95,9.813,90.6,10.46,1.08,
run_0146,22.0,120.0,1.8,left,far,0.5,3.00,0.0,4.0,2.5,step_constant,ClearSunset,,,30.0,,True,False,full_stop,12.760,1.894,269.90,8.69,21.95,9.813,90.6,10.46,0.98,
run_0147,22.0,120.0,1.8,left,far,0.5,3.00,0.0,4.0,5.0,step_constant,ClearSunset,,,30.0,,True,False,full_stop,12.760,1.894,269.90,8.69,21.95,9.813,90.6,10.46,0.98,
run_0148,22.0,120.0,1.8,left,far,0.5,3.00,0.0,4.0,2.5,cautious_ramp,ClearSunset,,,30.0,,True,False,full_stop,10.773,1.877,288.94,8.64,21.95,9.813,90.6,10.46,1.28,
run_0149,22.0,120.0,1.8,left,far,0.5,3.00,0.0,4.0,5.0,cautious_ramp,ClearSunset,,,30.0,,True,False,full_stop,10.792,1.881,288.99,8.65,21.95,9.813,90.6,10.46,1.28,
run_0150,22.0,120.0,1.8,left,far,0.5,3.00,0.0,4.0,2.5,exponential,ClearSunset,,,30.0,,True,False,full_stop,9.562,1.798,293.27,8.51,21.95,9.813,90.6,10.46,1.44,
run_0151,22.0,120.0,1.8,left,far,0.5,3.00,0.0,4.0,5.0,exponential,ClearSunset,,,30.0,,True,False,full_stop,11.241,1.885,285.31,8.63,21.95,9.813,90.6,10.46,1.20,
run_0152,22.0,120.0,1.8,left,far,0.5,3.50,0.0,4.0,2.5,proportional_ramp,ClearSunset,,,30.0,,True,False,full_stop,14.932,2.575,320.39,8.52,21.93,9.805,85.7,9.96,1.64,
run_0153,22.0,120.0,1.8,left,far,0.5,3.50,0.0,4.0,5.0,proportional_ramp,ClearSunset,,,30.0,,True,False,full_stop,17.377,2.577,285.47,8.63,21.93,9.805,85.7,9.96,1.26,
run_0154,22.0,120.0,1.8,left,far,0.5,3.50,0.0,4.0,2.5,step_constant,ClearSunset,,,30.0,,True,False,full_stop,18.355,2.577,272.89,8.57,21.93,9.805,85.7,9.96,1.10,
run_0155,22.0,120.0,1.8,left,far,0.5,3.50,0.0,4.0,5.0,step_constant,ClearSunset,,,30.0,,True,False,full_stop,18.355,2.577,272.89,8.57,21.93,9.805,85.7,9.96,1.10,
run_0156,22.0,120.0,1.8,left,far,0.5,3.50,0.0,4.0,2.5,cautious_ramp,ClearSunset,,,30.0,,True,False,full_stop,14.932,2.575,320.39,8.52,21.93,9.805,85.7,9.96,1.64,
run_0157,22.0,120.0,1.8,left,far,0.5,3.50,0.0,4.0,5.0,cautious_ramp,ClearSunset,,,30.0,,True,False,full_stop,17.039,2.577,288.93,8.63,21.93,9.805,85.7,9.96,1.32,
run_0158,22.0,120.0,1.8,left,far,0.5,3.50,0.0,4.0,2.5,exponential,ClearSunset,,,30.0,,True,False,slowed_avoided,2.483,0.246,47.31,5.62,21.93,9.805,85.7,9.96,,
run_0159,22.0,120.0,1.8,left,far,0.5,3.50,0.0,4.0,5.0,exponential,ClearSunset,,,30.0,,True,False,full_stop,16.106,2.577,295.34,8.56,21.93,9.805,85.7,9.96,1.46,
run_0160,28.0,60.0,1.8,left,near,0.5,1.80,0.0,4.0,2.5,proportional_ramp,ClearSunset,,,30.0,,True,True,collision,2.620,0.354,307.74,11.93,27.62,12.349,38.0,4.44,1.28,
run_0161,28.0,60.0,1.8,left,near,0.5,1.80,0.0,4.0,5.0,proportional_ramp,ClearSunset,,,30.0,,True,True,collision,2.620,0.356,304.79,11.95,27.62,12.349,38.0,4.44,1.28,
run_0162,28.0,60.0,1.8,left,near,0.5,1.80,0.0,4.0,2.5,step_constant,ClearSunset,,,30.0,,True,True,collision,2.621,0.358,301.97,11.98,27.62,12.349,38.0,4.44,1.28,
run_0163,28.0,60.0,1.8,left,near,0.5,1.80,0.0,4.0,5.0,step_constant,ClearSunset,,,30.0,,True,True,collision,2.621,0.358,301.97,11.98,27.62,12.349,38.0,4.44,1.28,
run_0164,28.0,60.0,1.8,left,near,0.5,1.80,0.0,4.0,2.5,cautious_ramp,ClearSunset,,,30.0,,True,True,collision,2.609,0.322,306.97,11.77,27.62,12.349,38.0,4.44,1.38,
run_0165,28.0,60.0,1.8,left,near,0.5,1.80,0.0,4.0,5.0,cautious_ramp,ClearSunset,,,30.0,,True,True,collision,2.609,0.322,306.97,11.77,27.62,12.349,38.0,4.44,1.38,
run_0166,28.0,60.0,1.8,left,near,0.5,1.80,0.0,4.0,2.5,exponential,ClearSunset,,,30.0,,True,True,collision,2.619,0.348,263.88,11.87,27.62,12.349,38.0,4.44,1.28,
run_0167,28.0,60.0,1.8,left,near,0.5,1.80,0.0,4.0,5.0,exponential,ClearSunset,,,30.0,,True,True,collision,2.620,0.354,307.62,11.93,27.62,12.349,38.0,4.44,1.28,
run_0168,28.0,60.0,1.8,left,near,0.5,2.20,0.0,4.0,2.5,proportional_ramp,ClearSunset,,,30.0,,True,False,full_stop,5.713,1.019,299.90,11.59,27.59,12.333,33.0,4.04,1.38,
run_0169,28.0,60.0,1.8,left,near,0.5,2.20,0.0,4.0,5.0,proportional_ramp,ClearSunset,,,30.0,,True,False,full_stop,6.104,1.083,297.67,11.70,27.59,12.333,33.0,4.04,1.34,
run_0170,28.0,60.0,1.8,left,near,0.5,2.20,0.0,4.0,2.5,step_constant,ClearSunset,,,30.0,,True,False,full_stop,6.568,1.142,269.28,11.79,27.59,12.333,33.0,4.04,1.28,
run_0171,28.0,60.0,1.8,left,near,0.5,2.20,0.0,4.0,5.0,step_constant,ClearSunset,,,30.0,,True,False,full_stop,6.568,1.142,269.28,11.79,27.59,12.333,33.0,4.04,1.28,
run_0172,28.0,60.0,1.8,left,near,0.5,2.20,0.0,4.0,2.5,cautious_ramp,ClearSunset,,,30.0,,True,False,full_stop,4.115,0.793,285.36,11.65,27.59,12.333,33.0,4.04,1.58,
run_0173,28.0,60.0,1.8,left,near,0.5,2.20,0.0,4.0,5.0,cautious_ramp,ClearSunset,,,30.0,,True,False,full_stop,4.115,0.793,285.36,11.65,27.59,12.333,33.0,4.04,1.58,
run_0174,28.0,60.0,1.8,left,near,0.5,2.20,0.0,4.0,2.5,exponential,ClearSunset,,,30.0,,True,False,full_stop,4.990,0.910,289.86,11.41,27.59,12.333,33.0,4.04,1.46,
run_0175,28.0,60.0,1.8,left,near,0.5,2.20,0.0,4.0,5.0,exponential,ClearSunset,,,30.0,,True,False,full_stop,5.739,1.026,294.44,11.62,27.59,12.333,33.0,4.04,1.38,
run_0176,28.0,60.0,1.8,left,near,0.5,2.60,0.0,4.0,2.5,proportional_ramp,ClearSunset,,,30.0,,True,False,full_stop,7.443,1.331,278.26,11.66,27.60,12.339,28.1,3.64,1.46,
run_0177,28.0,60.0,1.8,left,near,0.5,2.60,0.0,4.0,5.0,proportional_ramp,ClearSunset,,,30.0,,True,False,full_stop,8.224,1.402,288.16,11.79,27.60,12.339,28.1,3.64,1.38,
run_0178,28.0,60.0,1.8,left,near,0.5,2.60,0.0,4.0,2.5,step_constant,ClearSunset,,,30.0,,True,False,full_stop,8.834,1.431,306.65,11.85,27.60,12.339,28.1,3.64,1.30,
run_0179,28.0,60.0,1.8,left,near,0.5,2.60,0.0,4.0,5.0,step_constant,ClearSunset,,,30.0,,True,False,full_stop,8.834,1.431,306.65,11.85,27.60,12.339,28.1,3.64,1.30,
run_0180,28.0,60.0,1.8,left,near,0.5,2.60,0.0,4.0,2.5,cautious_ramp,ClearSunset,,,30.0,,True,False,full_stop,6.014,1.172,289.36,11.77,27.60,12.339,28.1,3.64,1.66,
run_0181,28.0,60.0,1.8,left,near,0.5,2.60,0.0,4.0,5.0,cautious_ramp,ClearSunset,,,30.0,,True,False,full_stop,6.014,1.172,289.36,11.77,27.60,12.339,28.1,3.64,1.66,
run_0182,28.0,60.0,1.8,left,near,0.5,2.60,0.0,4.0,2.5,exponential,ClearSunset,,,30.0,,True,False,full_stop,6.502,1.180,280.73,11.48,27.60,12.339,28.1,3.64,1.56,
run_0183,28.0,60.0,1.8,left,near,0.5,2.60,0.0,4.0,5.0,exponential,ClearSunset,,,30.0,,True,False,full_stop,7.596,1.346,277.82,11.70,27.60,12.339,28.1,3.64,1.44,
run_0184,28.0,60.0,1.8,left,near,0.5,3.00,0.0,4.0,2.5,proportional_ramp,ClearSunset,,,30.0,,True,False,full_stop,12.217,2.031,291.08,11.77,27.43,12.263,23.4,3.26,1.74,
run_0185,28.0,60.0,1.8,left,near,0.5,3.00,0.0,4.0,5.0,proportional_ramp,ClearSunset,,,30.0,,True,False,full_stop,14.155,2.050,282.19,11.90,27.43,12.263,23.4,3.26,1.50,
run_0186,28.0,60.0,1.8,left,near,0.5,3.00,0.0,4.0,2.5,step_constant,ClearSunset,,,30.0,,True,False,full_stop,15.698,2.050,269.35,11.95,27.43,12.263,23.4,3.26,1.30,
run_0187,28.0,60.0,1.8,left,near,0.5,3.00,0.0,4.0,5.0,step_constant,ClearSunset,,,30.0,,True,False,full_stop,15.698,2.050,269.35,11.95,27.43,12.263,23.4,3.26,1.30,
run_0188,28.0,60.0,1.8,left,near,0.5,3.00,0.0,4.0,2.5,cautious_ramp,ClearSunset,,,30.0,,True,False,full_stop,12.218,2.031,291.07,11.77,27.43,12.263,23.4,3.26,1.74,
run_0189,28.0,60.0,1.8,left,near,0.5,3.00,0.0,4.0,5.0,cautious_ramp,ClearSunset,,,30.0,,True,False,full_stop,12.896,2.046,289.43,11.88,27.43,12.263,23.4,3.26,1.66,
run_0190,28.0,60.0,1.8,left,near,0.5,3.00,0.0,4.0,2.5,exponential,ClearSunset,,,30.0,,True,False,full_stop,10.219,1.933,296.40,11.56,27.43,12.263,23.4,3.26,2.00,
run_0191,28.0,60.0,1.8,left,near,0.5,3.00,0.0,4.0,5.0,exponential,ClearSunset,,,30.0,,True,False,full_stop,12.840,2.043,289.13,11.84,27.43,12.263,23.4,3.26,1.66,
run_0192,28.0,60.0,1.8,left,near,0.5,3.50,0.0,4.0,2.5,proportional_ramp,ClearSunset,,,30.0,,True,False,slowed_avoided,10.651,2.552,41.74,3.74,29.27,13.087,14.3,2.52,,
run_0193,28.0,60.0,1.8,left,near,0.5,3.50,0.0,4.0,5.0,proportional_ramp,ClearSunset,,,30.0,,True,False,full_stop,19.056,2.568,289.81,13.78,29.27,13.087,14.3,2.52,1.66,
run_0194,28.0,60.0,1.8,left,near,0.5,3.50,0.0,4.0,2.5,step_constant,ClearSunset,,,30.0,,True,False,full_stop,21.194,2.568,276.50,13.82,29.27,13.087,14.3,2.52,1.38,
run_0195,28.0,60.0,1.8,left,near,0.5,3.50,0.0,4.0,5.0,step_constant,ClearSunset,,,30.0,,True,False,full_stop,21.300,2.568,274.78,13.79,29.27,13.087,14.3,2.52,1.36,
run_0196,28.0,60.0,1.8,left,near,0.5,3.50,0.0,4.0,2.5,cautious_ramp,ClearSunset,,,30.0,,True,False,slowed_avoided,10.651,2.552,41.74,3.74,29.27,13.087,14.3,2.52,,
run_0197,28.0,60.0,1.8,left,near,0.5,3.50,0.0,4.0,5.0,cautious_ramp,ClearSunset,,,30.0,,True,False,full_stop,18.726,2.568,289.95,13.71,29.27,13.087,14.3,2.52,1.70,
run_0198,28.0,60.0,1.8,left,near,0.5,3.50,0.0,4.0,2.5,exponential,ClearSunset,,,30.0,,True,False,slowed_avoided,9.581,2.529,41.74,3.58,29.27,13.087,14.3,2.52,,
run_0199,28.0,60.0,1.8,left,near,0.5,3.50,0.0,4.0,5.0,exponential,ClearSunset,,,30.0,,True,False,full_stop,16.961,2.567,291.36,13.63,29.27,13.087,14.3,2.52,1.96,
run_0200,28.0,60.0,1.8,left,far,0.5,1.80,0.0,4.0,2.5,proportional_ramp,ClearSunset,,,30.0,,True,False,full_stop,2.444,0.345,305.56,2.11,27.62,12.349,38.0,4.44,1.30,
run_0201,28.0,60.0,1.8,left,far,0.5,1.80,0.0,4.0,5.0,proportional_ramp,ClearSunset,,,30.0,,True,False,full_stop,2.448,0.346,302.77,2.11,27.62,12.349,38.0,4.44,1.30,
run_0202,28.0,60.0,1.8,left,far,0.5,1.80,0.0,4.0,2.5,step_constant,ClearSunset,,,30.0,,True,False,full_stop,2.451,0.347,300.23,2.12,27.62,12.349,38.0,4.44,1.30,
run_0203,28.0,60.0,1.8,left,far,0.5,1.80,0.0,4.0,5.0,step_constant,ClearSunset,,,30.0,,True,False,full_stop,2.451,0.347,300.23,2.12,27.62,12.349,38.0,4.44,1.30,
run_0204,28.0,60.0,1.8,left,far,0.5,1.80,0.0,4.0,2.5,cautious_ramp,ClearSunset,,,30.0,,True,False,full_stop,2.077,0.318,276.44,2.09,27.62,12.349,38.0,4.44,1.40,
run_0205,28.0,60.0,1.8,left,far,0.5,1.80,0.0,4.0,5.0,cautious_ramp,ClearSunset,,,30.0,,True,False,full_stop,2.077,0.318,276.44,2.09,27.62,12.349,38.0,4.44,1.40,
run_0206,28.0,60.0,1.8,left,far,0.5,1.80,0.0,4.0,2.5,exponential,ClearSunset,,,30.0,,True,False,full_stop,2.380,0.343,298.17,2.10,27.62,12.349,38.0,4.44,1.32,
run_0207,28.0,60.0,1.8,left,far,0.5,1.80,0.0,4.0,5.0,exponential,ClearSunset,,,30.0,,True,False,full_stop,2.444,0.345,305.38,2.11,27.62,12.349,38.0,4.44,1.30,
run_0208,28.0,60.0,1.8,left,far,0.5,2.20,0.0,4.0,2.5,proportional_ramp,ClearSunset,,,30.0,,True,False,full_stop,5.774,1.021,299.72,8.88,27.59,12.333,33.0,4.04,1.38,
run_0209,28.0,60.0,1.8,left,far,0.5,2.20,0.0,4.0,5.0,proportional_ramp,ClearSunset,,,30.0,,True,False,full_stop,6.151,1.084,297.60,8.96,27.59,12.333,33.0,4.04,1.34,
run_0210,28.0,60.0,1.8,left,far,0.5,2.20,0.0,4.0,2.5,step_constant,ClearSunset,,,30.0,,True,False,full_stop,6.602,1.142,269.28,9.03,27.59,12.333,33.0,4.04,1.28,
run_0211,28.0,60.0,1.8,left,far,0.5,2.20,0.0,4.0,5.0,step_constant,ClearSunset,,,30.0,,True,False,full_stop,6.602,1.142,269.28,9.03,27.59,12.333,33.0,4.04,1.28,
run_0212,28.0,60.0,1.8,left,far,0.5,2.20,0.0,4.0,2.5,cautious_ramp,ClearSunset,,,30.0,,True,False,full_stop,4.288,0.805,285.36,8.92,27.59,12.333,33.0,4.04,1.58,
run_0213,28.0,60.0,1.8,left,far,0.5,2.20,0.0,4.0,5.0,cautious_ramp,ClearSunset,,,30.0,,True,False,full_stop,4.288,0.805,285.36,8.92,27.59,12.333,33.0,4.04,1.58,
run_0214,28.0,60.0,1.8,left,far,0.5,2.20,0.0,4.0,2.5,exponential,ClearSunset,,,30.0,,True,False,full_stop,5.086,0.915,289.44,8.74,27.59,12.333,33.0,4.04,1.46,
run_0215,28.0,60.0,1.8,left,far,0.5,2.20,0.0,4.0,5.0,exponential,ClearSunset,,,30.0,,True,False,full_stop,5.800,1.028,294.27,8.90,27.59,12.333,33.0,4.04,1.38,
run_0216,28.0,60.0,1.8,left,far,0.5,2.60,0.0,4.0,2.5,proportional_ramp,ClearSunset,,,30.0,,True,False,full_stop,7.568,1.333,278.30,8.89,27.60,12.339,28.1,3.64,1.46,
run_0217,28.0,60.0,1.8,left,far,0.5,2.60,0.0,4.0,5.0,proportional_ramp,ClearSunset,,,30.0,,True,False,full_stop,8.312,1.401,288.34,8.99,27.60,12.339,28.1,3.64,1.38,
run_0218,28.0,60.0,1.8,left,far,0.5,2.60,0.0,4.0,2.5,step_constant,ClearSunset,,,30.0,,True,False,full_stop,8.897,1.431,306.78,9.04,27.60,12.339,28.1,3.64,1.30,
run_0219,28.0,60.0,1.8,left,far,0.5,2.60,0.0,4.0,5.0,step_constant,ClearSunset,,,30.0,,True,False,full_stop,8.897,1.431,306.78,9.04,27.60,12.339,28.1,3.64,1.30,
run_0220,28.0,60.0,1.8,left,far,0.5,2.60,0.0,4.0,2.5,cautious_ramp,ClearSunset,,,30.0,,True,False,full_stop,6.258,1.197,289.35,8.98,27.60,12.339,28.1,3.64,1.66,
run_0221,28.0,60.0,1.8,left,far,0.5,2.60,0.0,4.0,5.0,cautious_ramp,ClearSunset,,,30.0,,True,False,full_stop,6.258,1.197,289.35,8.98,27.60,12.339,28.1,3.64,1.66,
run_0222,28.0,60.0,1.8,left,far,0.5,2.60,0.0,4.0,2.5,exponential,ClearSunset,,,30.0,,True,False,full_stop,6.592,1.194,281.35,8.74,27.60,12.339,28.1,3.64,1.58,
run_0223,28.0,60.0,1.8,left,far,0.5,2.60,0.0,4.0,5.0,exponential,ClearSunset,,,30.0,,True,False,full_stop,7.713,1.348,277.82,8.92,27.60,12.339,28.1,3.64,1.44,
run_0224,28.0,60.0,1.8,left,far,0.5,3.00,0.0,4.0,2.5,proportional_ramp,ClearSunset,,,30.0,,True,False,full_stop,12.317,2.031,291.20,8.98,27.43,12.263,23.4,3.26,1.74,
run_0225,28.0,60.0,1.8,left,far,0.5,3.00,0.0,4.0,5.0,proportional_ramp,ClearSunset,,,30.0,,True,False,full_stop,14.199,2.050,282.36,9.08,27.43,12.263,23.4,3.26,1.50,
run_0226,28.0,60.0,1.8,left,far,0.5,3.00,0.0,4.0,2.5,step_constant,ClearSunset,,,30.0,,True,False,full_stop,15.716,2.050,269.50,9.12,27.43,12.263,23.4,3.26,1.30,
run_0227,28.0,60.0,1.8,left,far,0.5,3.00,0.0,4.0,5.0,step_constant,ClearSunset,,,30.0,,True,False,full_stop,15.716,2.050,269.50,9.12,27.43,12.263,23.4,3.26,1.30,
run_0228,28.0,60.0,1.8,left,far,0.5,3.00,0.0,4.0,2.5,cautious_ramp,ClearSunset,,,30.0,,True,False,full_stop,12.317,2.031,291.20,8.98,27.43,12.263,23.4,3.26,1.74,
run_0229,28.0,60.0,1.8,left,far,0.5,3.00,0.0,4.0,5.0,cautious_ramp,ClearSunset,,,30.0,,True,False,full_stop,12.973,2.046,289.44,9.06,27.43,12.263,23.4,3.26,1.66,
run_0230,28.0,60.0,1.8,left,far,0.5,3.00,0.0,4.0,2.5,exponential,ClearSunset,,,30.0,,True,False,full_stop,10.301,1.933,245.63,8.80,27.43,12.263,23.4,3.26,2.02,
run_0231,28.0,60.0,1.8,left,far,0.5,3.00,0.0,4.0,5.0,exponential,ClearSunset,,,30.0,,True,False,full_stop,12.918,2.043,289.11,9.03,27.43,12.263,23.4,3.26,1.66,
run_0232,28.0,60.0,1.8,left,far,0.5,3.50,0.0,4.0,2.5,proportional_ramp,ClearSunset,,,30.0,,True,False,slowed_avoided,2.493,0.196,83.33,7.17,29.27,13.087,14.3,2.52,,
run_0233,28.0,60.0,1.8,left,far,0.5,3.50,0.0,4.0,5.0,proportional_ramp,ClearSunset,,,30.0,,True,False,full_stop,19.001,2.568,292.07,10.47,29.27,13.087,14.3,2.52,1.70,
run_0234,28.0,60.0,1.8,left,far,0.5,3.50,0.0,4.0,2.5,step_constant,ClearSunset,,,30.0,,True,False,full_stop,21.137,2.568,277.71,10.55,29.27,13.087,14.3,2.52,1.40,
run_0235,28.0,60.0,1.8,left,far,0.5,3.50,0.0,4.0,5.0,step_constant,ClearSunset,,,30.0,,True,False,full_stop,21.545,2.568,302.78,10.44,29.27,13.087,14.3,2.52,1.34,
run_0236,28.0,60.0,1.8,left,far,0.5,3.50,0.0,4.0,2.5,cautious_ramp,ClearSunset,,,30.0,,True,False,slowed_avoided,2.493,0.196,83.33,7.17,29.27,13.087,14.3,2.52,,
run_0237,28.0,60.0,1.8,left,far,0.5,3.50,0.0,4.0,5.0,cautious_ramp,ClearSunset,,,30.0,,True,False,full_stop,18.501,2.568,298.15,10.46,29.27,13.087,14.3,2.52,1.78,
run_0238,28.0,60.0,1.8,left,far,0.5,3.50,0.0,4.0,2.5,exponential,ClearSunset,,,30.0,,True,False,slowed_avoided,2.482,0.194,41.74,6.76,29.27,13.087,14.3,2.52,,
run_0239,28.0,60.0,1.8,left,far,0.5,3.50,0.0,4.0,5.0,exponential,ClearSunset,,,30.0,,True,False,slowed_avoided,2.483,0.201,71.90,7.45,29.27,13.087,14.3,2.52,,
run_0240,28.0,120.0,1.8,left,near,0.5,1.80,0.0,4.0,2.5,proportional_ramp,ClearSunset,,,30.0,,True,True,collision,2.618,0.362,274.56,11.89,27.89,12.470,97.6,9.24,1.32,
run_0241,28.0,120.0,1.8,left,near,0.5,1.80,0.0,4.0,5.0,proportional_ramp,ClearSunset,,,30.0,,True,True,collision,2.618,0.365,274.60,11.92,27.89,12.470,97.6,9.24,1.32,
run_0242,28.0,120.0,1.8,left,near,0.5,1.80,0.0,4.0,2.5,step_constant,ClearSunset,,,30.0,,True,True,collision,2.618,0.367,274.76,11.96,27.89,12.470,97.6,9.24,1.32,
run_0243,28.0,120.0,1.8,left,near,0.5,1.80,0.0,4.0,5.0,step_constant,ClearSunset,,,30.0,,True,True,collision,2.618,0.367,274.76,11.96,27.89,12.470,97.6,9.24,1.32,
run_0244,28.0,120.0,1.8,left,near,0.5,1.80,0.0,4.0,2.5,cautious_ramp,ClearSunset,,,30.0,,True,True,collision,2.607,0.327,258.55,11.70,27.89,12.470,97.6,9.24,1.42,
run_0245,28.0,120.0,1.8,left,near,0.5,1.80,0.0,4.0,5.0,cautious_ramp,ClearSunset,,,30.0,,True,True,collision,2.607,0.327,258.55,11.70,27.89,12.470,97.6,9.24,1.42,
run_0246,28.0,120.0,1.8,left,near,0.5,1.80,0.0,4.0,2.5,exponential,ClearSunset,,,30.0,,True,True,collision,2.617,0.356,282.29,11.84,27.89,12.470,97.6,9.24,1.36,
run_0247,28.0,120.0,1.8,left,near,0.5,1.80,0.0,4.0,5.0,exponential,ClearSunset,,,30.0,,True,True,collision,2.618,0.362,274.61,11.89,27.89,12.470,97.6,9.24,1.32,
run_0248,28.0,120.0,1.8,left,near,0.5,2.20,0.0,4.0,2.5,proportional_ramp,ClearSunset,,,30.0,,True,False,full_stop,4.853,0.884,301.07,11.59,27.87,12.461,92.8,8.86,1.42,
run_0249,28.0,120.0,1.8,left,near,0.5,2.20,0.0,4.0,5.0,proportional_ramp,ClearSunset,,,30.0,,True,False,full_stop,5.197,0.935,305.55,11.70,27.87,12.461,92.8,8.86,1.38,
run_0250,28.0,120.0,1.8,left,near,0.5,2.20,0.0,4.0,2.5,step_constant,ClearSunset,,,30.0,,True,False,full_stop,5.524,0.982,269.14,11.79,27.87,12.461,92.8,8.86,1.34,
run_0251,28.0,120.0,1.8,left,near,0.5,2.20,0.0,4.0,5.0,step_constant,ClearSunset,,,30.0,,True,False,full_stop,5.524,0.982,269.14,11.79,27.87,12.461,92.8,8.86,1.34,
run_0252,28.0,120.0,1.8,left,near,0.5,2.20,0.0,4.0,2.5,cautious_ramp,ClearSunset,,,30.0,,True,False,full_stop,3.628,0.683,278.76,11.67,27.87,12.461,92.8,8.86,1.56,
run_0253,28.0,120.0,1.8,left,near,0.5,2.20,0.0,4.0,5.0,cautious_ramp,ClearSunset,,,30.0,,True,False,full_stop,3.628,0.683,278.76,11.67,27.87,12.461,92.8,8.86,1.56,
run_0254,28.0,120.0,1.8,left,near,0.5,2.20,0.0,4.0,2.5,exponential,ClearSunset,,,30.0,,True,False,full_stop,4.398,0.804,271.73,11.39,27.87,12.461,92.8,8.86,1.46,
run_0255,28.0,120.0,1.8,left,near,0.5,2.20,0.0,4.0,5.0,exponential,ClearSunset,,,30.0,,True,False,full_stop,4.970,0.894,271.34,11.60,27.87,12.461,92.8,8.86,1.40,
run_0256,28.0,120.0,1.8,left,near,0.5,2.60,0.0,4.0,2.5,proportional_ramp,ClearSunset,,,30.0,,True,False,full_stop,6.904,1.228,286.16,11.61,27.86,12.454,87.9,8.46,1.48,
run_0257,28.0,120.0,1.8,left,near,0.5,2.60,0.0,4.0,5.0,proportional_ramp,ClearSunset,,,30.0,,True,False,full_stop,7.578,1.318,298.42,11.73,27.86,12.454,87.9,8.46,1.40,
run_0258,28.0,120.0,1.8,left,near,0.5,2.60,0.0,4.0,2.5,step_constant,ClearSunset,,,30.0,,True,False,full_stop,8.200,1.368,269.00,11.80,27.86,12.454,87.9,8.46,1.32,
run_0259,28.0,120.0,1.8,left,near,0.5,2.60,0.0,4.0,5.0,step_constant,ClearSunset,,,30.0,,True,False,full_stop,8.200,1.368,269.00,11.80,27.86,12.454,87.9,8.46,1.32,
run_0260,28.0,120.0,1.8,left,near,0.5,2.60,0.0,4.0,2.5,cautious_ramp,ClearSunset,,,30.0,,True,False,full_stop,5.199,1.020,288.74,11.72,27.86,12.454,87.9,8.46,1.72,
run_0261,28.0,120.0,1.8,left,near,0.5,2.60,0.0,4.0,5.0,cautious_ramp,ClearSunset,,,30.0,,True,False,full_stop,5.199,1.020,288.74,11.72,27.86,12.454,87.9,8.46,1.72,
run_0262,28.0,120.0,1.8,left,near,0.5,2.60,0.0,4.0,2.5,exponential,ClearSunset,,,30.0,,True,False,full_stop,5.961,1.078,283.15,11.42,27.86,12.454,87.9,8.46,1.58,
run_0263,28.0,120.0,1.8,left,near,0.5,2.60,0.0,4.0,5.0,exponential,ClearSunset,,,30.0,,True,False,full_stop,6.988,1.243,325.75,13.12,27.86,12.454,87.9,8.46,1.46,
run_0264,28.0,120.0,1.8,left,near,0.5,3.00,0.0,4.0,2.5,proportional_ramp,ClearSunset,,,30.0,,True,False,full_stop,11.861,2.006,289.58,11.58,27.84,12.444,82.9,8.06,1.80,
run_0265,28.0,120.0,1.8,left,near,0.5,3.00,0.0,4.0,5.0,proportional_ramp,ClearSunset,,,30.0,,True,False,full_stop,13.585,2.023,280.87,11.63,27.84,12.444,82.9,8.06,1.56,
run_0266,28.0,120.0,1.8,left,near,0.5,3.00,0.0,4.0,2.5,step_constant,ClearSunset,,,30.0,,True,False,full_stop,14.601,2.023,269.28,11.55,27.84,12.444,82.9,8.06,1.42,
run_0267,28.0,120.0,1.8,left,near,0.5,3.00,0.0,4.0,5.0,step_constant,ClearSunset,,,30.0,,True,False,full_stop,14.601,2.023,269.28,11.55,27.84,12.444,82.9,8.06,1.42,
run_0268,28.0,120.0,1.8,left,near,0.5,3.00,0.0,4.0,2.5,cautious_ramp,ClearSunset,,,30.0,,True,False,full_stop,11.861,2.006,289.58,11.58,27.84,12.444,82.9,8.06,1.80,
run_0269,28.0,120.0,1.8,left,near,0.5,3.00,0.0,4.0,5.0,cautious_ramp,ClearSunset,,,30.0,,True,False,full_stop,12.384,2.022,288.79,11.68,27.84,12.444,82.9,8.06,1.74,
run_0270,28.0,120.0,1.8,left,near,0.5,3.00,0.0,4.0,2.5,exponential,ClearSunset,,,30.0,,True,False,full_stop,9.797,1.867,294.63,11.36,27.84,12.444,82.9,8.06,2.04,
run_0271,28.0,120.0,1.8,left,near,0.5,3.00,0.0,4.0,5.0,exponential,ClearSunset,,,30.0,,True,False,full_stop,12.363,2.019,288.09,11.64,27.84,12.444,82.9,8.06,1.74,
run_0272,28.0,120.0,1.8,left,near,0.5,3.50,0.0,4.0,2.5,proportional_ramp,ClearSunset,,,30.0,,True,False,full_stop,12.948,2.197,293.78,11.49,27.81,12.430,76.7,7.56,1.94,
run_0273,28.0,120.0,1.8,left,near,0.5,3.50,0.0,4.0,5.0,proportional_ramp,ClearSunset,,,30.0,,True,False,full_stop,15.493,2.221,284.04,11.71,27.81,12.430,76.7,7.56,1.62,
run_0274,28.0,120.0,1.8,left,near,0.5,3.50,0.0,4.0,2.5,step_constant,ClearSunset,,,30.0,,True,False,full_stop,16.534,2.221,270.00,11.57,27.81,12.430,76.7,7.56,1.46,
run_0275,28.0,120.0,1.8,left,near,0.5,3.50,0.0,4.0,5.0,step_constant,ClearSunset,,,30.0,,True,False,full_stop,16.534,2.221,270.00,11.57,27.81,12.430,76.7,7.56,1.46,
run_0276,28.0,120.0,1.8,left,near,0.5,3.50,0.0,4.0,2.5,cautious_ramp,ClearSunset,,,30.0,,True,False,full_stop,12.948,2.197,293.78,11.49,27.81,12.430,76.7,7.56,1.94,
run_0277,28.0,120.0,1.8,left,near,0.5,3.50,0.0,4.0,5.0,cautious_ramp,ClearSunset,,,30.0,,True,False,full_stop,14.488,2.220,289.09,11.69,27.81,12.430,76.7,7.56,1.74,
run_0278,28.0,120.0,1.8,left,near,0.5,3.50,0.0,4.0,2.5,exponential,ClearSunset,,,30.0,,True,False,full_stop,10.934,2.093,293.30,11.38,27.81,12.430,76.7,7.56,2.20,
run_0279,28.0,120.0,1.8,left,near,0.5,3.50,0.0,4.0,5.0,exponential,ClearSunset,,,30.0,,True,False,full_stop,13.882,2.216,291.31,11.64,27.81,12.430,76.7,7.56,1.82,
run_0280,28.0,120.0,1.8,left,far,0.5,1.80,0.0,4.0,2.5,proportional_ramp,ClearSunset,,,30.0,,True,False,full_stop,2.455,0.354,269.37,2.58,27.89,12.470,97.6,9.24,1.34,
run_0281,28.0,120.0,1.8,left,far,0.5,1.80,0.0,4.0,5.0,proportional_ramp,ClearSunset,,,30.0,,True,False,full_stop,2.461,0.355,269.61,2.59,27.89,12.470,97.6,9.24,1.34,
run_0282,28.0,120.0,1.8,left,far,0.5,1.80,0.0,4.0,2.5,step_constant,ClearSunset,,,30.0,,True,False,full_stop,2.466,0.357,269.75,2.60,27.89,12.470,97.6,9.24,1.34,
run_0283,28.0,120.0,1.8,left,far,0.5,1.80,0.0,4.0,5.0,step_constant,ClearSunset,,,30.0,,True,False,full_stop,2.466,0.357,269.75,2.60,27.89,12.470,97.6,9.24,1.34,
run_0284,28.0,120.0,1.8,left,far,0.5,1.80,0.0,4.0,2.5,cautious_ramp,ClearSunset,,,30.0,,True,False,full_stop,2.084,0.326,294.28,2.55,27.89,12.470,97.6,9.24,1.46,
run_0285,28.0,120.0,1.8,left,far,0.5,1.80,0.0,4.0,5.0,cautious_ramp,ClearSunset,,,30.0,,True,False,full_stop,2.084,0.326,294.28,2.55,27.89,12.470,97.6,9.24,1.46,
run_0286,28.0,120.0,1.8,left,far,0.5,1.80,0.0,4.0,2.5,exponential,ClearSunset,,,30.0,,True,False,full_stop,2.390,0.351,269.87,2.58,27.89,12.470,97.6,9.24,1.36,
run_0287,28.0,120.0,1.8,left,far,0.5,1.80,0.0,4.0,5.0,exponential,ClearSunset,,,30.0,,True,False,full_stop,2.456,0.354,269.44,2.58,27.89,12.470,97.6,9.24,1.34,
run_0288,28.0,120.0,1.8,left,far,0.5,2.20,0.0,4.0,2.5,proportional_ramp,ClearSunset,,,30.0,,True,False,full_stop,4.950,0.888,301.10,8.84,27.87,12.461,92.8,8.86,1.42,
run_0289,28.0,120.0,1.8,left,far,0.5,2.20,0.0,4.0,5.0,proportional_ramp,ClearSunset,,,30.0,,True,False,full_stop,5.276,0.938,305.58,8.92,27.87,12.461,92.8,8.86,1.38,
run_0290,28.0,120.0,1.8,left,far,0.5,2.20,0.0,4.0,2.5,step_constant,ClearSunset,,,30.0,,True,False,full_stop,5.589,0.984,269.14,8.99,27.87,12.461,92.8,8.86,1.34,
run_0291,28.0,120.0,1.8,left,far,0.5,2.20,0.0,4.0,5.0,step_constant,ClearSunset,,,30.0,,True,False,full_stop,5.589,0.984,269.14,8.99,27.87,12.461,92.8,8.86,1.34,
run_0292,28.0,120.0,1.8,left,far,0.5,2.20,0.0,4.0,2.5,cautious_ramp,ClearSunset,,,30.0,,True,False,full_stop,3.832,0.695,278.76,8.90,27.87,12.461,92.8,8.86,1.56,
run_0293,28.0,120.0,1.8,left,far,0.5,2.20,0.0,4.0,5.0,cautious_ramp,ClearSunset,,,30.0,,True,False,full_stop,3.832,0.695,278.76,8.90,27.87,12.461,92.8,8.86,1.56,
run_0294,28.0,120.0,1.8,left,far,0.5,2.20,0.0,4.0,2.5,exponential,ClearSunset,,,30.0,,True,False,full_stop,4.523,0.810,271.82,8.69,27.87,12.461,92.8,8.86,1.46,
run_0295,28.0,120.0,1.8,left,far,0.5,2.20,0.0,4.0,5.0,exponential,ClearSunset,,,30.0,,True,False,full_stop,5.060,0.897,271.36,8.85,27.87,12.461,92.8,8.86,1.40,
run_0296,28.0,120.0,1.8,left,far,0.5,2.60,0.0,4.0,2.5,proportional_ramp,ClearSunset,,,30.0,,True,False,full_stop,7.056,1.238,286.39,8.85,27.86,12.454,87.9,8.46,1.48,
run_0297,28.0,120.0,1.8,left,far,0.5,2.60,0.0,4.0,5.0,proportional_ramp,ClearSunset,,,30.0,,True,False,full_stop,7.691,1.320,298.59,8.94,27.86,12.454,87.9,8.46,1.40,
run_0298,28.0,120.0,1.8,left,far,0.5,2.60,0.0,4.0,2.5,step_constant,ClearSunset,,,30.0,,True,False,full_stop,8.286,1.368,269.08,9.00,27.86,12.454,87.9,8.46,1.32,
run_0299,28.0,120.0,1.8,left,far,0.5,2.60,0.0,4.0,5.0,step_constant,ClearSunset,,,30.0,,True,False,full_stop,8.286,1.368,269.08,9.00,27.86,12.454,87.9,8.46,1.32,
run_0300,28.0,120.0,1.8,left,far,0.5,2.60,0.0,4.0,2.5,cautious_ramp,ClearSunset,,,30.0,,True,False,full_stop,5.527,1.055,288.83,8.94,27.86,12.454,87.9,8.46,1.72,
run_0301,28.0,120.0,1.8,left,far,0.5,2.60,0.0,4.0,5.0,cautious_ramp,ClearSunset,,,30.0,,True,False,full_stop,5.527,1.055,288.83,8.94,27.86,12.454,87.9,8.46,1.72,
run_0302,28.0,120.0,1.8,left,far,0.5,2.60,0.0,4.0,2.5,exponential,ClearSunset,,,30.0,,True,False,full_stop,6.089,1.093,278.70,8.70,27.86,12.454,87.9,8.46,1.58,
run_0303,28.0,120.0,1.8,left,far,0.5,2.60,0.0,4.0,5.0,exponential,ClearSunset,,,30.0,,True,False,full_stop,7.102,1.253,278.32,8.87,27.86,12.454,87.9,8.46,1.46,
run_0304,28.0,120.0,1.8,left,far,0.5,3.00,0.0,4.0,2.5,proportional_ramp,ClearSunset,,,30.0,,True,False,full_stop,11.979,2.006,289.67,8.84,27.84,12.444,82.9,8.06,1.80,
run_0305,28.0,120.0,1.8,left,far,0.5,3.00,0.0,4.0,5.0,proportional_ramp,ClearSunset,,,30.0,,True,False,full_stop,13.644,2.023,281.03,8.88,27.84,12.444,82.9,8.06,1.56,
run_0306,28.0,120.0,1.8,left,far,0.5,3.00,0.0,4.0,2.5,step_constant,ClearSunset,,,30.0,,True,False,full_stop,14.636,2.023,269.27,8.81,27.84,12.444,82.9,8.06,1.42,
run_0307,28.0,120.0,1.8,left,far,0.5,3.00,0.0,4.0,5.0,step_constant,ClearSunset,,,30.0,,True,False,full_stop,14.636,2.023,269.27,8.81,27.84,12.444,82.9,8.06,1.42,
run_0308,28.0,120.0,1.8,left,far,0.5,3.00,0.0,4.0,2.5,cautious_ramp,ClearSunset,,,30.0,,True,False,full_stop,11.979,2.006,289.67,8.84,27.84,12.444,82.9,8.06,1.80,
run_0309,28.0,120.0,1.8,left,far,0.5,3.00,0.0,4.0,5.0,cautious_ramp,ClearSunset,,,30.0,,True,False,full_stop,12.481,2.022,288.78,8.91,27.84,12.444,82.9,8.06,1.74,
run_0310,28.0,120.0,1.8,left,far,0.5,3.00,0.0,4.0,2.5,exponential,ClearSunset,,,30.0,,True,False,full_stop,9.683,1.870,351.83,8.71,27.84,12.444,82.9,8.06,2.12,
run_0311,28.0,120.0,1.8,left,far,0.5,3.00,0.0,4.0,5.0,exponential,ClearSunset,,,30.0,,True,False,full_stop,12.462,2.019,288.15,8.88,27.84,12.444,82.9,8.06,1.74,
run_0312,28.0,120.0,1.8,left,far,0.5,3.50,0.0,4.0,2.5,proportional_ramp,ClearSunset,,,30.0,,True,False,slowed_avoided,2.487,0.192,65.84,6.04,27.81,12.430,76.7,7.56,,
run_0313,28.0,120.0,1.8,left,far,0.5,3.50,0.0,4.0,5.0,proportional_ramp,ClearSunset,,,30.0,,True,False,full_stop,15.777,2.221,284.04,8.96,27.81,12.430,76.7,7.56,1.60,
run_0314,28.0,120.0,1.8,left,far,0.5,3.50,0.0,4.0,2.5,step_constant,ClearSunset,,,30.0,,True,False,full_stop,17.298,2.221,268.40,8.88,27.81,12.430,76.7,7.56,1.38,
run_0315,28.0,120.0,1.8,left,far,0.5,3.50,0.0,4.0,5.0,step_constant,ClearSunset,,,30.0,,True,False,full_stop,17.298,2.221,268.40,8.88,27.81,12.430,76.7,7.56,1.38,
run_0316,28.0,120.0,1.8,left,far,0.5,3.50,0.0,4.0,2.5,cautious_ramp,ClearSunset,,,30.0,,True,False,slowed_avoided,2.487,0.192,65.84,6.04,27.81,12.430,76.7,7.56,,
run_0317,28.0,120.0,1.8,left,far,0.5,3.50,0.0,4.0,5.0,cautious_ramp,ClearSunset,,,30.0,,True,False,slowed_avoided,2.483,0.190,311.13,13.30,27.81,12.430,76.7,7.56,,
run_0318,28.0,120.0,1.8,left,far,0.5,3.50,0.0,4.0,2.5,exponential,ClearSunset,,,30.0,,True,False,slowed_avoided,2.493,0.191,41.26,5.40,27.81,12.430,76.7,7.56,,
run_0319,28.0,120.0,1.8,left,far,0.5,3.50,0.0,4.0,5.0,exponential,ClearSunset,,,30.0,,True,False,slowed_avoided,2.483,0.191,42.43,6.19,27.81,12.430,76.7,7.56,,
run_0320,35.0,60.0,1.8,left,near,0.5,1.80,0.0,4.0,2.5,proportional_ramp,ClearSunset,,,30.0,,True,True,collision,2.585,0.270,272.91,12.49,34.23,15.301,32.7,3.72,1.70,
run_0321,35.0,60.0,1.8,left,near,0.5,1.80,0.0,4.0,5.0,proportional_ramp,ClearSunset,,,30.0,,True,True,collision,2.587,0.273,310.15,12.62,34.23,15.301,32.7,3.72,1.66,
run_0322,35.0,60.0,1.8,left,near,0.5,1.80,0.0,4.0,2.5,step_constant,ClearSunset,,,30.0,,True,True,collision,2.588,0.275,258.70,12.65,34.23,15.301,32.7,3.72,1.68,
run_0323,35.0,60.0,1.8,left,near,0.5,1.80,0.0,4.0,5.0,step_constant,ClearSunset,,,30.0,,True,True,collision,2.588,0.275,258.70,12.65,34.23,15.301,32.7,3.72,1.68,
run_0324,35.0,60.0,1.8,left,near,0.5,1.80,0.0,4.0,2.5,cautious_ramp,ClearSunset,,,30.0,,True,True,collision,2.349,0.258,285.54,12.54,34.23,15.301,32.7,3.72,1.78,
run_0325,35.0,60.0,1.8,left,near,0.5,1.80,0.0,4.0,5.0,cautious_ramp,ClearSunset,,,30.0,,True,True,collision,2.349,0.258,285.54,12.54,34.23,15.301,32.7,3.72,1.78,
run_0326,35.0,60.0,1.8,left,near,0.5,1.80,0.0,4.0,2.5,exponential,ClearSunset,,,30.0,,True,True,collision,2.582,0.275,308.94,12.51,34.23,15.301,32.7,3.72,1.68,
run_0327,35.0,60.0,1.8,left,near,0.5,1.80,0.0,4.0,5.0,exponential,ClearSunset,,,30.0,,True,True,collision,2.586,0.270,272.55,12.49,34.23,15.301,32.7,3.72,1.70,
run_0328,35.0,60.0,1.8,left,near,0.5,2.20,0.0,4.0,2.5,proportional_ramp,ClearSunset,,,30.0,,True,True,collision,2.648,0.424,282.55,13.16,34.25,15.309,26.3,3.30,1.68,
run_0329,35.0,60.0,1.8,left,near,0.5,2.20,0.0,4.0,5.0,proportional_ramp,ClearSunset,,,30.0,,True,True,collision,2.662,0.443,281.59,13.28,34.25,15.309,26.3,3.30,1.66,
run_0330,35.0,60.0,1.8,left,near,0.5,2.20,0.0,4.0,2.5,step_constant,ClearSunset,,,30.0,,True,False,full_stop,2.706,0.494,242.04,13.36,34.25,15.309,26.3,3.30,1.64,
run_0331,35.0,60.0,1.8,left,near,0.5,2.20,0.0,4.0,5.0,step_constant,ClearSunset,,,30.0,,True,False,full_stop,2.706,0.494,242.04,13.36,34.25,15.309,26.3,3.30,1.64,
run_0332,35.0,60.0,1.8,left,near,0.5,2.20,0.0,4.0,2.5,cautious_ramp,ClearSunset,,,30.0,,True,True,collision,2.622,0.346,308.78,13.09,34.25,15.309,26.3,3.30,1.82,
run_0333,35.0,60.0,1.8,left,near,0.5,2.20,0.0,4.0,5.0,cautious_ramp,ClearSunset,,,30.0,,True,True,collision,2.622,0.346,308.78,13.09,34.25,15.309,26.3,3.30,1.82,
run_0334,35.0,60.0,1.8,left,near,0.5,2.20,0.0,4.0,2.5,exponential,ClearSunset,,,30.0,,True,True,collision,2.636,0.387,283.87,12.99,34.25,15.309,26.3,3.30,1.72,
run_0335,35.0,60.0,1.8,left,near,0.5,2.20,0.0,4.0,5.0,exponential,ClearSunset,,,30.0,,True,True,collision,2.648,0.415,282.04,13.18,34.25,15.309,26.3,3.30,1.68,
run_0336,35.0,60.0,1.8,left,near,0.5,2.60,0.0,4.0,2.5,proportional_ramp,ClearSunset,,,30.0,,True,False,full_stop,8.051,1.422,279.46,14.86,35.35,15.803,19.4,2.86,1.94,
run_0337,35.0,60.0,1.8,left,near,0.5,2.60,0.0,4.0,5.0,proportional_ramp,ClearSunset,,,30.0,,True,False,full_stop,9.077,1.510,282.75,15.01,35.35,15.803,19.4,2.86,1.82,
run_0338,35.0,60.0,1.8,left,near,0.5,2.60,0.0,4.0,2.5,step_constant,ClearSunset,,,30.0,,True,False,full_stop,10.032,1.531,269.28,15.08,35.35,15.803,19.4,2.86,1.72,
run_0339,35.0,60.0,1.8,left,near,0.5,2.60,0.0,4.0,5.0,step_constant,ClearSunset,,,30.0,,True,False,full_stop,10.032,1.531,269.28,15.08,35.35,15.803,19.4,2.86,1.72,
run_0340,35.0,60.0,1.8,left,near,0.5,2.60,0.0,4.0,2.5,cautious_ramp,ClearSunset,,,30.0,,True,False,full_stop,6.757,1.303,289.30,15.05,35.35,15.803,19.4,2.86,2.12,
run_0341,35.0,60.0,1.8,left,near,0.5,2.60,0.0,4.0,5.0,cautious_ramp,ClearSunset,,,30.0,,True,False,full_stop,6.757,1.303,289.30,15.05,35.35,15.803,19.4,2.86,2.12,
run_0342,35.0,60.0,1.8,left,near,0.5,2.60,0.0,4.0,2.5,exponential,ClearSunset,,,30.0,,True,False,full_stop,6.694,1.226,282.00,14.65,35.35,15.803,19.4,2.86,2.08,
run_0343,35.0,60.0,1.8,left,near,0.5,2.60,0.0,4.0,5.0,exponential,ClearSunset,,,30.0,,True,False,full_stop,8.242,1.445,279.12,14.91,35.35,15.803,19.4,2.86,1.92,
run_0344,35.0,60.0,1.8,left,near,0.5,3.00,0.0,4.0,2.5,proportional_ramp,ClearSunset,,,30.0,,True,False,full_stop,8.556,1.501,280.71,15.09,32.78,14.652,16.3,2.66,1.96,
run_0345,35.0,60.0,1.8,left,near,0.5,3.00,0.0,4.0,5.0,proportional_ramp,ClearSunset,,,30.0,,True,False,full_stop,9.778,1.588,277.76,15.28,32.78,14.652,16.3,2.66,1.82,
run_0346,35.0,60.0,1.8,left,near,0.5,3.00,0.0,4.0,2.5,step_constant,ClearSunset,,,30.0,,True,False,full_stop,10.773,1.596,300.79,15.34,32.78,14.652,16.3,2.66,1.72,
run_0347,35.0,60.0,1.8,left,near,0.5,3.00,0.0,4.0,5.0,step_constant,ClearSunset,,,30.0,,True,False,full_stop,10.773,1.596,300.79,15.34,32.78,14.652,16.3,2.66,1.72,
run_0348,35.0,60.0,1.8,left,near,0.5,3.00,0.0,4.0,2.5,cautious_ramp,ClearSunset,,,30.0,,True,False,full_stop,7.066,1.427,290.65,15.19,32.78,14.652,16.3,2.66,2.20,
run_0349,35.0,60.0,1.8,left,near,0.5,3.00,0.0,4.0,5.0,cautious_ramp,ClearSunset,,,30.0,,True,False,full_stop,7.066,1.427,290.66,15.20,32.78,14.652,16.3,2.66,2.20,
run_0350,35.0,60.0,1.8,left,near,0.5,3.00,0.0,4.0,2.5,exponential,ClearSunset,,,30.0,,True,False,full_stop,7.003,1.292,283.45,14.88,32.78,14.652,16.3,2.66,2.12,
run_0351,35.0,60.0,1.8,left,near,0.5,3.00,0.0,4.0,5.0,exponential,ClearSunset,,,30.0,,True,False,full_stop,8.782,1.528,280.54,15.15,32.78,14.652,16.3,2.66,1.94,
run_0352,35.0,60.0,1.8,left,near,0.5,3.50,0.0,4.0,2.5,proportional_ramp,ClearSunset,,,30.0,,True,False,full_stop,8.846,1.571,249.09,15.08,29.91,13.371,13.5,2.46,2.02,
run_0353,35.0,60.0,1.8,left,near,0.5,3.50,0.0,4.0,5.0,proportional_ramp,ClearSunset,,,30.0,,True,False,full_stop,10.450,1.668,271.84,15.27,29.91,13.371,13.5,2.46,1.84,
run_0354,35.0,60.0,1.8,left,near,0.5,3.50,0.0,4.0,2.5,step_constant,ClearSunset,,,30.0,,True,False,full_stop,11.676,1.681,304.49,15.29,29.91,13.371,13.5,2.46,1.70,
run_0355,35.0,60.0,1.8,left,near,0.5,3.50,0.0,4.0,5.0,step_constant,ClearSunset,,,30.0,,True,False,full_stop,11.676,1.681,304.49,15.29,29.91,13.371,13.5,2.46,1.70,
run_0356,35.0,60.0,1.8,left,near,0.5,3.50,0.0,4.0,2.5,cautious_ramp,ClearSunset,,,30.0,,True,False,full_stop,8.144,1.529,247.47,15.24,29.91,13.371,13.5,2.46,2.12,
run_0357,35.0,60.0,1.8,left,near,0.5,3.50,0.0,4.0,5.0,cautious_ramp,ClearSunset,,,30.0,,True,False,full_stop,8.278,1.544,268.73,15.28,29.91,13.371,13.5,2.46,2.10,
run_0358,35.0,60.0,1.8,left,near,0.5,3.50,0.0,4.0,2.5,exponential,ClearSunset,,,30.0,,True,False,full_stop,7.245,1.339,284.41,14.91,29.91,13.371,13.5,2.46,2.16,
run_0359,35.0,60.0,1.8,left,near,0.5,3.50,0.0,4.0,5.0,exponential,ClearSunset,,,30.0,,True,False,full_stop,9.243,1.610,251.97,15.14,29.91,13.371,13.5,2.46,1.98,
run_0360,35.0,60.0,1.8,left,far,0.5,1.80,0.0,4.0,2.5,proportional_ramp,ClearSunset,,,30.0,,True,False,full_stop,1.822,0.265,288.76,2.24,34.23,15.301,32.7,3.72,1.84,
run_0361,35.0,60.0,1.8,left,far,0.5,1.80,0.0,4.0,5.0,proportional_ramp,ClearSunset,,,30.0,,True,False,full_stop,1.827,0.267,287.84,2.24,34.23,15.301,32.7,3.72,1.82,
run_0362,35.0,60.0,1.8,left,far,0.5,1.80,0.0,4.0,2.5,step_constant,ClearSunset,,,30.0,,True,False,full_stop,1.831,0.269,270.90,2.24,34.23,15.301,32.7,3.72,1.94,
run_0363,35.0,60.0,1.8,left,far,0.5,1.80,0.0,4.0,5.0,step_constant,ClearSunset,,,30.0,,True,False,full_stop,1.831,0.269,270.90,2.24,34.23,15.301,32.7,3.72,1.94,
run_0364,35.0,60.0,1.8,left,far,0.5,1.80,0.0,4.0,2.5,cautious_ramp,ClearSunset,,,30.0,,True,False,full_stop,1.787,0.238,305.18,2.44,34.23,15.301,32.7,3.72,1.56,
run_0365,35.0,60.0,1.8,left,far,0.5,1.80,0.0,4.0,5.0,cautious_ramp,ClearSunset,,,30.0,,True,False,full_stop,1.787,0.238,305.18,2.44,34.23,15.301,32.7,3.72,1.56,
run_0366,35.0,60.0,1.8,left,far,0.5,1.80,0.0,4.0,2.5,exponential,ClearSunset,,,30.0,,True,False,full_stop,1.818,0.260,289.37,2.23,34.23,15.301,32.7,3.72,1.86,
run_0367,35.0,60.0,1.8,left,far,0.5,1.80,0.0,4.0,5.0,exponential,ClearSunset,,,30.0,,True,False,full_stop,1.822,0.265,326.59,2.27,34.23,15.301,32.7,3.72,1.84,
run_0368,35.0,60.0,1.8,left,far,0.5,2.20,0.0,4.0,2.5,proportional_ramp,ClearSunset,,,30.0,,True,False,full_stop,2.514,0.450,281.58,9.91,34.25,15.309,26.3,3.30,1.70,
run_0369,35.0,60.0,1.8,left,far,0.5,2.20,0.0,4.0,5.0,proportional_ramp,ClearSunset,,,30.0,,True,False,full_stop,2.728,0.492,293.13,9.98,34.25,15.309,26.3,3.30,1.68,
run_0370,35.0,60.0,1.8,left,far,0.5,2.20,0.0,4.0,2.5,step_constant,ClearSunset,,,30.0,,True,False,full_stop,2.949,0.533,250.90,10.05,34.25,15.309,26.3,3.30,1.64,
run_0371,35.0,60.0,1.8,left,far,0.5,2.20,0.0,4.0,5.0,step_constant,ClearSunset,,,30.0,,True,False,full_stop,2.949,0.533,250.90,10.05,34.25,15.309,26.3,3.30,1.64,
run_0372,35.0,60.0,1.8,left,far,0.5,2.20,0.0,4.0,2.5,cautious_ramp,ClearSunset,,,30.0,,True,False,full_stop,2.033,0.323,265.28,10.05,34.25,15.309,26.3,3.30,2.00,
run_0373,35.0,60.0,1.8,left,far,0.5,2.20,0.0,4.0,5.0,cautious_ramp,ClearSunset,,,30.0,,True,False,full_stop,2.033,0.323,265.28,10.05,34.25,15.309,26.3,3.30,2.00,
run_0374,35.0,60.0,1.8,left,far,0.5,2.20,0.0,4.0,2.5,exponential,ClearSunset,,,30.0,,True,False,full_stop,2.246,0.391,274.07,9.80,34.25,15.309,26.3,3.30,1.76,
run_0375,35.0,60.0,1.8,left,far,0.5,2.20,0.0,4.0,5.0,exponential,ClearSunset,,,30.0,,True,False,full_stop,2.570,0.459,297.24,9.91,34.25,15.309,26.3,3.30,1.70,
run_0376,35.0,60.0,1.8,left,far,0.5,2.60,0.0,4.0,2.5,proportional_ramp,ClearSunset,,,30.0,,True,False,full_stop,8.197,1.428,280.36,11.33,35.35,15.803,19.4,2.86,1.96,
run_0377,35.0,60.0,1.8,left,far,0.5,2.60,0.0,4.0,5.0,proportional_ramp,ClearSunset,,,30.0,,True,False,full_stop,9.248,1.510,283.93,11.45,35.35,15.803,19.4,2.86,1.82,
run_0378,35.0,60.0,1.8,left,far,0.5,2.60,0.0,4.0,2.5,step_constant,ClearSunset,,,30.0,,True,False,full_stop,10.154,1.531,269.27,11.50,35.35,15.803,19.4,2.86,1.72,
run_0379,35.0,60.0,1.8,left,far,0.5,2.60,0.0,4.0,5.0,step_constant,ClearSunset,,,30.0,,True,False,full_stop,10.154,1.531,269.27,11.50,35.35,15.803,19.4,2.86,1.72,
run_0380,35.0,60.0,1.8,left,far,0.5,2.60,0.0,4.0,2.5,cautious_ramp,ClearSunset,,,30.0,,True,False,slowed_avoided,2.483,0.314,292.18,14.54,35.35,15.803,19.4,2.86,,
run_0381,35.0,60.0,1.8,left,far,0.5,2.60,0.0,4.0,5.0,cautious_ramp,ClearSunset,,,30.0,,True,False,slowed_avoided,2.483,0.314,292.18,14.54,35.35,15.803,19.4,2.86,,
run_0382,35.0,60.0,1.8,left,far,0.5,2.60,0.0,4.0,2.5,exponential,ClearSunset,,,30.0,,True,False,full_stop,6.418,1.255,290.47,11.24,35.35,15.803,19.4,2.86,2.20,
run_0383,35.0,60.0,1.8,left,far,0.5,2.60,0.0,4.0,5.0,exponential,ClearSunset,,,30.0,,True,False,full_stop,8.464,1.448,279.24,11.37,35.35,15.803,19.4,2.86,1.92,
run_0384,35.0,60.0,1.8,left,far,0.5,3.00,0.0,4.0,2.5,proportional_ramp,ClearSunset,,,30.0,,True,False,full_stop,8.268,1.506,288.41,11.64,32.78,14.652,16.3,2.66,2.06,
run_0385,35.0,60.0,1.8,left,far,0.5,3.00,0.0,4.0,5.0,proportional_ramp,ClearSunset,,,30.0,,True,False,full_stop,9.897,1.588,277.21,11.65,32.78,14.652,16.3,2.66,1.84,
run_0386,35.0,60.0,1.8,left,far,0.5,3.00,0.0,4.0,2.5,step_constant,ClearSunset,,,30.0,,True,False,full_stop,10.928,1.596,301.85,11.70,32.78,14.652,16.3,2.66,1.72,
run_0387,35.0,60.0,1.8,left,far,0.5,3.00,0.0,4.0,5.0,step_constant,ClearSunset,,,30.0,,True,False,full_stop,10.928,1.596,301.85,11.70,32.78,14.652,16.3,2.66,1.72,
run_0388,35.0,60.0,1.8,left,far,0.5,3.00,0.0,4.0,2.5,cautious_ramp,ClearSunset,,,30.0,,True,False,slowed_avoided,2.486,0.277,51.27,8.78,32.78,14.652,16.3,2.66,,
run_0389,35.0,60.0,1.8,left,far,0.5,3.00,0.0,4.0,5.0,cautious_ramp,ClearSunset,,,30.0,,True,False,slowed_avoided,2.486,0.277,48.66,8.83,32.78,14.652,16.3,2.66,,
run_0390,35.0,60.0,1.8,left,far,0.5,3.00,0.0,4.0,2.5,exponential,ClearSunset,,,30.0,,True,False,slowed_avoided,2.485,0.289,90.82,8.77,32.78,14.652,16.3,2.66,,
run_0391,35.0,60.0,1.8,left,far,0.5,3.00,0.0,4.0,5.0,exponential,ClearSunset,,,30.0,,True,False,full_stop,8.678,1.531,285.74,11.65,32.78,14.652,16.3,2.66,2.02,
run_0392,35.0,60.0,1.8,left,far,0.5,3.50,0.0,4.0,2.5,proportional_ramp,ClearSunset,,,30.0,,True,False,slowed_avoided,2.484,0.247,47.04,8.84,29.91,13.371,13.5,2.46,,
run_0393,35.0,60.0,1.8,left,far,0.5,3.50,0.0,4.0,5.0,proportional_ramp,ClearSunset,,,30.0,,True,False,full_stop,9.693,1.679,269.73,11.76,29.91,13.371,13.5,2.46,2.04,
run_0394,35.0,60.0,1.8,left,far,0.5,3.50,0.0,4.0,2.5,step_constant,ClearSunset,,,30.0,,True,False,full_stop,12.108,1.687,303.75,11.67,29.91,13.371,13.5,2.46,1.68,
run_0395,35.0,60.0,1.8,left,far,0.5,3.50,0.0,4.0,5.0,step_constant,ClearSunset,,,30.0,,True,False,full_stop,12.108,1.687,303.75,11.67,29.91,13.371,13.5,2.46,1.68,
run_0396,35.0,60.0,1.8,left,far,0.5,3.50,0.0,4.0,2.5,cautious_ramp,ClearSunset,,,30.0,,True,False,slowed_avoided,2.482,0.237,42.56,8.31,29.91,13.371,13.5,2.46,,
run_0397,35.0,60.0,1.8,left,far,0.5,3.50,0.0,4.0,5.0,cautious_ramp,ClearSunset,,,30.0,,True,False,slowed_avoided,2.487,0.237,42.56,8.44,29.91,13.371,13.5,2.46,,
run_0398,35.0,60.0,1.8,left,far,0.5,3.50,0.0,4.0,2.5,exponential,ClearSunset,,,30.0,,True,False,slowed_avoided,2.481,0.237,42.56,8.19,29.91,13.371,13.5,2.46,,
run_0399,35.0,60.0,1.8,left,far,0.5,3.50,0.0,4.0,5.0,exponential,ClearSunset,,,30.0,,True,False,slowed_avoided,2.483,0.248,42.56,8.53,29.91,13.371,13.5,2.46,,
run_0400,35.0,120.0,1.8,left,near,0.5,1.80,0.0,4.0,2.5,proportional_ramp,ClearSunset,,,30.0,,True,True,collision,2.569,0.259,254.37,12.47,34.71,15.517,92.3,7.58,1.70,
run_0401,35.0,120.0,1.8,left,near,0.5,1.80,0.0,4.0,5.0,proportional_ramp,ClearSunset,,,30.0,,True,True,collision,2.576,0.262,250.67,12.50,34.71,15.517,92.3,7.58,1.70,
run_0402,35.0,120.0,1.8,left,near,0.5,1.80,0.0,4.0,2.5,step_constant,ClearSunset,,,30.0,,True,True,collision,2.576,0.264,259.00,12.55,34.71,15.517,92.3,7.58,1.72,
run_0403,35.0,120.0,1.8,left,near,0.5,1.80,0.0,4.0,5.0,step_constant,ClearSunset,,,30.0,,True,True,collision,2.576,0.264,259.00,12.55,34.71,15.517,92.3,7.58,1.72,
run_0404,35.0,120.0,1.8,left,near,0.5,1.80,0.0,4.0,2.5,cautious_ramp,ClearSunset,,,30.0,,True,True,collision,1.586,0.242,252.77,12.31,34.71,15.517,92.3,7.58,1.90,
run_0405,35.0,120.0,1.8,left,near,0.5,1.80,0.0,4.0,5.0,cautious_ramp,ClearSunset,,,30.0,,True,True,collision,1.586,0.242,252.77,12.31,34.71,15.517,92.3,7.58,1.90,
run_0406,35.0,120.0,1.8,left,near,0.5,1.80,0.0,4.0,2.5,exponential,ClearSunset,,,30.0,,True,True,collision,2.512,0.265,305.83,12.39,34.71,15.517,92.3,7.58,1.74,
run_0407,35.0,120.0,1.8,left,near,0.5,1.80,0.0,4.0,5.0,exponential,ClearSunset,,,30.0,,True,True,collision,2.570,0.260,254.20,12.47,34.71,15.517,92.3,7.58,1.70,
run_0408,35.0,120.0,1.8,left,near,0.5,2.20,0.0,4.0,2.5,proportional_ramp,ClearSunset,,,30.0,,True,True,collision,2.633,0.402,295.47,12.25,34.68,15.502,86.1,7.18,1.74,
run_0409,35.0,120.0,1.8,left,near,0.5,2.20,0.0,4.0,5.0,proportional_ramp,ClearSunset,,,30.0,,True,True,collision,2.653,0.423,285.78,12.36,34.68,15.502,86.1,7.18,1.72,
run_0410,35.0,120.0,1.8,left,near,0.5,2.20,0.0,4.0,2.5,step_constant,ClearSunset,,,30.0,,True,True,collision,2.680,0.468,239.48,12.47,34.68,15.502,86.1,7.18,1.68,
run_0411,35.0,120.0,1.8,left,near,0.5,2.20,0.0,4.0,5.0,step_constant,ClearSunset,,,30.0,,True,True,collision,2.680,0.468,239.48,12.47,34.68,15.502,86.1,7.18,1.68,
run_0412,35.0,120.0,1.8,left,near,0.5,2.20,0.0,4.0,2.5,cautious_ramp,ClearSunset,,,30.0,,True,True,collision,2.612,0.340,273.07,12.16,34.68,15.502,86.1,7.18,1.86,
run_0413,35.0,120.0,1.8,left,near,0.5,2.20,0.0,4.0,5.0,cautious_ramp,ClearSunset,,,30.0,,True,True,collision,2.612,0.340,273.07,12.16,34.68,15.502,86.1,7.18,1.86,
run_0414,35.0,120.0,1.8,left,near,0.5,2.20,0.0,4.0,2.5,exponential,ClearSunset,,,30.0,,True,True,collision,2.625,0.376,275.05,12.06,34.68,15.502,86.1,7.18,1.76,
run_0415,35.0,120.0,1.8,left,near,0.5,2.20,0.0,4.0,5.0,exponential,ClearSunset,,,30.0,,True,True,collision,2.635,0.411,302.45,12.88,34.68,15.502,86.1,7.18,1.74,
run_0416,35.0,120.0,1.8,left,near,0.5,2.60,0.0,4.0,2.5,proportional_ramp,ClearSunset,,,30.0,,True,False,full_stop,7.623,1.372,283.16,11.95,34.64,15.486,79.9,6.78,2.00,
run_0417,35.0,120.0,1.8,left,near,0.5,2.60,0.0,4.0,5.0,proportional_ramp,ClearSunset,,,30.0,,True,False,full_stop,8.640,1.467,288.36,12.08,34.64,15.486,79.9,6.78,1.88,
run_0418,35.0,120.0,1.8,left,near,0.5,2.60,0.0,4.0,2.5,step_constant,ClearSunset,,,30.0,,True,False,full_stop,9.454,1.502,269.51,12.13,34.64,15.486,79.9,6.78,1.78,
run_0419,35.0,120.0,1.8,left,near,0.5,2.60,0.0,4.0,5.0,step_constant,ClearSunset,,,30.0,,True,False,full_stop,9.454,1.502,269.51,12.13,34.64,15.486,79.9,6.78,1.78,
run_0420,35.0,120.0,1.8,left,near,0.5,2.60,0.0,4.0,2.5,cautious_ramp,ClearSunset,,,30.0,,True,False,full_stop,6.310,1.213,288.67,12.17,34.64,15.486,79.9,6.78,2.18,
run_0421,35.0,120.0,1.8,left,near,0.5,2.60,0.0,4.0,5.0,cautious_ramp,ClearSunset,,,30.0,,True,False,full_stop,6.310,1.213,288.67,12.17,34.64,15.486,79.9,6.78,2.18,
run_0422,35.0,120.0,1.8,left,near,0.5,2.60,0.0,4.0,2.5,exponential,ClearSunset,,,30.0,,True,False,full_stop,6.309,1.154,278.72,11.73,34.64,15.486,79.9,6.78,2.10,
run_0423,35.0,120.0,1.8,left,near,0.5,2.60,0.0,4.0,5.0,exponential,ClearSunset,,,30.0,,True,False,full_stop,7.833,1.395,278.36,12.01,34.64,15.486,79.9,6.78,1.96,
run_0424,35.0,120.0,1.8,left,near,0.5,3.00,0.0,4.0,2.5,proportional_ramp,ClearSunset,,,30.0,,True,False,full_stop,7.304,1.296,283.35,11.91,34.60,15.470,73.7,6.38,1.98,
run_0425,35.0,120.0,1.8,left,near,0.5,3.00,0.0,4.0,5.0,proportional_ramp,ClearSunset,,,30.0,,True,False,full_stop,8.174,1.399,298.30,12.03,34.60,15.470,73.7,6.38,1.88,
run_0426,35.0,120.0,1.8,left,near,0.5,3.00,0.0,4.0,2.5,step_constant,ClearSunset,,,30.0,,True,False,full_stop,8.985,1.453,268.87,12.10,34.60,15.470,73.7,6.38,1.78,
run_0427,35.0,120.0,1.8,left,near,0.5,3.00,0.0,4.0,5.0,step_constant,ClearSunset,,,30.0,,True,False,full_stop,8.985,1.453,268.87,12.10,34.60,15.470,73.7,6.38,1.78,
run_0428,35.0,120.0,1.8,left,near,0.5,3.00,0.0,4.0,2.5,cautious_ramp,ClearSunset,,,30.0,,True,False,full_stop,5.715,1.108,288.65,12.11,34.60,15.470,73.7,6.38,2.20,
run_0429,35.0,120.0,1.8,left,near,0.5,3.00,0.0,4.0,5.0,cautious_ramp,ClearSunset,,,30.0,,True,False,full_stop,5.715,1.108,288.65,12.11,34.60,15.470,73.7,6.38,2.20,
run_0430,35.0,120.0,1.8,left,near,0.5,3.00,0.0,4.0,2.5,exponential,ClearSunset,,,30.0,,True,False,full_stop,6.089,1.102,278.78,11.70,34.60,15.470,73.7,6.38,2.08,
run_0431,35.0,120.0,1.8,left,near,0.5,3.00,0.0,4.0,5.0,exponential,ClearSunset,,,30.0,,True,False,full_stop,7.374,1.318,277.35,11.94,34.60,15.470,73.7,6.38,1.96,
run_0432,35.0,120.0,1.8,left,near,0.5,3.50,0.0,4.0,2.5,proportional_ramp,ClearSunset,,,30.0,,True,False,full_stop,10.930,1.858,267.04,12.50,34.56,15.449,66.0,5.88,2.44,
run_0433,35.0,120.0,1.8,left,near,0.5,3.50,0.0,4.0,5.0,proportional_ramp,ClearSunset,,,30.0,,True,False,full_stop,13.198,2.019,301.04,12.12,34.56,15.449,66.0,5.88,2.22,
run_0434,35.0,120.0,1.8,left,near,0.5,3.50,0.0,4.0,2.5,step_constant,ClearSunset,,,30.0,,True,False,full_stop,14.053,2.019,279.17,12.09,34.56,15.449,66.0,5.88,2.08,
run_0435,35.0,120.0,1.8,left,near,0.5,3.50,0.0,4.0,5.0,step_constant,ClearSunset,,,30.0,,True,False,full_stop,14.053,2.019,279.17,12.09,34.56,15.449,66.0,5.88,2.08,
run_0436,35.0,120.0,1.8,left,near,0.5,3.50,0.0,4.0,2.5,cautious_ramp,ClearSunset,,,30.0,,True,False,full_stop,10.719,1.858,255.11,12.50,34.56,15.449,66.0,5.88,2.48,
run_0437,35.0,120.0,1.8,left,near,0.5,3.50,0.0,4.0,5.0,cautious_ramp,ClearSunset,,,30.0,,True,False,full_stop,12.191,2.019,269.43,12.12,34.56,15.449,66.0,5.88,2.36,
run_0438,35.0,120.0,1.8,left,near,0.5,3.50,0.0,4.0,2.5,exponential,ClearSunset,,,30.0,,True,False,full_stop,9.129,1.724,301.90,12.25,34.56,15.449,66.0,5.88,2.66,
run_0439,35.0,120.0,1.8,left,near,0.5,3.50,0.0,4.0,5.0,exponential,ClearSunset,,,30.0,,True,False,full_stop,12.280,2.009,263.41,12.06,34.56,15.449,66.0,5.88,2.34,
run_0440,35.0,120.0,1.8,left,far,0.5,1.80,0.0,4.0,2.5,proportional_ramp,ClearSunset,,,30.0,,True,False,full_stop,1.605,0.212,339.82,3.59,34.71,15.517,92.3,7.58,1.82,
run_0441,35.0,120.0,1.8,left,far,0.5,1.80,0.0,4.0,5.0,proportional_ramp,ClearSunset,,,30.0,,True,False,full_stop,1.784,0.243,330.78,2.65,34.71,15.517,92.3,7.58,1.60,
run_0442,35.0,120.0,1.8,left,far,0.5,1.80,0.0,4.0,2.5,step_constant,ClearSunset,,,30.0,,True,False,full_stop,1.781,0.243,329.37,2.69,34.71,15.517,92.3,7.58,1.60,
run_0443,35.0,120.0,1.8,left,far,0.5,1.80,0.0,4.0,5.0,step_constant,ClearSunset,,,30.0,,True,False,full_stop,1.781,0.243,329.37,2.69,34.71,15.517,92.3,7.58,1.60,
run_0444,35.0,120.0,1.8,left,far,0.5,1.80,0.0,4.0,2.5,cautious_ramp,ClearSunset,,,30.0,,True,False,slowed_avoided,1.521,0.182,213.60,3.93,34.71,15.517,92.3,7.58,,
run_0445,35.0,120.0,1.8,left,far,0.5,1.80,0.0,4.0,5.0,cautious_ramp,ClearSunset,,,30.0,,True,False,full_stop,1.521,0.182,362.65,3.97,34.71,15.517,92.3,7.58,2.04,
run_0446,35.0,120.0,1.8,left,far,0.5,1.80,0.0,4.0,2.5,exponential,ClearSunset,,,30.0,,True,False,full_stop,1.615,0.213,481.64,3.79,34.71,15.517,92.3,7.58,1.88,
run_0447,35.0,120.0,1.8,left,far,0.5,1.80,0.0,4.0,5.0,exponential,ClearSunset,,,30.0,,True,False,full_stop,1.605,0.212,377.45,3.58,34.71,15.517,92.3,7.58,1.80,
run_0448,35.0,120.0,1.8,left,far,0.5,2.20,0.0,4.0,2.5,proportional_ramp,ClearSunset,,,30.0,,True,False,full_stop,2.396,0.423,290.12,9.24,34.68,15.502,86.1,7.18,1.76,
run_0449,35.0,120.0,1.8,left,far,0.5,2.20,0.0,4.0,5.0,proportional_ramp,ClearSunset,,,30.0,,True,False,full_stop,2.602,0.466,299.49,9.31,34.68,15.502,86.1,7.18,1.72,
run_0450,35.0,120.0,1.8,left,far,0.5,2.20,0.0,4.0,2.5,step_constant,ClearSunset,,,30.0,,True,False,full_stop,2.830,0.511,250.48,9.39,34.68,15.502,86.1,7.18,1.68,
run_0451,35.0,120.0,1.8,left,far,0.5,2.20,0.0,4.0,5.0,step_constant,ClearSunset,,,30.0,,True,False,full_stop,2.830,0.511,250.48,9.39,34.68,15.502,86.1,7.18,1.68,
run_0452,35.0,120.0,1.8,left,far,0.5,2.20,0.0,4.0,2.5,cautious_ramp,ClearSunset,,,30.0,,True,False,full_stop,1.996,0.306,268.59,9.47,34.68,15.502,86.1,7.18,2.14,
run_0453,35.0,120.0,1.8,left,far,0.5,2.20,0.0,4.0,5.0,cautious_ramp,ClearSunset,,,30.0,,True,False,full_stop,1.996,0.306,268.59,9.47,34.68,15.502,86.1,7.18,2.14,
run_0454,35.0,120.0,1.8,left,far,0.5,2.20,0.0,4.0,2.5,exponential,ClearSunset,,,30.0,,True,False,full_stop,2.141,0.364,275.55,9.17,34.68,15.502,86.1,7.18,1.82,
run_0455,35.0,120.0,1.8,left,far,0.5,2.20,0.0,4.0,5.0,exponential,ClearSunset,,,30.0,,True,False,full_stop,2.441,0.434,257.99,9.69,34.68,15.502,86.1,7.18,1.74,
run_0456,35.0,120.0,1.8,left,far,0.5,2.60,0.0,4.0,2.5,proportional_ramp,ClearSunset,,,30.0,,True,False,full_stop,7.909,1.384,278.82,9.13,34.64,15.486,79.9,6.78,1.98,
run_0457,35.0,120.0,1.8,left,far,0.5,2.60,0.0,4.0,5.0,proportional_ramp,ClearSunset,,,30.0,,True,False,full_stop,8.826,1.470,287.94,9.21,34.64,15.486,79.9,6.78,1.88,
run_0458,35.0,120.0,1.8,left,far,0.5,2.60,0.0,4.0,2.5,step_constant,ClearSunset,,,30.0,,True,False,full_stop,9.593,1.502,307.19,9.25,34.64,15.486,79.9,6.78,1.78,
run_0459,35.0,120.0,1.8,left,far,0.5,2.60,0.0,4.0,5.0,step_constant,ClearSunset,,,30.0,,True,False,full_stop,9.593,1.502,307.19,9.25,34.64,15.486,79.9,6.78,1.78,
run_0460,35.0,120.0,1.8,left,far,0.5,2.60,0.0,4.0,2.5,cautious_ramp,ClearSunset,,,30.0,,True,False,full_stop,6.178,1.253,286.73,9.30,34.64,15.486,79.9,6.78,2.28,
run_0461,35.0,120.0,1.8,left,far,0.5,2.60,0.0,4.0,5.0,cautious_ramp,ClearSunset,,,30.0,,True,False,full_stop,6.178,1.253,286.73,9.30,34.64,15.486,79.9,6.78,2.28,
run_0462,35.0,120.0,1.8,left,far,0.5,2.60,0.0,4.0,2.5,exponential,ClearSunset,,,30.0,,True,False,full_stop,6.438,1.184,283.13,8.99,34.64,15.486,79.9,6.78,2.16,
run_0463,35.0,120.0,1.8,left,far,0.5,2.60,0.0,4.0,5.0,exponential,ClearSunset,,,30.0,,True,False,full_stop,8.077,1.404,278.46,9.16,34.64,15.486,79.9,6.78,1.96,
run_0464,35.0,120.0,1.8,left,far,0.5,3.00,0.0,4.0,2.5,proportional_ramp,ClearSunset,,,30.0,,True,False,slowed_avoided,2.483,0.312,42.80,5.94,34.60,15.470,73.7,6.38,,
run_0465,35.0,120.0,1.8,left,far,0.5,3.00,0.0,4.0,5.0,proportional_ramp,ClearSunset,,,30.0,,True,False,full_stop,7.184,1.385,290.22,9.42,34.60,15.470,73.7,6.38,2.08,
run_0466,35.0,120.0,1.8,left,far,0.5,3.00,0.0,4.0,2.5,step_constant,ClearSunset,,,30.0,,True,False,full_stop,8.677,1.423,283.11,9.29,34.60,15.470,73.7,6.38,1.86,
run_0467,35.0,120.0,1.8,left,far,0.5,3.00,0.0,4.0,5.0,step_constant,ClearSunset,,,30.0,,True,False,full_stop,8.677,1.423,283.11,9.29,34.60,15.470,73.7,6.38,1.86,
run_0468,35.0,120.0,1.8,left,far,0.5,3.00,0.0,4.0,2.5,cautious_ramp,ClearSunset,,,30.0,,True,False,slowed_avoided,2.484,0.277,42.62,5.98,34.60,15.470,73.7,6.38,,
run_0469,35.0,120.0,1.8,left,far,0.5,3.00,0.0,4.0,5.0,cautious_ramp,ClearSunset,,,30.0,,True,False,slowed_avoided,2.484,0.277,42.62,5.98,34.60,15.470,73.7,6.38,,
run_0470,35.0,120.0,1.8,left,far,0.5,3.00,0.0,4.0,2.5,exponential,ClearSunset,,,30.0,,True,False,slowed_avoided,2.483,0.298,42.62,5.77,34.60,15.470,73.7,6.38,,
run_0471,35.0,120.0,1.8,left,far,0.5,3.00,0.0,4.0,5.0,exponential,ClearSunset,,,30.0,,True,False,slowed_avoided,2.485,0.315,42.65,6.06,34.60,15.470,73.7,6.38,,
run_0472,35.0,120.0,1.8,left,far,0.5,3.50,0.0,4.0,2.5,proportional_ramp,ClearSunset,,,30.0,,True,False,slowed_avoided,2.483,0.178,42.75,5.78,34.56,15.449,66.0,5.88,,
run_0473,35.0,120.0,1.8,left,far,0.5,3.50,0.0,4.0,5.0,proportional_ramp,ClearSunset,,,30.0,,True,False,slowed_avoided,2.494,0.185,83.39,6.65,34.56,15.449,66.0,5.88,,
run_0474,35.0,120.0,1.8,left,far,0.5,3.50,0.0,4.0,2.5,step_constant,ClearSunset,,,30.0,,True,False,full_stop,16.509,2.146,276.13,9.12,34.56,15.449,66.0,5.88,1.90,
run_0475,35.0,120.0,1.8,left,far,0.5,3.50,0.0,4.0,5.0,step_constant,ClearSunset,,,30.0,,True,False,full_stop,16.509,2.146,276.13,9.12,34.56,15.449,66.0,5.88,1.90,
run_0476,35.0,120.0,1.8,left,far,0.5,3.50,0.0,4.0,2.5,cautious_ramp,ClearSunset,,,30.0,,True,False,slowed_avoided,2.483,0.178,42.75,5.78,34.56,15.449,66.0,5.88,,
run_0477,35.0,120.0,1.8,left,far,0.5,3.50,0.0,4.0,5.0,cautious_ramp,ClearSunset,,,30.0,,True,False,slowed_avoided,2.483,0.179,42.85,5.90,34.56,15.449,66.0,5.88,,
run_0478,35.0,120.0,1.8,left,far,0.5,3.50,0.0,4.0,2.5,exponential,ClearSunset,,,30.0,,True,False,slowed_avoided,2.483,0.171,42.73,5.57,34.56,15.449,66.0,5.88,,
run_0479,35.0,120.0,1.8,left,far,0.5,3.50,0.0,4.0,5.0,exponential,ClearSunset,,,30.0,,True,False,slowed_avoided,2.488,0.180,42.79,5.92,34.56,15.449,66.0,5.88,,
run_0480,40.0,60.0,1.8,left,near,0.5,1.80,0.0,4.0,2.5,proportional_ramp,ClearSunset,,,30.0,,True,True,collision,2.586,0.276,306.22,15.37,41.07,18.361,27.3,3.32,1.94,
run_0481,40.0,60.0,1.8,left,near,0.5,1.80,0.0,4.0,5.0,proportional_ramp,ClearSunset,,,30.0,,True,True,collision,2.587,0.284,254.08,15.39,41.07,18.361,27.3,3.32,1.90,
run_0482,40.0,60.0,1.8,left,near,0.5,1.80,0.0,4.0,2.5,step_constant,ClearSunset,,,30.0,,True,True,collision,2.589,0.287,292.20,14.63,41.07,18.361,27.3,3.32,1.92,
run_0483,40.0,60.0,1.8,left,near,0.5,1.80,0.0,4.0,5.0,step_constant,ClearSunset,,,30.0,,True,True,collision,2.589,0.287,292.20,14.63,41.07,18.361,27.3,3.32,1.92,
run_0484,40.0,60.0,1.8,left,near,0.5,1.80,0.0,4.0,2.5,cautious_ramp,ClearSunset,,,30.0,,True,True,collision,2.568,0.253,297.91,15.17,41.07,18.361,27.3,3.32,2.08,
run_0485,40.0,60.0,1.8,left,near,0.5,1.80,0.0,4.0,5.0,cautious_ramp,ClearSunset,,,30.0,,True,True,collision,2.568,0.253,297.91,15.17,41.07,18.361,27.3,3.32,2.08,
run_0486,40.0,60.0,1.8,left,near,0.5,1.80,0.0,4.0,2.5,exponential,ClearSunset,,,30.0,,True,True,collision,2.580,0.272,248.23,15.20,41.07,18.361,27.3,3.32,1.94,
run_0487,40.0,60.0,1.8,left,near,0.5,1.80,0.0,4.0,5.0,exponential,ClearSunset,,,30.0,,True,True,collision,2.586,0.277,273.24,15.35,41.07,18.361,27.3,3.32,1.96,
run_0488,40.0,60.0,1.8,left,near,0.5,2.20,0.0,4.0,2.5,proportional_ramp,ClearSunset,,,30.0,,True,True,collision,2.595,0.295,306.83,16.63,38.44,17.182,22.7,3.06,1.92,
run_0489,40.0,60.0,1.8,left,near,0.5,2.20,0.0,4.0,5.0,proportional_ramp,ClearSunset,,,30.0,,True,True,collision,2.597,0.303,262.15,16.03,38.44,17.182,22.7,3.06,1.88,
run_0490,40.0,60.0,1.8,left,near,0.5,2.20,0.0,4.0,2.5,step_constant,ClearSunset,,,30.0,,True,True,collision,2.602,0.307,261.44,15.34,38.44,17.182,22.7,3.06,1.90,
run_0491,40.0,60.0,1.8,left,near,0.5,2.20,0.0,4.0,5.0,step_constant,ClearSunset,,,30.0,,True,True,collision,2.602,0.307,261.44,15.34,38.44,17.182,22.7,3.06,1.90,
run_0492,40.0,60.0,1.8,left,near,0.5,2.20,0.0,4.0,2.5,cautious_ramp,ClearSunset,,,30.0,,True,True,collision,2.578,0.261,227.20,14.94,38.44,17.182,22.7,3.06,2.08,
run_0493,40.0,60.0,1.8,left,near,0.5,2.20,0.0,4.0,5.0,cautious_ramp,ClearSunset,,,30.0,,True,True,collision,2.578,0.261,227.20,14.94,38.44,17.182,22.7,3.06,2.08,
run_0494,40.0,60.0,1.8,left,near,0.5,2.20,0.0,4.0,2.5,exponential,ClearSunset,,,30.0,,True,True,collision,2.590,0.286,260.39,15.96,38.44,17.182,22.7,3.06,1.92,
run_0495,40.0,60.0,1.8,left,near,0.5,2.20,0.0,4.0,5.0,exponential,ClearSunset,,,30.0,,True,True,collision,2.596,0.296,312.41,15.88,38.44,17.182,22.7,3.06,1.92,
run_0496,40.0,60.0,1.8,left,near,0.5,2.60,0.0,4.0,2.5,proportional_ramp,ClearSunset,,,30.0,,True,False,full_stop,5.151,0.932,296.41,14.11,35.33,15.795,19.1,2.84,2.02,
run_0497,40.0,60.0,1.8,left,near,0.5,2.60,0.0,4.0,5.0,proportional_ramp,ClearSunset,,,30.0,,True,False,full_stop,5.823,1.040,294.48,14.27,35.33,15.795,19.1,2.84,1.96,
run_0498,40.0,60.0,1.8,left,near,0.5,2.60,0.0,4.0,2.5,step_constant,ClearSunset,,,30.0,,True,False,full_stop,6.481,1.140,277.21,14.36,35.33,15.795,19.1,2.84,1.88,
run_0499,40.0,60.0,1.8,left,near,0.5,2.60,0.0,4.0,5.0,step_constant,ClearSunset,,,30.0,,True,False,full_stop,6.481,1.140,277.21,14.36,35.33,15.795,19.1,2.84,1.88,
run_0500,40.0,60.0,1.8,left,near,0.5,2.60,0.0,4.0,2.5,cautious_ramp,ClearSunset,,,30.0,,True,False,full_stop,3.630,0.684,302.25,14.32,35.33,15.795,19.1,2.84,2.18,
run_0501,40.0,60.0,1.8,left,near,0.5,2.60,0.0,4.0,5.0,cautious_ramp,ClearSunset,,,30.0,,True,False,full_stop,3.630,0.684,302.25,14.32,35.33,15.795,19.1,2.84,2.18,
run_0502,40.0,60.0,1.8,left,near,0.5,2.60,0.0,4.0,2.5,exponential,ClearSunset,,,30.0,,True,False,full_stop,4.118,0.762,302.11,13.80,35.33,15.795,19.1,2.84,2.10,
run_0503,40.0,60.0,1.8,left,near,0.5,2.60,0.0,4.0,5.0,exponential,ClearSunset,,,30.0,,True,False,full_stop,5.323,0.953,304.33,14.15,35.33,15.795,19.1,2.84,2.00,
run_0504,40.0,60.0,1.8,left,near,0.5,3.00,0.0,4.0,2.5,proportional_ramp,ClearSunset,,,30.0,,True,False,full_stop,5.685,1.019,292.85,13.71,32.78,14.652,16.3,2.66,2.06,
run_0505,40.0,60.0,1.8,left,near,0.5,3.00,0.0,4.0,5.0,proportional_ramp,ClearSunset,,,30.0,,True,False,full_stop,6.296,1.116,293.97,13.84,32.78,14.652,16.3,2.66,2.00,
run_0506,40.0,60.0,1.8,left,near,0.5,3.00,0.0,4.0,2.5,step_constant,ClearSunset,,,30.0,,True,False,full_stop,6.978,1.204,269.40,13.92,32.78,14.652,16.3,2.66,1.92,
run_0507,40.0,60.0,1.8,left,near,0.5,3.00,0.0,4.0,5.0,step_constant,ClearSunset,,,30.0,,True,False,full_stop,6.978,1.204,269.40,13.92,32.78,14.652,16.3,2.66,1.92,
run_0508,40.0,60.0,1.8,left,near,0.5,3.00,0.0,4.0,2.5,cautious_ramp,ClearSunset,,,30.0,,True,False,full_stop,3.968,0.769,268.67,13.94,32.78,14.652,16.3,2.66,2.26,
run_0509,40.0,60.0,1.8,left,near,0.5,3.00,0.0,4.0,5.0,cautious_ramp,ClearSunset,,,30.0,,True,False,full_stop,3.968,0.769,268.67,13.94,32.78,14.652,16.3,2.66,2.26,
run_0510,40.0,60.0,1.8,left,near,0.5,3.00,0.0,4.0,2.5,exponential,ClearSunset,,,30.0,,True,False,full_stop,4.736,0.863,299.62,13.50,32.78,14.652,16.3,2.66,2.14,
run_0511,40.0,60.0,1.8,left,near,0.5,3.00,0.0,4.0,5.0,exponential,ClearSunset,,,30.0,,True,False,full_stop,5.735,1.033,287.53,13.74,32.78,14.652,16.3,2.66,2.06,
run_0512,40.0,60.0,1.8,left,near,0.5,3.50,0.0,4.0,2.5,proportional_ramp,ClearSunset,,,30.0,,True,False,full_stop,4.704,0.859,297.74,14.39,29.91,13.371,13.5,2.46,2.00,
run_0513,40.0,60.0,1.8,left,near,0.5,3.50,0.0,4.0,5.0,proportional_ramp,ClearSunset,,,30.0,,True,False,full_stop,5.435,0.978,293.68,14.59,29.91,13.371,13.5,2.46,1.94,
run_0514,40.0,60.0,1.8,left,near,0.5,3.50,0.0,4.0,2.5,step_constant,ClearSunset,,,30.0,,True,False,full_stop,6.072,1.074,279.63,14.68,29.91,13.371,13.5,2.46,1.86,
run_0515,40.0,60.0,1.8,left,near,0.5,3.50,0.0,4.0,5.0,step_constant,ClearSunset,,,30.0,,True,False,full_stop,6.072,1.074,279.63,14.68,29.91,13.371,13.5,2.46,1.86,
run_0516,40.0,60.0,1.8,left,near,0.5,3.50,0.0,4.0,2.5,cautious_ramp,ClearSunset,,,30.0,,True,False,full_stop,3.118,0.604,248.34,14.56,29.91,13.371,13.5,2.46,2.16,
run_0517,40.0,60.0,1.8,left,near,0.5,3.50,0.0,4.0,5.0,cautious_ramp,ClearSunset,,,30.0,,True,False,full_stop,3.118,0.604,248.34,14.56,29.91,13.371,13.5,2.46,2.16,
run_0518,40.0,60.0,1.8,left,near,0.5,3.50,0.0,4.0,2.5,exponential,ClearSunset,,,30.0,,True,False,full_stop,3.617,0.682,301.93,14.09,29.91,13.371,13.5,2.46,2.08,
run_0519,40.0,60.0,1.8,left,near,0.5,3.50,0.0,4.0,5.0,exponential,ClearSunset,,,30.0,,True,False,full_stop,4.879,0.881,305.43,14.43,29.91,13.371,13.5,2.46,1.98,
run_0520,40.0,60.0,1.8,left,far,0.5,1.80,0.0,4.0,2.5,proportional_ramp,ClearSunset,,,30.0,,True,False,slowed_avoided,1.792,0.230,44.21,2.24,41.07,18.361,27.3,3.32,,
run_0521,40.0,60.0,1.8,left,far,0.5,1.80,0.0,4.0,5.0,proportional_ramp,ClearSunset,,,30.0,,True,False,slowed_avoided,1.799,0.235,42.63,2.22,41.07,18.361,27.3,3.32,,
run_0522,40.0,60.0,1.8,left,far,0.5,1.80,0.0,4.0,2.5,step_constant,ClearSunset,,,30.0,,True,False,slowed_avoided,1.803,0.240,233.69,3.40,41.07,18.361,27.3,3.32,,
run_0523,40.0,60.0,1.8,left,far,0.5,1.80,0.0,4.0,5.0,step_constant,ClearSunset,,,30.0,,True,False,slowed_avoided,1.803,0.240,233.69,3.40,41.07,18.361,27.3,3.32,,
run_0524,40.0,60.0,1.8,left,far,0.5,1.80,0.0,4.0,2.5,cautious_ramp,ClearSunset,,,30.0,,True,False,full_stop,1.754,0.197,221.28,2.44,41.07,18.361,27.3,3.32,1.92,
run_0525,40.0,60.0,1.8,left,far,0.5,1.80,0.0,4.0,5.0,cautious_ramp,ClearSunset,,,30.0,,True,False,full_stop,1.754,0.197,221.28,2.44,41.07,18.361,27.3,3.32,1.92,
run_0526,40.0,60.0,1.8,left,far,0.5,1.80,0.0,4.0,2.5,exponential,ClearSunset,,,30.0,,True,False,slowed_avoided,1.793,0.229,99.07,2.32,41.07,18.361,27.3,3.32,,
run_0527,40.0,60.0,1.8,left,far,0.5,1.80,0.0,4.0,5.0,exponential,ClearSunset,,,30.0,,True,False,slowed_avoided,1.792,0.230,44.37,2.24,41.07,18.361,27.3,3.32,,
run_0528,40.0,60.0,1.8,left,far,0.5,2.20,0.0,4.0,2.5,proportional_ramp,ClearSunset,,,30.0,,True,False,full_stop,1.539,0.191,359.04,17.34,38.44,17.182,22.7,3.06,2.16,
run_0529,40.0,60.0,1.8,left,far,0.5,2.20,0.0,4.0,5.0,proportional_ramp,ClearSunset,,,30.0,,True,False,full_stop,1.588,0.199,325.06,17.88,38.44,17.182,22.7,3.06,2.14,
run_0530,40.0,60.0,1.8,left,far,0.5,2.20,0.0,4.0,2.5,step_constant,ClearSunset,,,30.0,,True,False,slowed_avoided,1.615,0.216,452.01,18.19,38.44,17.182,22.7,3.06,,
run_0531,40.0,60.0,1.8,left,far,0.5,2.20,0.0,4.0,5.0,step_constant,ClearSunset,,,30.0,,True,False,slowed_avoided,1.615,0.216,452.01,18.19,38.44,17.182,22.7,3.06,,
run_0532,40.0,60.0,1.8,left,far,0.5,2.20,0.0,4.0,2.5,cautious_ramp,ClearSunset,,,30.0,,True,False,full_stop,1.740,0.195,248.99,11.95,38.44,17.182,22.7,3.06,1.94,
run_0533,40.0,60.0,1.8,left,far,0.5,2.20,0.0,4.0,5.0,cautious_ramp,ClearSunset,,,30.0,,True,False,full_stop,1.740,0.195,248.99,11.95,38.44,17.182,22.7,3.06,1.94,
run_0534,40.0,60.0,1.8,left,far,0.5,2.20,0.0,4.0,2.5,exponential,ClearSunset,,,30.0,,True,False,full_stop,1.563,0.185,380.34,16.08,38.44,17.182,22.7,3.06,2.08,
run_0535,40.0,60.0,1.8,left,far,0.5,2.20,0.0,4.0,5.0,exponential,ClearSunset,,,30.0,,True,False,full_stop,1.568,0.193,358.45,16.94,38.44,17.182,22.7,3.06,2.10,
run_0536,40.0,60.0,1.8,left,far,0.5,2.60,0.0,4.0,2.5,proportional_ramp,ClearSunset,,,30.0,,True,False,full_stop,5.518,0.964,297.70,10.76,35.33,15.795,19.1,2.84,2.02,
run_0537,40.0,60.0,1.8,left,far,0.5,2.60,0.0,4.0,5.0,proportional_ramp,ClearSunset,,,30.0,,True,False,full_stop,6.118,1.066,294.87,10.89,35.33,15.795,19.1,2.84,1.96,
run_0538,40.0,60.0,1.8,left,far,0.5,2.60,0.0,4.0,2.5,step_constant,ClearSunset,,,30.0,,True,False,full_stop,6.715,1.154,277.69,10.95,35.33,15.795,19.1,2.84,1.88,
run_0539,40.0,60.0,1.8,left,far,0.5,2.60,0.0,4.0,5.0,step_constant,ClearSunset,,,30.0,,True,False,full_stop,6.715,1.154,277.69,10.95,35.33,15.795,19.1,2.84,1.88,
run_0540,40.0,60.0,1.8,left,far,0.5,2.60,0.0,4.0,2.5,cautious_ramp,ClearSunset,,,30.0,,True,False,slowed_avoided,2.484,0.510,57.19,7.29,35.33,15.795,19.1,2.84,,
run_0541,40.0,60.0,1.8,left,far,0.5,2.60,0.0,4.0,5.0,cautious_ramp,ClearSunset,,,30.0,,True,False,slowed_avoided,2.484,0.510,57.19,7.29,35.33,15.795,19.1,2.84,,
run_0542,40.0,60.0,1.8,left,far,0.5,2.60,0.0,4.0,2.5,exponential,ClearSunset,,,30.0,,True,False,full_stop,4.628,0.808,304.14,10.55,35.33,15.795,19.1,2.84,2.10,
run_0543,40.0,60.0,1.8,left,far,0.5,2.60,0.0,4.0,5.0,exponential,ClearSunset,,,30.0,,True,False,full_stop,5.584,0.981,289.60,10.80,35.33,15.795,19.1,2.84,2.02,
run_0544,40.0,60.0,1.8,left,far,0.5,3.00,0.0,4.0,2.5,proportional_ramp,ClearSunset,,,30.0,,True,False,full_stop,5.750,1.055,279.76,10.53,32.78,14.652,16.3,2.66,2.12,
run_0545,40.0,60.0,1.8,left,far,0.5,3.00,0.0,4.0,5.0,proportional_ramp,ClearSunset,,,30.0,,True,False,full_stop,6.575,1.147,279.55,10.57,32.78,14.652,16.3,2.66,2.00,
run_0546,40.0,60.0,1.8,left,far,0.5,3.00,0.0,4.0,2.5,step_constant,ClearSunset,,,30.0,,True,False,full_stop,7.270,1.217,269.40,10.62,32.78,14.652,16.3,2.66,1.92,
run_0547,40.0,60.0,1.8,left,far,0.5,3.00,0.0,4.0,5.0,step_constant,ClearSunset,,,30.0,,True,False,full_stop,7.270,1.217,269.40,10.62,32.78,14.652,16.3,2.66,1.92,
run_0548,40.0,60.0,1.8,left,far,0.5,3.00,0.0,4.0,2.5,cautious_ramp,ClearSunset,,,30.0,,True,False,slowed_avoided,2.481,0.448,51.91,7.03,32.78,14.652,16.3,2.66,,
run_0549,40.0,60.0,1.8,left,far,0.5,3.00,0.0,4.0,5.0,cautious_ramp,ClearSunset,,,30.0,,True,False,slowed_avoided,2.481,0.448,51.91,7.03,32.78,14.652,16.3,2.66,,
run_0550,40.0,60.0,1.8,left,far,0.5,3.00,0.0,4.0,2.5,exponential,ClearSunset,,,30.0,,True,False,full_stop,4.537,0.886,285.80,10.49,32.78,14.652,16.3,2.66,2.28,
run_0551,40.0,60.0,1.8,left,far,0.5,3.00,0.0,4.0,5.0,exponential,ClearSunset,,,30.0,,True,False,full_stop,5.887,1.070,278.91,10.53,32.78,14.652,16.3,2.66,2.10,
run_0552,40.0,60.0,1.8,left,far,0.5,3.50,0.0,4.0,2.5,proportional_ramp,ClearSunset,,,30.0,,True,False,full_stop,4.028,0.836,293.59,11.27,29.91,13.371,13.5,2.46,2.24,
run_0553,40.0,60.0,1.8,left,far,0.5,3.50,0.0,4.0,5.0,proportional_ramp,ClearSunset,,,30.0,,True,False,full_stop,4.986,0.988,289.02,11.40,29.91,13.371,13.5,2.46,2.10,
run_0554,40.0,60.0,1.8,left,far,0.5,3.50,0.0,4.0,2.5,step_constant,ClearSunset,,,30.0,,True,False,full_stop,5.901,1.128,266.55,11.36,29.91,13.371,13.5,2.46,1.98,
run_0555,40.0,60.0,1.8,left,far,0.5,3.50,0.0,4.0,5.0,step_constant,ClearSunset,,,30.0,,True,False,full_stop,5.901,1.128,266.55,11.36,29.91,13.371,13.5,2.46,1.98,
run_0556,40.0,60.0,1.8,left,far,0.5,3.50,0.0,4.0,2.5,cautious_ramp,ClearSunset,,,30.0,,True,False,slowed_avoided,2.483,0.397,42.63,7.33,29.91,13.371,13.5,2.46,,
run_0557,40.0,60.0,1.8,left,far,0.5,3.50,0.0,4.0,5.0,cautious_ramp,ClearSunset,,,30.0,,True,False,slowed_avoided,2.483,0.397,42.63,7.33,29.91,13.371,13.5,2.46,,
run_0558,40.0,60.0,1.8,left,far,0.5,3.50,0.0,4.0,2.5,exponential,ClearSunset,,,30.0,,True,False,slowed_avoided,2.482,0.491,71.77,6.31,29.91,13.371,13.5,2.46,,
run_0559,40.0,60.0,1.8,left,far,0.5,3.50,0.0,4.0,5.0,exponential,ClearSunset,,,30.0,,True,False,full_stop,4.153,0.861,255.81,11.24,29.91,13.371,13.5,2.46,2.22,
run_0560,40.0,120.0,1.8,left,near,0.5,1.80,0.0,4.0,2.5,proportional_ramp,ClearSunset,,,30.0,,True,True,collision,2.313,0.255,258.27,12.59,39.57,17.690,88.3,6.78,2.02,
run_0561,40.0,120.0,1.8,left,near,0.5,1.80,0.0,4.0,5.0,proportional_ramp,ClearSunset,,,30.0,,True,True,collision,2.352,0.258,258.76,12.70,39.57,17.690,88.3,6.78,2.02,
run_0562,40.0,120.0,1.8,left,near,0.5,1.80,0.0,4.0,2.5,step_constant,ClearSunset,,,30.0,,True,True,collision,2.372,0.261,258.86,12.75,39.57,17.690,88.3,6.78,2.02,
run_0563,40.0,120.0,1.8,left,near,0.5,1.80,0.0,4.0,5.0,step_constant,ClearSunset,,,30.0,,True,True,collision,2.372,0.261,258.86,12.75,39.57,17.690,88.3,6.78,2.02,
run_0564,40.0,120.0,1.8,left,near,0.5,1.80,0.0,4.0,2.5,cautious_ramp,ClearSunset,,,30.0,,True,True,collision,1.505,0.236,277.61,12.47,39.57,17.690,88.3,6.78,2.16,
run_0565,40.0,120.0,1.8,left,near,0.5,1.80,0.0,4.0,5.0,cautious_ramp,ClearSunset,,,30.0,,True,True,collision,1.505,0.236,277.61,12.47,39.57,17.690,88.3,6.78,2.16,
run_0566,40.0,120.0,1.8,left,near,0.5,1.80,0.0,4.0,2.5,exponential,ClearSunset,,,30.0,,True,True,collision,2.106,0.249,237.82,12.47,39.57,17.690,88.3,6.78,2.04,
run_0567,40.0,120.0,1.8,left,near,0.5,1.80,0.0,4.0,5.0,exponential,ClearSunset,,,30.0,,True,True,collision,2.400,0.255,252.27,12.64,39.57,17.690,88.3,6.78,2.00,
run_0568,40.0,120.0,1.8,left,near,0.5,2.20,0.0,4.0,2.5,proportional_ramp,ClearSunset,,,30.0,,True,True,collision,2.605,0.318,295.74,12.48,39.52,17.668,81.2,6.38,1.98,
run_0569,40.0,120.0,1.8,left,near,0.5,2.20,0.0,4.0,5.0,proportional_ramp,ClearSunset,,,30.0,,True,True,collision,2.607,0.336,256.04,12.57,39.52,17.668,81.2,6.38,1.94,
run_0570,40.0,120.0,1.8,left,near,0.5,2.20,0.0,4.0,2.5,step_constant,ClearSunset,,,30.0,,True,True,collision,2.611,0.341,290.91,12.91,39.52,17.668,81.2,6.38,1.94,
run_0571,40.0,120.0,1.8,left,near,0.5,2.20,0.0,4.0,5.0,step_constant,ClearSunset,,,30.0,,True,True,collision,2.611,0.341,290.91,12.91,39.52,17.668,81.2,6.38,1.94,
run_0572,40.0,120.0,1.8,left,near,0.5,2.20,0.0,4.0,2.5,cautious_ramp,ClearSunset,,,30.0,,True,True,collision,2.584,0.279,252.27,12.39,39.52,17.668,81.2,6.38,2.10,
run_0573,40.0,120.0,1.8,left,near,0.5,2.20,0.0,4.0,5.0,cautious_ramp,ClearSunset,,,30.0,,True,True,collision,2.584,0.279,252.27,12.39,39.52,17.668,81.2,6.38,2.10,
run_0574,40.0,120.0,1.8,left,near,0.5,2.20,0.0,4.0,2.5,exponential,ClearSunset,,,30.0,,True,True,collision,2.596,0.311,311.76,12.29,39.52,17.668,81.2,6.38,2.00,
run_0575,40.0,120.0,1.8,left,near,0.5,2.20,0.0,4.0,5.0,exponential,ClearSunset,,,30.0,,True,True,collision,2.605,0.320,294.28,12.50,39.52,17.668,81.2,6.38,1.98,
run_0576,40.0,120.0,1.8,left,near,0.5,2.60,0.0,4.0,2.5,proportional_ramp,ClearSunset,,,30.0,,True,False,full_stop,4.388,0.799,270.27,12.13,39.47,17.646,74.2,5.98,2.10,
run_0577,40.0,120.0,1.8,left,near,0.5,2.60,0.0,4.0,5.0,proportional_ramp,ClearSunset,,,30.0,,True,False,full_stop,4.896,0.884,270.45,12.30,39.47,17.646,74.2,5.98,2.06,
run_0578,40.0,120.0,1.8,left,near,0.5,2.60,0.0,4.0,2.5,step_constant,ClearSunset,,,30.0,,True,False,full_stop,5.404,0.970,285.07,12.40,39.47,17.646,74.2,5.98,2.02,
run_0579,40.0,120.0,1.8,left,near,0.5,2.60,0.0,4.0,5.0,step_constant,ClearSunset,,,30.0,,True,False,full_stop,5.404,0.970,285.07,12.40,39.47,17.646,74.2,5.98,2.02,
run_0580,40.0,120.0,1.8,left,near,0.5,2.60,0.0,4.0,2.5,cautious_ramp,ClearSunset,,,30.0,,True,False,full_stop,2.745,0.544,245.43,12.31,39.47,17.646,74.2,5.98,2.28,
run_0581,40.0,120.0,1.8,left,near,0.5,2.60,0.0,4.0,5.0,cautious_ramp,ClearSunset,,,30.0,,True,False,full_stop,2.745,0.544,245.43,12.31,39.47,17.646,74.2,5.98,2.28,
run_0582,40.0,120.0,1.8,left,near,0.5,2.60,0.0,4.0,2.5,exponential,ClearSunset,,,30.0,,True,False,full_stop,3.464,0.655,269.86,11.87,39.47,17.646,74.2,5.98,2.18,
run_0583,40.0,120.0,1.8,left,near,0.5,2.60,0.0,4.0,5.0,exponential,ClearSunset,,,30.0,,True,False,full_stop,4.432,0.809,270.57,12.17,39.47,17.646,74.2,5.98,2.10,
run_0584,40.0,120.0,1.8,left,near,0.5,3.00,0.0,4.0,2.5,proportional_ramp,ClearSunset,,,30.0,,True,False,full_stop,6.189,1.120,301.26,12.41,39.43,17.625,67.5,5.60,2.34,
run_0585,40.0,120.0,1.8,left,near,0.5,3.00,0.0,4.0,5.0,proportional_ramp,ClearSunset,,,30.0,,True,False,full_stop,6.918,1.220,296.26,12.59,39.43,17.625,67.5,5.60,2.26,
run_0586,40.0,120.0,1.8,left,near,0.5,3.00,0.0,4.0,2.5,step_constant,ClearSunset,,,30.0,,True,False,full_stop,7.576,1.296,269.30,12.68,39.43,17.625,67.5,5.60,2.18,
run_0587,40.0,120.0,1.8,left,near,0.5,3.00,0.0,4.0,5.0,step_constant,ClearSunset,,,30.0,,True,False,full_stop,7.576,1.296,269.30,12.68,39.43,17.625,67.5,5.60,2.18,
run_0588,40.0,120.0,1.8,left,near,0.5,3.00,0.0,4.0,2.5,cautious_ramp,ClearSunset,,,30.0,,True,False,full_stop,4.410,0.872,294.33,12.62,39.43,17.625,67.5,5.60,2.58,
run_0589,40.0,120.0,1.8,left,near,0.5,3.00,0.0,4.0,5.0,cautious_ramp,ClearSunset,,,30.0,,True,False,full_stop,4.410,0.872,294.33,12.62,39.43,17.625,67.5,5.60,2.58,
run_0590,40.0,120.0,1.8,left,near,0.5,3.00,0.0,4.0,2.5,exponential,ClearSunset,,,30.0,,True,False,full_stop,5.334,0.968,291.04,12.20,39.43,17.625,67.5,5.60,2.42,
run_0591,40.0,120.0,1.8,left,near,0.5,3.00,0.0,4.0,5.0,exponential,ClearSunset,,,30.0,,True,False,full_stop,6.367,1.136,290.43,12.48,39.43,17.625,67.5,5.60,2.32,
run_0592,40.0,120.0,1.8,left,near,0.5,3.50,0.0,4.0,2.5,proportional_ramp,ClearSunset,,,30.0,,True,False,full_stop,4.345,0.796,270.47,12.23,39.36,17.597,58.6,5.10,2.22,
run_0593,40.0,120.0,1.8,left,near,0.5,3.50,0.0,4.0,5.0,proportional_ramp,ClearSunset,,,30.0,,True,False,full_stop,4.822,0.875,305.81,12.40,39.36,17.597,58.6,5.10,2.18,
run_0594,40.0,120.0,1.8,left,near,0.5,3.50,0.0,4.0,2.5,step_constant,ClearSunset,,,30.0,,True,False,full_stop,5.311,0.957,283.31,12.51,39.36,17.597,58.6,5.10,2.12,
run_0595,40.0,120.0,1.8,left,near,0.5,3.50,0.0,4.0,5.0,step_constant,ClearSunset,,,30.0,,True,False,full_stop,5.311,0.957,283.31,12.51,39.36,17.597,58.6,5.10,2.12,
run_0596,40.0,120.0,1.8,left,near,0.5,3.50,0.0,4.0,2.5,cautious_ramp,ClearSunset,,,30.0,,True,False,full_stop,4.424,0.799,259.64,12.43,39.36,17.597,58.6,5.10,2.16,
run_0597,40.0,120.0,1.8,left,near,0.5,3.50,0.0,4.0,5.0,cautious_ramp,ClearSunset,,,30.0,,True,False,full_stop,4.424,0.799,259.64,12.43,39.36,17.597,58.6,5.10,2.16,
run_0598,40.0,120.0,1.8,left,near,0.5,3.50,0.0,4.0,2.5,exponential,ClearSunset,,,30.0,,True,False,full_stop,3.592,0.673,269.74,11.95,39.36,17.597,58.6,5.10,2.28,
run_0599,40.0,120.0,1.8,left,near,0.5,3.50,0.0,4.0,5.0,exponential,ClearSunset,,,30.0,,True,False,full_stop,4.384,0.805,270.80,12.26,39.36,17.597,58.6,5.10,2.22,
run_0600,40.0,120.0,1.8,left,far,0.5,1.80,0.0,4.0,2.5,proportional_ramp,ClearSunset,,,30.0,,True,False,slowed_avoided,1.524,0.180,371.32,4.61,39.57,17.690,88.3,6.78,,
run_0601,40.0,120.0,1.8,left,far,0.5,1.80,0.0,4.0,5.0,proportional_ramp,ClearSunset,,,30.0,,True,False,full_stop,1.559,0.185,413.38,3.85,39.57,17.690,88.3,6.78,2.20,
run_0602,40.0,120.0,1.8,left,far,0.5,1.80,0.0,4.0,2.5,step_constant,ClearSunset,,,30.0,,True,False,full_stop,1.565,0.188,352.34,3.83,39.57,17.690,88.3,6.78,2.14,
run_0603,40.0,120.0,1.8,left,far,0.5,1.80,0.0,4.0,5.0,step_constant,ClearSunset,,,30.0,,True,False,full_stop,1.565,0.188,352.34,3.83,39.57,17.690,88.3,6.78,2.14,
run_0604,40.0,120.0,1.8,left,far,0.5,1.80,0.0,4.0,2.5,cautious_ramp,ClearSunset,,,30.0,,True,True,collision,1.488,0.163,540.00,5.69,39.57,17.690,88.3,6.78,,
run_0605,40.0,120.0,1.8,left,far,0.5,1.80,0.0,4.0,5.0,cautious_ramp,ClearSunset,,,30.0,,True,True,collision,1.488,0.163,540.54,5.87,39.57,17.690,88.3,6.78,,
run_0606,40.0,120.0,1.8,left,far,0.5,1.80,0.0,4.0,2.5,exponential,ClearSunset,,,30.0,,True,True,collision,1.446,0.170,2260.38,9.88,39.57,17.690,88.3,6.78,2.48,
run_0607,40.0,120.0,1.8,left,far,0.5,1.80,0.0,4.0,5.0,exponential,ClearSunset,,,30.0,,True,False,slowed_avoided,1.511,0.179,239.34,3.01,39.57,17.690,88.3,6.78,,
run_0608,40.0,120.0,1.8,left,far,0.5,2.20,0.0,4.0,2.5,proportional_ramp,ClearSunset,,,30.0,,True,False,full_stop,2.051,0.295,289.83,9.77,39.52,17.668,81.2,6.38,2.18,
run_0609,40.0,120.0,1.8,left,far,0.5,2.20,0.0,4.0,5.0,proportional_ramp,ClearSunset,,,30.0,,True,False,full_stop,2.088,0.310,286.06,9.81,39.52,17.668,81.2,6.38,2.12,
run_0610,40.0,120.0,1.8,left,far,0.5,2.20,0.0,4.0,2.5,step_constant,ClearSunset,,,30.0,,True,False,full_stop,2.120,0.324,284.58,10.05,39.52,17.668,81.2,6.38,2.08,
run_0611,40.0,120.0,1.8,left,far,0.5,2.20,0.0,4.0,5.0,step_constant,ClearSunset,,,30.0,,True,False,full_stop,2.120,0.324,284.58,10.05,39.52,17.668,81.2,6.38,2.08,
run_0612,40.0,120.0,1.8,left,far,0.5,2.20,0.0,4.0,2.5,cautious_ramp,ClearSunset,,,30.0,,True,False,slowed_avoided,1.904,0.236,54.17,5.69,39.52,17.668,81.2,6.38,,
run_0613,40.0,120.0,1.8,left,far,0.5,2.20,0.0,4.0,5.0,cautious_ramp,ClearSunset,,,30.0,,True,False,slowed_avoided,1.904,0.236,54.17,5.69,39.52,17.668,81.2,6.38,,
run_0614,40.0,120.0,1.8,left,far,0.5,2.20,0.0,4.0,2.5,exponential,ClearSunset,,,30.0,,True,False,slowed_avoided,1.985,0.270,291.73,11.14,39.52,17.668,81.2,6.38,,
run_0615,40.0,120.0,1.8,left,far,0.5,2.20,0.0,4.0,5.0,exponential,ClearSunset,,,30.0,,True,False,full_stop,2.056,0.297,289.90,9.78,39.52,17.668,81.2,6.38,2.18,
run_0616,40.0,120.0,1.8,left,far,0.5,2.60,0.0,4.0,2.5,proportional_ramp,ClearSunset,,,30.0,,True,False,full_stop,4.067,0.804,286.30,9.53,39.47,17.646,74.2,5.98,2.28,
run_0617,40.0,120.0,1.8,left,far,0.5,2.60,0.0,4.0,5.0,proportional_ramp,ClearSunset,,,30.0,,True,False,full_stop,5.028,0.929,277.29,9.48,39.47,17.646,74.2,5.98,2.12,
run_0618,40.0,120.0,1.8,left,far,0.5,2.60,0.0,4.0,2.5,step_constant,ClearSunset,,,30.0,,True,False,full_stop,5.594,1.014,254.64,9.52,39.47,17.646,74.2,5.98,2.06,
run_0619,40.0,120.0,1.8,left,far,0.5,2.60,0.0,4.0,5.0,step_constant,ClearSunset,,,30.0,,True,False,full_stop,5.594,1.014,254.64,9.52,39.47,17.646,74.2,5.98,2.06,
run_0620,40.0,120.0,1.8,left,far,0.5,2.60,0.0,4.0,2.5,cautious_ramp,ClearSunset,,,30.0,,True,False,slowed_avoided,2.483,0.422,43.72,5.73,39.47,17.646,74.2,5.98,,
run_0621,40.0,120.0,1.8,left,far,0.5,2.60,0.0,4.0,5.0,cautious_ramp,ClearSunset,,,30.0,,True,False,slowed_avoided,2.483,0.422,43.72,5.73,39.47,17.646,74.2,5.98,,
run_0622,40.0,120.0,1.8,left,far,0.5,2.60,0.0,4.0,2.5,exponential,ClearSunset,,,30.0,,True,False,slowed_avoided,2.483,0.528,55.08,4.63,39.47,17.646,74.2,5.98,,
run_0623,40.0,120.0,1.8,left,far,0.5,2.60,0.0,4.0,5.0,exponential,ClearSunset,,,30.0,,True,False,full_stop,4.022,0.805,288.14,9.58,39.47,17.646,74.2,5.98,2.28,
run_0624,40.0,120.0,1.8,left,far,0.5,3.00,0.0,4.0,2.5,proportional_ramp,ClearSunset,,,30.0,,True,False,slowed_avoided,2.488,0.273,68.00,5.78,39.43,17.625,67.5,5.60,,
run_0625,40.0,120.0,1.8,left,far,0.5,3.00,0.0,4.0,5.0,proportional_ramp,ClearSunset,,,30.0,,True,False,slowed_avoided,2.487,0.288,83.83,5.32,39.43,17.625,67.5,5.60,,
run_0626,40.0,120.0,1.8,left,far,0.5,3.00,0.0,4.0,2.5,step_constant,ClearSunset,,,30.0,,True,False,full_stop,7.769,1.473,270.09,9.66,39.43,17.625,67.5,5.60,2.36,
run_0627,40.0,120.0,1.8,left,far,0.5,3.00,0.0,4.0,5.0,step_constant,ClearSunset,,,30.0,,True,False,full_stop,8.243,1.458,286.79,9.65,39.43,17.625,67.5,5.60,2.26,
run_0628,40.0,120.0,1.8,left,far,0.5,3.00,0.0,4.0,2.5,cautious_ramp,ClearSunset,,,30.0,,True,False,slowed_avoided,2.485,0.247,43.49,5.79,39.43,17.625,67.5,5.60,,
run_0629,40.0,120.0,1.8,left,far,0.5,3.00,0.0,4.0,5.0,cautious_ramp,ClearSunset,,,30.0,,True,False,slowed_avoided,2.485,0.247,43.49,5.79,39.43,17.625,67.5,5.60,,
run_0630,40.0,120.0,1.8,left,far,0.5,3.00,0.0,4.0,2.5,exponential,ClearSunset,,,30.0,,True,False,slowed_avoided,2.487,0.245,42.57,5.82,39.43,17.625,67.5,5.60,,
run_0631,40.0,120.0,1.8,left,far,0.5,3.00,0.0,4.0,5.0,exponential,ClearSunset,,,30.0,,True,False,slowed_avoided,2.483,0.271,42.61,5.11,39.43,17.625,67.5,5.60,,
run_0632,40.0,120.0,1.8,left,far,0.5,3.50,0.0,4.0,2.5,proportional_ramp,ClearSunset,,,30.0,,True,False,slowed_avoided,2.483,0.194,43.76,5.79,39.36,17.597,58.6,5.10,,
run_0633,40.0,120.0,1.8,left,far,0.5,3.50,0.0,4.0,5.0,proportional_ramp,ClearSunset,,,30.0,,True,False,slowed_avoided,2.488,0.212,43.77,5.36,39.36,17.597,58.6,5.10,,
run_0634,40.0,120.0,1.8,left,far,0.5,3.50,0.0,4.0,2.5,step_constant,ClearSunset,,,30.0,,True,False,slowed_avoided,2.483,0.226,27.47,4.19,39.36,17.597,58.6,5.10,,
run_0635,40.0,120.0,1.8,left,far,0.5,3.50,0.0,4.0,5.0,step_constant,ClearSunset,,,30.0,,True,False,slowed_avoided,2.483,0.226,27.47,4.19,39.36,17.597,58.6,5.10,,
run_0636,40.0,120.0,1.8,left,far,0.5,3.50,0.0,4.0,2.5,cautious_ramp,ClearSunset,,,30.0,,True,False,slowed_avoided,2.489,0.191,42.78,5.91,39.36,17.597,58.6,5.10,,
run_0637,40.0,120.0,1.8,left,far,0.5,3.50,0.0,4.0,5.0,cautious_ramp,ClearSunset,,,30.0,,True,False,slowed_avoided,2.491,0.191,42.96,5.91,39.36,17.597,58.6,5.10,,
run_0638,40.0,120.0,1.8,left,far,0.5,3.50,0.0,4.0,2.5,exponential,ClearSunset,,,30.0,,True,False,slowed_avoided,2.485,0.177,43.88,5.86,39.36,17.597,58.6,5.10,,
run_0639,40.0,120.0,1.8,left,far,0.5,3.50,0.0,4.0,5.0,exponential,ClearSunset,,,30.0,,True,False,slowed_avoided,2.484,0.198,43.88,5.74,39.36,17.597,58.6,5.10,,
run_0640,45.0,60.0,1.8,left,near,0.5,1.80,0.0,4.0,2.5,proportional_ramp,ClearSunset,,,30.0,,True,True,collision,1.054,0.209,1551.67,37.79,41.52,18.561,26.6,3.28,2.72,
run_0641,45.0,60.0,1.8,left,near,0.5,1.80,0.0,4.0,5.0,proportional_ramp,ClearSunset,,,30.0,,True,True,collision,1.164,0.210,474.11,24.81,41.52,18.561,26.6,3.28,2.96,
run_0642,45.0,60.0,1.8,left,near,0.5,1.80,0.0,4.0,2.5,step_constant,ClearSunset,,,30.0,,True,True,collision,1.498,0.208,42.05,8.92,41.52,18.561,26.6,3.28,,
run_0643,45.0,60.0,1.8,left,near,0.5,1.80,0.0,4.0,5.0,step_constant,ClearSunset,,,30.0,,True,True,collision,1.498,0.208,42.05,8.92,41.52,18.561,26.6,3.28,,
run_0644,45.0,60.0,1.8,left,near,0.5,1.80,0.0,4.0,2.5,cautious_ramp,ClearSunset,,,30.0,,True,True,collision,1.431,0.189,169.38,13.44,41.52,18.561,26.6,3.28,2.12,
run_0645,45.0,60.0,1.8,left,near,0.5,1.80,0.0,4.0,5.0,cautious_ramp,ClearSunset,,,30.0,,True,True,collision,1.431,0.189,169.40,13.44,41.52,18.561,26.6,3.28,2.12,
run_0646,45.0,60.0,1.8,left,near,0.5,1.80,0.0,4.0,2.5,exponential,ClearSunset,,,30.0,,True,True,collision,1.088,0.180,1908.58,37.84,41.52,18.561,26.6,3.28,,
run_0647,45.0,60.0,1.8,left,near,0.5,1.80,0.0,4.0,5.0,exponential,ClearSunset,,,30.0,,True,True,collision,1.061,0.210,960.52,34.89,41.52,18.561,26.6,3.28,3.56,
run_0648,45.0,60.0,1.8,left,near,0.5,2.20,0.0,4.0,2.5,proportional_ramp,ClearSunset,,,30.0,,True,True,collision,1.478,0.219,279.65,15.11,38.44,17.184,22.7,3.06,2.32,
run_0649,45.0,60.0,1.8,left,near,0.5,2.20,0.0,4.0,5.0,proportional_ramp,ClearSunset,,,30.0,,True,True,collision,2.485,0.223,262.92,14.99,38.44,17.184,22.7,3.06,2.18,
run_0650,45.0,60.0,1.8,left,near,0.5,2.20,0.0,4.0,2.5,step_constant,ClearSunset,,,30.0,,True,True,collision,1.493,0.226,292.56,15.20,38.44,17.184,22.7,3.06,2.28,
run_0651,45.0,60.0,1.8,left,near,0.5,2.20,0.0,4.0,5.0,step_constant,ClearSunset,,,30.0,,True,True,collision,1.493,0.226,292.56,15.20,38.44,17.184,22.7,3.06,2.28,
run_0652,45.0,60.0,1.8,left,near,0.5,2.20,0.0,4.0,2.5,cautious_ramp,ClearSunset,,,30.0,,True,True,collision,1.109,0.204,1408.35,38.59,38.44,17.184,22.7,3.06,3.10,
run_0653,45.0,60.0,1.8,left,near,0.5,2.20,0.0,4.0,5.0,cautious_ramp,ClearSunset,,,30.0,,True,True,collision,1.109,0.204,1144.93,38.18,38.44,17.184,22.7,3.06,3.08,
run_0654,45.0,60.0,1.8,left,near,0.5,2.20,0.0,4.0,2.5,exponential,ClearSunset,,,30.0,,True,True,collision,2.543,0.220,262.29,15.21,38.44,17.184,22.7,3.06,1.90,
run_0655,45.0,60.0,1.8,left,near,0.5,2.20,0.0,4.0,5.0,exponential,ClearSunset,,,30.0,,True,True,collision,1.454,0.219,455.16,24.08,38.44,17.184,22.7,3.06,2.96,
run_0656,45.0,60.0,1.8,left,near,0.5,2.60,0.0,4.0,2.5,proportional_ramp,ClearSunset,,,30.0,,True,True,collision,2.589,0.286,298.23,14.15,35.33,15.795,19.1,2.84,2.22,
run_0657,45.0,60.0,1.8,left,near,0.5,2.60,0.0,4.0,5.0,proportional_ramp,ClearSunset,,,30.0,,True,True,collision,2.593,0.288,310.74,14.28,35.33,15.795,19.1,2.84,2.16,
run_0658,45.0,60.0,1.8,left,near,0.5,2.60,0.0,4.0,2.5,step_constant,ClearSunset,,,30.0,,True,True,collision,2.595,0.299,310.56,14.36,35.33,15.795,19.1,2.84,2.16,
run_0659,45.0,60.0,1.8,left,near,0.5,2.60,0.0,4.0,5.0,step_constant,ClearSunset,,,30.0,,True,True,collision,2.595,0.299,310.56,14.36,35.33,15.795,19.1,2.84,2.16,
run_0660,45.0,60.0,1.8,left,near,0.5,2.60,0.0,4.0,2.5,cautious_ramp,ClearSunset,,,30.0,,True,True,collision,2.571,0.256,294.20,14.15,35.33,15.795,19.1,2.84,2.36,
run_0661,45.0,60.0,1.8,left,near,0.5,2.60,0.0,4.0,5.0,cautious_ramp,ClearSunset,,,30.0,,True,True,collision,2.571,0.256,294.20,14.15,35.33,15.795,19.1,2.84,2.36,
run_0662,45.0,60.0,1.8,left,near,0.5,2.60,0.0,4.0,2.5,exponential,ClearSunset,,,30.0,,True,True,collision,2.578,0.268,295.64,13.92,35.33,15.795,19.1,2.84,2.24,
run_0663,45.0,60.0,1.8,left,near,0.5,2.60,0.0,4.0,5.0,exponential,ClearSunset,,,30.0,,True,True,collision,2.589,0.287,310.36,14.16,35.33,15.795,19.1,2.84,2.20,
run_0664,45.0,60.0,1.8,left,near,0.5,3.00,0.0,4.0,2.5,proportional_ramp,ClearSunset,,,30.0,,True,True,collision,2.597,0.302,274.95,14.20,32.78,14.652,16.3,2.66,2.28,
run_0665,45.0,60.0,1.8,left,near,0.5,3.00,0.0,4.0,5.0,proportional_ramp,ClearSunset,,,30.0,,True,True,collision,2.602,0.308,259.04,14.31,32.78,14.652,16.3,2.66,2.26,
run_0666,45.0,60.0,1.8,left,near,0.5,3.00,0.0,4.0,2.5,step_constant,ClearSunset,,,30.0,,True,True,collision,2.607,0.310,245.08,13.59,32.78,14.652,16.3,2.66,2.28,
run_0667,45.0,60.0,1.8,left,near,0.5,3.00,0.0,4.0,5.0,step_constant,ClearSunset,,,30.0,,True,True,collision,2.607,0.310,245.08,13.59,32.78,14.652,16.3,2.66,2.28,
run_0668,45.0,60.0,1.8,left,near,0.5,3.00,0.0,4.0,2.5,cautious_ramp,ClearSunset,,,30.0,,True,True,collision,2.579,0.263,270.83,13.67,32.78,14.652,16.3,2.66,2.44,
run_0669,45.0,60.0,1.8,left,near,0.5,3.00,0.0,4.0,5.0,cautious_ramp,ClearSunset,,,30.0,,True,True,collision,2.579,0.263,270.83,13.67,32.78,14.652,16.3,2.66,2.44,
run_0670,45.0,60.0,1.8,left,near,0.5,3.00,0.0,4.0,2.5,exponential,ClearSunset,,,30.0,,True,True,collision,2.590,0.289,261.12,13.97,32.78,14.652,16.3,2.66,2.32,
run_0671,45.0,60.0,1.8,left,near,0.5,3.00,0.0,4.0,5.0,exponential,ClearSunset,,,30.0,,True,True,collision,2.597,0.303,275.22,14.22,32.78,14.652,16.3,2.66,2.28,
run_0672,45.0,60.0,1.8,left,near,0.5,3.50,0.0,4.0,2.5,proportional_ramp,ClearSunset,,,30.0,,True,True,collision,2.588,0.286,311.26,14.21,29.91,13.371,13.5,2.46,2.18,
run_0673,45.0,60.0,1.8,left,near,0.5,3.50,0.0,4.0,5.0,proportional_ramp,ClearSunset,,,30.0,,True,True,collision,2.598,0.305,291.27,14.33,29.91,13.371,13.5,2.46,2.18,
run_0674,45.0,60.0,1.8,left,near,0.5,3.50,0.0,4.0,2.5,step_constant,ClearSunset,,,30.0,,True,True,collision,2.604,0.312,300.74,14.55,29.91,13.371,13.5,2.46,2.14,
run_0675,45.0,60.0,1.8,left,near,0.5,3.50,0.0,4.0,5.0,step_constant,ClearSunset,,,30.0,,True,True,collision,2.604,0.312,300.74,14.55,29.91,13.371,13.5,2.46,2.14,
run_0676,45.0,60.0,1.8,left,near,0.5,3.50,0.0,4.0,2.5,cautious_ramp,ClearSunset,,,30.0,,True,True,collision,2.575,0.259,248.50,14.16,29.91,13.371,13.5,2.46,2.30,
run_0677,45.0,60.0,1.8,left,near,0.5,3.50,0.0,4.0,5.0,cautious_ramp,ClearSunset,,,30.0,,True,True,collision,2.575,0.259,248.50,14.16,29.91,13.371,13.5,2.46,2.30,
run_0678,45.0,60.0,1.8,left,near,0.5,3.50,0.0,4.0,2.5,exponential,ClearSunset,,,30.0,,True,True,collision,2.587,0.282,296.67,14.02,29.91,13.371,13.5,2.46,2.24,
run_0679,45.0,60.0,1.8,left,near,0.5,3.50,0.0,4.0,5.0,exponential,ClearSunset,,,30.0,,True,True,collision,2.596,0.289,291.14,14.26,29.91,13.371,13.5,2.46,2.18,
run_0680,45.0,60.0,1.8,left,far,0.5,1.80,0.0,4.0,2.5,proportional_ramp,ClearSunset,,,30.0,,True,True,collision,1.536,0.154,4608.81,12.89,41.52,18.561,26.6,3.28,,
run_0681,45.0,60.0,1.8,left,far,0.5,1.80,0.0,4.0,5.0,proportional_ramp,ClearSunset,,,30.0,,True,True,collision,1.535,0.154,4816.76,14.44,41.52,18.561,26.6,3.28,25.46,
run_0682,45.0,60.0,1.8,left,far,0.5,1.80,0.0,4.0,2.5,step_constant,ClearSunset,,,30.0,,True,True,collision,1.533,0.154,4816.54,14.64,41.52,18.561,26.6,3.28,25.44,
run_0683,45.0,60.0,1.8,left,far,0.5,1.80,0.0,4.0,5.0,step_constant,ClearSunset,,,30.0,,True,True,collision,1.533,0.154,4816.54,14.64,41.52,18.561,26.6,3.28,25.44,
run_0684,45.0,60.0,1.8,left,far,0.5,1.80,0.0,4.0,2.5,cautious_ramp,ClearSunset,,,30.0,,True,True,collision,1.550,0.146,4816.71,14.09,41.52,18.561,26.6,3.28,25.22,
run_0685,45.0,60.0,1.8,left,far,0.5,1.80,0.0,4.0,5.0,cautious_ramp,ClearSunset,,,30.0,,True,True,collision,1.550,0.146,4816.71,14.09,41.52,18.561,26.6,3.28,25.22,
run_0686,45.0,60.0,1.8,left,far,0.5,1.80,0.0,4.0,2.5,exponential,ClearSunset,,,30.0,,True,True,collision,1.540,0.152,4608.82,13.04,41.52,18.561,26.6,3.28,,
run_0687,45.0,60.0,1.8,left,far,0.5,1.80,0.0,4.0,5.0,exponential,ClearSunset,,,30.0,,True,True,collision,1.537,0.153,4816.64,14.33,41.52,18.561,26.6,3.28,25.40,
run_0688,45.0,60.0,1.8,left,far,0.5,2.20,0.0,4.0,2.5,proportional_ramp,ClearSunset,,,30.0,,True,False,full_stop,1.709,0.172,197.00,2.29,38.44,17.184,22.7,3.06,1.88,
run_0689,45.0,60.0,1.8,left,far,0.5,2.20,0.0,4.0,5.0,proportional_ramp,ClearSunset,,,30.0,,True,False,full_stop,1.702,0.170,206.46,2.36,38.44,17.184,22.7,3.06,1.90,
run_0690,45.0,60.0,1.8,left,far,0.5,2.20,0.0,4.0,2.5,step_constant,ClearSunset,,,30.0,,True,False,full_stop,1.685,0.167,228.50,2.65,38.44,17.184,22.7,3.06,1.86,
run_0691,45.0,60.0,1.8,left,far,0.5,2.20,0.0,4.0,5.0,step_constant,ClearSunset,,,30.0,,True,False,full_stop,1.685,0.167,228.50,2.65,38.44,17.184,22.7,3.06,1.86,
run_0692,45.0,60.0,1.8,left,far,0.5,2.20,0.0,4.0,2.5,cautious_ramp,ClearSunset,,,30.0,,True,True,collision,1.563,0.139,4816.62,13.84,38.44,17.184,22.7,3.06,25.64,
run_0693,45.0,60.0,1.8,left,far,0.5,2.20,0.0,4.0,5.0,cautious_ramp,ClearSunset,,,30.0,,True,True,collision,1.563,0.139,4816.62,13.84,38.44,17.184,22.7,3.06,25.64,
run_0694,45.0,60.0,1.8,left,far,0.5,2.20,0.0,4.0,2.5,exponential,ClearSunset,,,30.0,,True,False,full_stop,1.689,0.161,226.35,2.45,38.44,17.184,22.7,3.06,1.92,
run_0695,45.0,60.0,1.8,left,far,0.5,2.20,0.0,4.0,5.0,exponential,ClearSunset,,,30.0,,True,False,full_stop,1.712,0.174,311.31,2.60,38.44,17.184,22.7,3.06,1.64,
run_0696,45.0,60.0,1.8,left,far,0.5,2.60,0.0,4.0,2.5,proportional_ramp,ClearSunset,,,30.0,,True,False,slowed_avoided,1.898,0.239,42.05,6.50,35.33,15.795,19.1,2.84,,
run_0697,45.0,60.0,1.8,left,far,0.5,2.60,0.0,4.0,5.0,proportional_ramp,ClearSunset,,,30.0,,True,False,slowed_avoided,1.918,0.245,49.96,6.44,35.33,15.795,19.1,2.84,,
run_0698,45.0,60.0,1.8,left,far,0.5,2.60,0.0,4.0,2.5,step_constant,ClearSunset,,,30.0,,True,False,slowed_avoided,1.938,0.252,42.05,6.29,35.33,15.795,19.1,2.84,,
run_0699,45.0,60.0,1.8,left,far,0.5,2.60,0.0,4.0,5.0,step_constant,ClearSunset,,,30.0,,True,False,slowed_avoided,1.938,0.252,42.05,6.29,35.33,15.795,19.1,2.84,,
run_0700,45.0,60.0,1.8,left,far,0.5,2.60,0.0,4.0,2.5,cautious_ramp,ClearSunset,,,30.0,,True,False,full_stop,1.755,0.190,239.48,10.79,35.33,15.795,19.1,2.84,2.20,
run_0701,45.0,60.0,1.8,left,far,0.5,2.60,0.0,4.0,5.0,cautious_ramp,ClearSunset,,,30.0,,True,False,full_stop,1.755,0.190,239.48,10.79,35.33,15.795,19.1,2.84,2.20,
run_0702,45.0,60.0,1.8,left,far,0.5,2.60,0.0,4.0,2.5,exponential,ClearSunset,,,30.0,,True,False,full_stop,1.830,0.216,264.12,12.32,35.33,15.795,19.1,2.84,2.00,
run_0703,45.0,60.0,1.8,left,far,0.5,2.60,0.0,4.0,5.0,exponential,ClearSunset,,,30.0,,True,False,slowed_avoided,1.901,0.241,71.43,7.17,35.33,15.795,19.1,2.84,,
run_0704,45.0,60.0,1.8,left,far,0.5,3.00,0.0,4.0,2.5,proportional_ramp,ClearSunset,,,30.0,,True,False,slowed_avoided,2.261,0.296,45.26,6.20,32.78,14.652,16.3,2.66,,
run_0705,45.0,60.0,1.8,left,far,0.5,3.00,0.0,4.0,5.0,proportional_ramp,ClearSunset,,,30.0,,True,False,full_stop,2.294,0.309,353.74,11.28,32.78,14.652,16.3,2.66,2.58,
run_0706,45.0,60.0,1.8,left,far,0.5,3.00,0.0,4.0,2.5,step_constant,ClearSunset,,,30.0,,True,False,slowed_avoided,2.324,0.320,54.93,7.59,32.78,14.652,16.3,2.66,,
run_0707,45.0,60.0,1.8,left,far,0.5,3.00,0.0,4.0,5.0,step_constant,ClearSunset,,,30.0,,True,False,slowed_avoided,2.324,0.320,54.93,7.59,32.78,14.652,16.3,2.66,,
run_0708,45.0,60.0,1.8,left,far,0.5,3.00,0.0,4.0,2.5,cautious_ramp,ClearSunset,,,30.0,,True,False,slowed_avoided,2.126,0.242,66.47,5.92,32.78,14.652,16.3,2.66,,
run_0709,45.0,60.0,1.8,left,far,0.5,3.00,0.0,4.0,5.0,cautious_ramp,ClearSunset,,,30.0,,True,False,slowed_avoided,2.126,0.242,66.47,5.92,32.78,14.652,16.3,2.66,,
run_0710,45.0,60.0,1.8,left,far,0.5,3.00,0.0,4.0,2.5,exponential,ClearSunset,,,30.0,,True,False,slowed_avoided,2.202,0.274,45.26,6.05,32.78,14.652,16.3,2.66,,
run_0711,45.0,60.0,1.8,left,far,0.5,3.00,0.0,4.0,5.0,exponential,ClearSunset,,,30.0,,True,False,slowed_avoided,2.264,0.297,45.26,6.21,32.78,14.652,16.3,2.66,,
run_0712,45.0,60.0,1.8,left,far,0.5,3.50,0.0,4.0,2.5,proportional_ramp,ClearSunset,,,30.0,,True,False,slowed_avoided,2.478,0.320,42.05,6.03,29.91,13.371,13.5,2.46,,
run_0713,45.0,60.0,1.8,left,far,0.5,3.50,0.0,4.0,5.0,proportional_ramp,ClearSunset,,,30.0,,True,False,slowed_avoided,2.482,0.336,52.64,6.39,29.91,13.371,13.5,2.46,,
run_0714,45.0,60.0,1.8,left,far,0.5,3.50,0.0,4.0,2.5,step_constant,ClearSunset,,,30.0,,True,False,slowed_avoided,2.483,0.350,42.05,6.40,29.91,13.371,13.5,2.46,,
run_0715,45.0,60.0,1.8,left,far,0.5,3.50,0.0,4.0,5.0,step_constant,ClearSunset,,,30.0,,True,False,slowed_avoided,2.483,0.350,42.05,6.40,29.91,13.371,13.5,2.46,,
run_0716,45.0,60.0,1.8,left,far,0.5,3.50,0.0,4.0,2.5,cautious_ramp,ClearSunset,,,30.0,,True,False,slowed_avoided,2.410,0.267,42.05,5.68,29.91,13.371,13.5,2.46,,
run_0717,45.0,60.0,1.8,left,far,0.5,3.50,0.0,4.0,5.0,cautious_ramp,ClearSunset,,,30.0,,True,False,slowed_avoided,2.410,0.267,42.05,5.68,29.91,13.371,13.5,2.46,,
run_0718,45.0,60.0,1.8,left,far,0.5,3.50,0.0,4.0,2.5,exponential,ClearSunset,,,30.0,,True,False,slowed_avoided,2.467,0.298,109.33,6.56,29.91,13.371,13.5,2.46,,
run_0719,45.0,60.0,1.8,left,far,0.5,3.50,0.0,4.0,5.0,exponential,ClearSunset,,,30.0,,True,False,slowed_avoided,2.479,0.321,42.05,6.22,29.91,13.371,13.5,2.46,,
run_0720,45.0,120.0,1.8,left,near,0.5,1.80,0.0,4.0,2.5,proportional_ramp,ClearSunset,,,30.0,,True,True,collision,1.494,0.179,35.09,5.88,44.38,19.841,84.4,6.20,,
run_0721,45.0,120.0,1.8,left,near,0.5,1.80,0.0,4.0,5.0,proportional_ramp,ClearSunset,,,30.0,,True,True,collision,1.495,0.181,35.09,5.93,44.38,19.841,84.4,6.20,,
run_0722,45.0,120.0,1.8,left,near,0.5,1.80,0.0,4.0,2.5,step_constant,ClearSunset,,,30.0,,True,True,collision,1.434,0.175,181.45,14.79,44.38,19.841,84.4,6.20,2.24,
run_0723,45.0,120.0,1.8,left,near,0.5,1.80,0.0,4.0,5.0,step_constant,ClearSunset,,,30.0,,True,True,collision,1.434,0.175,181.45,14.80,44.38,19.841,84.4,6.20,2.24,
run_0724,45.0,120.0,1.8,left,near,0.5,1.80,0.0,4.0,2.5,cautious_ramp,ClearSunset,,,30.0,,True,True,collision,1.493,0.161,34.53,5.71,44.38,19.841,84.4,6.20,,
run_0725,45.0,120.0,1.8,left,near,0.5,1.80,0.0,4.0,5.0,cautious_ramp,ClearSunset,,,30.0,,True,True,collision,1.493,0.161,34.53,5.71,44.38,19.841,84.4,6.20,,
run_0726,45.0,120.0,1.8,left,near,0.5,1.80,0.0,4.0,2.5,exponential,ClearSunset,,,30.0,,True,True,collision,1.494,0.177,35.09,5.84,44.38,19.841,84.4,6.20,,
run_0727,45.0,120.0,1.8,left,near,0.5,1.80,0.0,4.0,5.0,exponential,ClearSunset,,,30.0,,True,True,collision,1.494,0.179,35.09,5.88,44.38,19.841,84.4,6.20,,
run_0728,45.0,120.0,1.8,left,near,0.5,2.20,0.0,4.0,2.5,proportional_ramp,ClearSunset,,,30.0,,True,True,collision,2.611,0.332,303.64,12.66,44.33,19.816,76.4,5.80,2.26,
run_0729,45.0,120.0,1.8,left,near,0.5,2.20,0.0,4.0,5.0,proportional_ramp,ClearSunset,,,30.0,,True,True,collision,2.616,0.349,261.50,12.80,44.33,19.816,76.4,5.80,2.18,
run_0730,45.0,120.0,1.8,left,near,0.5,2.20,0.0,4.0,2.5,step_constant,ClearSunset,,,30.0,,True,True,collision,2.621,0.367,276.27,11.85,44.33,19.816,76.4,5.80,2.20,
run_0731,45.0,120.0,1.8,left,near,0.5,2.20,0.0,4.0,5.0,step_constant,ClearSunset,,,30.0,,True,True,collision,2.621,0.367,276.27,11.85,44.33,19.816,76.4,5.80,2.20,
run_0732,45.0,120.0,1.8,left,near,0.5,2.20,0.0,4.0,2.5,cautious_ramp,ClearSunset,,,30.0,,True,True,collision,2.587,0.293,276.23,11.57,44.33,19.816,76.4,5.80,2.40,
run_0733,45.0,120.0,1.8,left,near,0.5,2.20,0.0,4.0,5.0,cautious_ramp,ClearSunset,,,30.0,,True,True,collision,2.587,0.293,276.23,11.57,44.33,19.816,76.4,5.80,2.40,
run_0734,45.0,120.0,1.8,left,near,0.5,2.20,0.0,4.0,2.5,exponential,ClearSunset,,,30.0,,True,True,collision,2.598,0.317,291.98,12.50,44.33,19.816,76.4,5.80,2.30,
run_0735,45.0,120.0,1.8,left,near,0.5,2.20,0.0,4.0,5.0,exponential,ClearSunset,,,30.0,,True,True,collision,2.611,0.336,292.75,12.68,44.33,19.816,76.4,5.80,2.24,
run_0736,45.0,120.0,1.8,left,near,0.5,2.60,0.0,4.0,2.5,proportional_ramp,ClearSunset,,,30.0,,True,True,collision,2.604,0.326,248.54,12.68,44.26,19.784,68.9,5.42,2.26,
run_0737,45.0,120.0,1.8,left,near,0.5,2.60,0.0,4.0,5.0,proportional_ramp,ClearSunset,,,30.0,,True,True,collision,2.609,0.335,257.42,12.78,44.26,19.784,68.9,5.42,2.22,
run_0738,45.0,120.0,1.8,left,near,0.5,2.60,0.0,4.0,2.5,step_constant,ClearSunset,,,30.0,,True,True,collision,2.614,0.342,277.05,13.64,44.26,19.784,68.9,5.42,2.18,
run_0739,45.0,120.0,1.8,left,near,0.5,2.60,0.0,4.0,5.0,step_constant,ClearSunset,,,30.0,,True,True,collision,2.614,0.342,277.05,13.64,44.26,19.784,68.9,5.42,2.18,
run_0740,45.0,120.0,1.8,left,near,0.5,2.60,0.0,4.0,2.5,cautious_ramp,ClearSunset,,,30.0,,True,True,collision,2.583,0.286,254.90,12.70,44.26,19.784,68.9,5.42,2.38,
run_0741,45.0,120.0,1.8,left,near,0.5,2.60,0.0,4.0,5.0,cautious_ramp,ClearSunset,,,30.0,,True,True,collision,2.583,0.286,254.90,12.70,44.26,19.784,68.9,5.42,2.38,
run_0742,45.0,120.0,1.8,left,near,0.5,2.60,0.0,4.0,2.5,exponential,ClearSunset,,,30.0,,True,True,collision,2.598,0.304,260.39,12.48,44.26,19.784,68.9,5.42,2.28,
run_0743,45.0,120.0,1.8,left,near,0.5,2.60,0.0,4.0,5.0,exponential,ClearSunset,,,30.0,,True,True,collision,2.604,0.328,246.03,12.69,44.26,19.784,68.9,5.42,2.26,
run_0744,45.0,120.0,1.8,left,near,0.5,3.00,0.0,4.0,2.5,proportional_ramp,ClearSunset,,,30.0,,True,False,full_stop,5.010,0.911,298.11,12.42,44.19,19.754,61.0,5.02,2.50,
run_0745,45.0,120.0,1.8,left,near,0.5,3.00,0.0,4.0,5.0,proportional_ramp,ClearSunset,,,30.0,,True,False,full_stop,5.617,1.006,301.27,12.58,44.19,19.754,61.0,5.02,2.44,
run_0746,45.0,120.0,1.8,left,near,0.5,3.00,0.0,4.0,2.5,step_constant,ClearSunset,,,30.0,,True,False,full_stop,6.234,1.086,284.17,13.06,44.19,19.754,61.0,5.02,2.36,
run_0747,45.0,120.0,1.8,left,near,0.5,3.00,0.0,4.0,5.0,step_constant,ClearSunset,,,30.0,,True,False,full_stop,6.234,1.086,284.17,13.06,44.19,19.754,61.0,5.02,2.36,
run_0748,45.0,120.0,1.8,left,near,0.5,3.00,0.0,4.0,2.5,cautious_ramp,ClearSunset,,,30.0,,True,False,full_stop,3.490,0.668,261.59,12.62,44.19,19.754,61.0,5.02,2.66,
run_0749,45.0,120.0,1.8,left,near,0.5,3.00,0.0,4.0,5.0,cautious_ramp,ClearSunset,,,30.0,,True,False,full_stop,3.490,0.668,261.59,12.62,44.19,19.754,61.0,5.02,2.66,
run_0750,45.0,120.0,1.8,left,near,0.5,3.00,0.0,4.0,2.5,exponential,ClearSunset,,,30.0,,True,False,full_stop,3.847,0.720,305.60,12.19,44.19,19.754,61.0,5.02,2.58,
run_0751,45.0,120.0,1.8,left,near,0.5,3.00,0.0,4.0,5.0,exponential,ClearSunset,,,30.0,,True,False,full_stop,5.155,0.928,272.04,12.46,44.19,19.754,61.0,5.02,2.48,
run_0752,45.0,120.0,1.8,left,near,0.5,3.50,0.0,4.0,2.5,proportional_ramp,ClearSunset,,,30.0,,True,False,full_stop,4.190,0.770,270.13,13.11,44.15,19.736,51.1,4.52,2.48,
run_0753,45.0,120.0,1.8,left,near,0.5,3.50,0.0,4.0,5.0,proportional_ramp,ClearSunset,,,30.0,,True,False,full_stop,4.673,0.849,270.26,13.32,44.15,19.736,51.1,4.52,2.44,
run_0754,45.0,120.0,1.8,left,near,0.5,3.50,0.0,4.0,2.5,step_constant,ClearSunset,,,30.0,,True,False,full_stop,5.169,0.932,286.52,13.46,44.15,19.736,51.1,4.52,2.40,
run_0755,45.0,120.0,1.8,left,near,0.5,3.50,0.0,4.0,5.0,step_constant,ClearSunset,,,30.0,,True,False,full_stop,5.169,0.932,286.52,13.46,44.15,19.736,51.1,4.52,2.40,
run_0756,45.0,120.0,1.8,left,near,0.5,3.50,0.0,4.0,2.5,cautious_ramp,ClearSunset,,,30.0,,True,False,full_stop,2.724,0.527,285.60,12.51,44.15,19.736,51.1,4.52,2.64,
run_0757,45.0,120.0,1.8,left,near,0.5,3.50,0.0,4.0,5.0,cautious_ramp,ClearSunset,,,30.0,,True,False,full_stop,2.724,0.527,285.60,12.51,44.15,19.736,51.1,4.52,2.64,
run_0758,45.0,120.0,1.8,left,near,0.5,3.50,0.0,4.0,2.5,exponential,ClearSunset,,,30.0,,True,True,collision,2.647,0.431,275.75,13.55,44.15,19.736,51.1,4.52,2.64,
run_0759,45.0,120.0,1.8,left,near,0.5,3.50,0.0,4.0,5.0,exponential,ClearSunset,,,30.0,,True,False,full_stop,4.229,0.778,270.36,13.14,44.15,19.736,51.1,4.52,2.48,
run_0760,45.0,120.0,1.8,left,far,0.5,1.80,0.0,4.0,2.5,proportional_ramp,ClearSunset,,,30.0,,True,True,collision,1.686,0.155,4816.47,15.02,44.38,19.841,84.4,6.20,22.58,
run_0761,45.0,120.0,1.8,left,far,0.5,1.80,0.0,4.0,5.0,proportional_ramp,ClearSunset,,,30.0,,True,True,collision,1.674,0.151,4816.72,14.41,44.38,19.841,84.4,6.20,22.46,
run_0762,45.0,120.0,1.8,left,far,0.5,1.80,0.0,4.0,2.5,step_constant,ClearSunset,,,30.0,,True,True,collision,1.687,0.153,4816.77,14.94,44.38,19.841,84.4,6.20,22.54,
run_0763,45.0,120.0,1.8,left,far,0.5,1.80,0.0,4.0,5.0,step_constant,ClearSunset,,,30.0,,True,True,collision,1.687,0.153,4816.77,14.94,44.38,19.841,84.4,6.20,22.54,
run_0764,45.0,120.0,1.8,left,far,0.5,1.80,0.0,4.0,2.5,cautious_ramp,ClearSunset,,,30.0,,True,True,collision,1.662,0.142,4608.86,13.01,44.38,19.841,84.4,6.20,,
run_0765,45.0,120.0,1.8,left,far,0.5,1.80,0.0,4.0,5.0,cautious_ramp,ClearSunset,,,30.0,,True,True,collision,1.662,0.142,4608.86,13.01,44.38,19.841,84.4,6.20,,
run_0766,45.0,120.0,1.8,left,far,0.5,1.80,0.0,4.0,2.5,exponential,ClearSunset,,,30.0,,True,True,collision,1.672,0.150,4634.27,14.30,44.38,19.841,84.4,6.20,22.72,
run_0767,45.0,120.0,1.8,left,far,0.5,1.80,0.0,4.0,5.0,exponential,ClearSunset,,,30.0,,True,True,collision,1.686,0.155,4608.90,13.37,44.38,19.841,84.4,6.20,,
run_0768,45.0,120.0,1.8,left,far,0.5,2.20,0.0,4.0,2.5,proportional_ramp,ClearSunset,,,30.0,,True,False,full_stop,2.322,0.347,295.70,9.81,44.33,19.816,76.4,5.80,2.38,
run_0769,45.0,120.0,1.8,left,far,0.5,2.20,0.0,4.0,5.0,proportional_ramp,ClearSunset,,,30.0,,True,False,full_stop,2.382,0.371,265.20,9.84,44.33,19.816,76.4,5.80,2.30,
run_0770,45.0,120.0,1.8,left,far,0.5,2.20,0.0,4.0,2.5,step_constant,ClearSunset,,,30.0,,True,False,full_stop,2.441,0.397,278.70,9.92,44.33,19.816,76.4,5.80,2.28,
run_0771,45.0,120.0,1.8,left,far,0.5,2.20,0.0,4.0,5.0,step_constant,ClearSunset,,,30.0,,True,False,full_stop,2.441,0.397,278.70,9.92,44.33,19.816,76.4,5.80,2.28,
run_0772,45.0,120.0,1.8,left,far,0.5,2.20,0.0,4.0,2.5,cautious_ramp,ClearSunset,,,30.0,,True,False,slowed_avoided,2.144,0.271,41.93,5.02,44.33,19.816,76.4,5.80,,
run_0773,45.0,120.0,1.8,left,far,0.5,2.20,0.0,4.0,5.0,cautious_ramp,ClearSunset,,,30.0,,True,False,slowed_avoided,2.144,0.271,41.93,5.02,44.33,19.816,76.4,5.80,,
run_0774,45.0,120.0,1.8,left,far,0.5,2.20,0.0,4.0,2.5,exponential,ClearSunset,,,30.0,,True,False,full_stop,2.219,0.307,311.75,9.71,44.33,19.816,76.4,5.80,2.58,
run_0775,45.0,120.0,1.8,left,far,0.5,2.20,0.0,4.0,5.0,exponential,ClearSunset,,,30.0,,True,False,full_stop,2.329,0.349,293.76,9.82,44.33,19.816,76.4,5.80,2.38,
run_0776,45.0,120.0,1.8,left,far,0.5,2.60,0.0,4.0,2.5,proportional_ramp,ClearSunset,,,30.0,,True,False,slowed_avoided,2.482,0.364,46.26,5.15,44.26,19.784,68.9,5.42,,
run_0777,45.0,120.0,1.8,left,far,0.5,2.60,0.0,4.0,5.0,proportional_ramp,ClearSunset,,,30.0,,True,False,slowed_avoided,2.483,0.378,29.63,5.05,44.26,19.784,68.9,5.42,,
run_0778,45.0,120.0,1.8,left,far,0.5,2.60,0.0,4.0,2.5,step_constant,ClearSunset,,,30.0,,True,False,slowed_avoided,2.481,0.390,41.29,5.10,44.26,19.784,68.9,5.42,,
run_0779,45.0,120.0,1.8,left,far,0.5,2.60,0.0,4.0,5.0,step_constant,ClearSunset,,,30.0,,True,False,slowed_avoided,2.481,0.390,41.29,5.10,44.26,19.784,68.9,5.42,,
run_0780,45.0,120.0,1.8,left,far,0.5,2.60,0.0,4.0,2.5,cautious_ramp,ClearSunset,,,30.0,,True,False,slowed_avoided,2.482,0.292,43.61,4.89,44.26,19.784,68.9,5.42,,
run_0781,45.0,120.0,1.8,left,far,0.5,2.60,0.0,4.0,5.0,cautious_ramp,ClearSunset,,,30.0,,True,False,slowed_avoided,2.482,0.292,43.61,4.89,44.26,19.784,68.9,5.42,,
run_0782,45.0,120.0,1.8,left,far,0.5,2.60,0.0,4.0,2.5,exponential,ClearSunset,,,30.0,,True,False,slowed_avoided,2.483,0.343,81.05,4.88,44.26,19.784,68.9,5.42,,
run_0783,45.0,120.0,1.8,left,far,0.5,2.60,0.0,4.0,5.0,exponential,ClearSunset,,,30.0,,True,False,slowed_avoided,2.482,0.365,89.38,5.52,44.26,19.784,68.9,5.42,,
run_0784,45.0,120.0,1.8,left,far,0.5,3.00,0.0,4.0,2.5,proportional_ramp,ClearSunset,,,30.0,,True,False,slowed_avoided,2.486,0.272,27.19,4.22,44.19,19.754,61.0,5.02,,
run_0785,45.0,120.0,1.8,left,far,0.5,3.00,0.0,4.0,5.0,proportional_ramp,ClearSunset,,,30.0,,True,False,slowed_avoided,2.480,0.290,130.44,7.39,44.19,19.754,61.0,5.02,,
run_0786,45.0,120.0,1.8,left,far,0.5,3.00,0.0,4.0,2.5,step_constant,ClearSunset,,,30.0,,True,False,slowed_avoided,2.486,0.311,42.49,5.17,44.19,19.754,61.0,5.02,,
run_0787,45.0,120.0,1.8,left,far,0.5,3.00,0.0,4.0,5.0,step_constant,ClearSunset,,,30.0,,True,False,slowed_avoided,2.486,0.311,42.49,5.17,44.19,19.754,61.0,5.02,,
run_0788,45.0,120.0,1.8,left,far,0.5,3.00,0.0,4.0,2.5,cautious_ramp,ClearSunset,,,30.0,,True,False,slowed_avoided,2.489,0.240,43.56,5.60,44.19,19.754,61.0,5.02,,
run_0789,45.0,120.0,1.8,left,far,0.5,3.00,0.0,4.0,5.0,cautious_ramp,ClearSunset,,,30.0,,True,False,slowed_avoided,2.489,0.240,43.56,5.60,44.19,19.754,61.0,5.02,,
run_0790,45.0,120.0,1.8,left,far,0.5,3.00,0.0,4.0,2.5,exponential,ClearSunset,,,30.0,,True,False,slowed_avoided,2.484,0.247,43.50,5.47,44.19,19.754,61.0,5.02,,
run_0791,45.0,120.0,1.8,left,far,0.5,3.00,0.0,4.0,5.0,exponential,ClearSunset,,,30.0,,True,False,slowed_avoided,2.487,0.276,27.19,4.19,44.19,19.754,61.0,5.02,,
run_0792,45.0,120.0,1.8,left,far,0.5,3.50,0.0,4.0,2.5,proportional_ramp,ClearSunset,,,30.0,,True,False,slowed_avoided,2.483,0.169,44.20,6.53,44.15,19.736,51.1,4.52,,
run_0793,45.0,120.0,1.8,left,far,0.5,3.50,0.0,4.0,5.0,proportional_ramp,ClearSunset,,,30.0,,True,False,slowed_avoided,2.490,0.190,43.58,5.92,44.15,19.736,51.1,4.52,,
run_0794,45.0,120.0,1.8,left,far,0.5,3.50,0.0,4.0,2.5,step_constant,ClearSunset,,,30.0,,True,False,slowed_avoided,2.489,0.210,33.52,4.78,44.15,19.736,51.1,4.52,,
run_0795,45.0,120.0,1.8,left,far,0.5,3.50,0.0,4.0,5.0,step_constant,ClearSunset,,,30.0,,True,False,slowed_avoided,2.487,0.202,42.96,5.25,44.15,19.736,51.1,4.52,,
run_0796,45.0,120.0,1.8,left,far,0.5,3.50,0.0,4.0,2.5,cautious_ramp,ClearSunset,,,30.0,,True,False,slowed_avoided,2.483,0.165,43.94,6.52,44.15,19.736,51.1,4.52,,
run_0797,45.0,120.0,1.8,left,far,0.5,3.50,0.0,4.0,5.0,cautious_ramp,ClearSunset,,,30.0,,True,False,slowed_avoided,2.483,0.165,43.94,6.52,44.15,19.736,51.1,4.52,,
run_0798,45.0,120.0,1.8,left,far,0.5,3.50,0.0,4.0,2.5,exponential,ClearSunset,,,30.0,,True,False,slowed_avoided,2.486,0.152,44.62,6.47,44.15,19.736,51.1,4.52,,
run_0799,45.0,120.0,1.8,left,far,0.5,3.50,0.0,4.0,5.0,exponential,ClearSunset,,,30.0,,True,False,slowed_avoided,2.495,0.175,43.53,6.37,44.15,19.736,51.1,4.52,,
