episode,sim_time_s,ego_speed_mps,sac_action,sac_brake_cmd,hazard_active,d_min_m,trigger_dist_m,ttc_s,proportional_ramp,step_constant,cautious_ramp,exponential
1,0.02,inf,0.3933233320713043,0.0,0,-1.0,5.979999974370003,inf,0.0,0.0,0.0,0.0
1,0.04,inf,0.35723793506622314,0.0,0,-1.0,6.469999998807907,inf,0.0,0.0,0.0,0.0
1,0.06,inf,0.26253968477249146,0.0,0,-1.0,6.9599999487400055,inf,0.0,0.0,0.0,0.0
1,0.08,inf,0.21024397015571594,0.0,0,-1.0,7.450000196695328,inf,0.0,0.0,0.0,0.0
1,0.1,inf,0.2385377287864685,0.0,0,-1.0,7.940000295639038,inf,0.0,0.0,0.0,0.0
1,0.12,inf,0.2693180739879608,0.0,0,-1.0,8.430000245571136,inf,0.0,0.0,0.0,0.0
1,0.14,inf,0.30232518911361694,0.0,0,-1.0,8.920000493526459,inf,0.0,0.0,0.0,0.0
1,0.16,inf,0.33750903606414795,0.0,0,-1.0,9.410000443458557,inf,0.0,0.0,0.0,0.0
1,0.18,inf,0.37458887696266174,0.0,0,-1.0,9.90000069141388,inf,0.0,0.0,0.0,0.0
1,0.2,inf,0.4144982695579529,0.0,0,-1.0,10.390000939369202,inf,0.0,0.0,0.0,0.0
1,0.22,inf,0.4579430818557739,0.0,0,-1.0,10.328222998001724,inf,0.0,0.0,0.0,0.0
1,0.24,inf,0.45228925347328186,0.0,0,-1.0,9.033847000311361,inf,0.0,0.0,0.0,0.0
1,0.26,inf,0.34596705436706543,0.0,0,-1.0,7.855902534385143,inf,0.0,0.0,0.0,0.0
1,0.28,inf,0.2638791799545288,0.0,0,-1.0,6.9613218864345345,inf,0.0,0.0,0.0,0.0
1,0.3,inf,0.21031701564788818,0.0,0,-1.0,6.287893865141914,inf,0.0,0.0,0.0,0.0
1,0.32,inf,0.2918916642665863,0.0,0,-1.0,5.786461199020137,inf,0.0,0.0,0.0,0.0
1,0.34,inf,0.4014267921447754,0.0,0,-1.0,5.417955926550981,inf,0.0,0.0,0.0,0.0
1,0.36,inf,0.37837135791778564,0.0,0,-1.0,5.151796251783959,inf,0.0,0.0,0.0,0.0
1,0.38,inf,0.3252840042114258,0.0,0,-1.0,5.036144852063473,inf,0.0,0.0,0.0,0.0
1,0.4,inf,0.3033909201622009,0.0,0,-1.0,5.164675049150245,inf,0.0,0.0,0.0,0.0
1,0.42,inf,0.3277645707130432,0.0,0,-1.0,5.248496441929809,inf,0.0,0.0,0.0,0.0
1,0.44,inf,0.34414100646972656,0.0,0,-1.0,5.299123867491578,inf,0.0,0.0,0.0,0.0
1,0.46,inf,0.3542177081108093,0.0,0,-1.0,5.325346066681684,inf,0.0,0.0,0.0,0.0
1,0.48,inf,0.35948896408081055,0.0,0,-1.0,5.3341259896680215,inf,0.0,0.0,0.0,0.0
1,0.5,inf,0.36126166582107544,0.0,0,-1.0,5.3304733645088405,inf,0.0,0.0,0.0,0.0
1,0.52,inf,0.36052367091178894,0.0,0,-1.0,5.318430540430383,inf,0.0,0.0,0.0,0.0
1,0.54,inf,0.3580954670906067,0.0,0,-1.0,5.300948509003775,inf,0.0,0.0,0.0,0.0
1,0.56,inf,0.35458338260650635,0.0,0,-1.0,5.280161216931162,inf,0.0,0.0,0.0,0.0
1,0.58,inf,0.3504277467727661,0.0,0,-1.0,5.2577040462589535,inf,0.0,0.0,0.0,0.0
1,0.6,inf,0.3459634780883789,0.0,0,-1.0,5.234901359301247,inf,0.0,0.0,0.0,0.0
1,0.62,inf,0.341458261013031,0.0,0,-1.0,5.212200954118305,inf,0.0,0.0,0.0,0.0
1,0.64,inf,0.3370015025138855,0.0,0,-1.0,5.1906239616352545,inf,0.0,0.0,0.0,0.0
1,0.66,inf,0.33279192447662354,0.0,0,-1.0,5.1701725438217725,inf,0.0,0.0,0.0,0.0
1,0.68,inf,0.32882630825042725,0.0,0,-1.0,5.151114371334461,inf,0.0,0.0,0.0,0.0
1,0.7000000000000001,inf,0.32515284419059753,0.0,0,-1.0,5.13384145307304,inf,0.0,0.0,0.0,0.0
1,0.72,inf,0.321841835975647,0.0,0,-1.0,6.033790847449853,inf,0.0,0.0,0.0,0.0
1,0.74,inf,0.3453409671783447,0.0,0,-1.0,6.954361326615784,inf,0.0,0.0,0.0,0.0
1,0.76,inf,0.20993325114250183,0.0,0,-1.0,7.710602493934951,inf,0.0,0.0,0.0,0.0
1,0.78,inf,0.25461262464523315,0.0,0,-1.0,8.581209213081095,inf,0.0,0.0,0.0,0.0
1,0.8,inf,0.3129615783691406,0.0,0,-1.0,9.143451401289054,inf,0.0,0.0,0.0,0.0
1,0.8200000000000001,inf,0.35420316457748413,0.0,0,-1.0,9.88240983285015,inf,0.0,0.0,0.0,0.0
1,0.84,inf,0.4131379723548889,0.0,0,-1.0,10.475805948301476,inf,0.0,0.0,0.0,0.0
1,0.86,inf,0.4658134877681732,0.0,0,-1.0,11.017154006748708,inf,0.0,0.0,0.0,0.0
1,0.88,inf,0.515701413154602,0.0,0,-1.0,11.51756657608162,inf,0.0,0.0,0.0,0.0
1,0.9,inf,0.5615622401237488,0.0,0,-1.0,11.985517249025776,inf,0.0,0.0,0.0,0.0
1,0.92,inf,0.6035318374633789,0.0,0,-1.0,12.427625165488088,inf,0.0,0.0,0.0,0.0
1,0.9400000000000001,inf,0.6418410539627075,0.0,0,-1.0,12.849204084583112,inf,0.0,0.0,0.0,0.0
1,0.96,inf,0.6767657995223999,0.0,0,-1.0,13.254359900363138,inf,0.0,0.0,0.0,0.0
1,0.98,inf,0.7085686922073364,0.0,0,-1.0,13.646210433760618,inf,0.0,0.0,0.0,0.0
1,1.0,inf,0.7324317097663879,0.0,0,-1.0,14.027251161783296,inf,0.0,0.0,0.0,0.0
1,1.02,inf,0.7491206526756287,0.0,0,-1.0,14.399518163150566,inf,0.0,0.0,0.0,0.0
1,1.04,inf,0.7583154439926147,0.0,0,-1.0,14.764699453319647,inf,0.0,0.0,0.0,0.0
1,1.06,inf,0.7650656700134277,0.0,0,-1.0,15.12412359239789,inf,0.0,0.0,0.0,0.0
1,1.08,inf,0.7715807557106018,0.0,0,-1.0,15.47887429080285,inf,0.0,0.0,0.0,0.0
1,1.1,inf,0.7778855562210083,0.0,0,-1.0,15.829796744574363,inf,0.0,0.0,0.0,0.0
1,1.12,inf,0.7815028429031372,0.0,0,-1.0,16.177590138281065,inf,0.0,0.0,0.0,0.0
1,1.1400000000000001,inf,0.7714341878890991,0.0,0,-1.0,16.5228080088977,inf,0.0,0.0,0.0,0.0
1,1.16,inf,0.756131112575531,0.0,0,-1.0,16.865877628520742,inf,0.0,0.0,0.0,0.0
1,1.18,inf,0.7323400974273682,0.0,0,-1.0,17.20716895077551,inf,0.0,0.0,0.0,0.0
1,1.2,inf,0.7173982858657837,0.0,0,-1.0,17.546959737750633,inf,0.0,0.0,0.0,0.0
1,1.22,inf,0.7020308375358582,0.0,0,-1.0,17.884836694871325,inf,0.0,0.0,0.0,0.0
1,1.24,inf,0.6862837076187134,0.0,0,-1.0,18.223452474760762,inf,0.0,0.0,0.0,0.0
1,1.26,inf,0.6702627539634705,0.0,0,-1.0,18.564803224707447,inf,0.0,0.0,0.0,0.0
1,1.28,inf,0.6567248106002808,0.0,0,-1.0,18.795394342751024,inf,0.0,0.0,0.0,0.0
1,1.3,inf,0.6474316120147705,0.0,0,-1.0,18.771623385358463,inf,0.0,0.0,0.0,0.0
1,1.32,inf,0.6483948826789856,0.0,0,-1.0,18.94619450695838,inf,0.0,0.0,0.0,0.0
1,1.34,inf,0.6412925720214844,0.0,0,-1.0,19.056299227701352,inf,0.0,0.0,0.0,0.0
1,1.36,inf,0.6367807984352112,0.0,0,-1.0,19.2578810648134,inf,0.0,0.0,0.0,0.0
1,1.3800000000000001,inf,0.6277276873588562,0.0,0,-1.0,19.443107986257306,inf,0.0,0.0,0.0,0.0
1,1.4000000000000001,inf,0.6312541365623474,0.0,0,-1.0,19.68712015502258,inf,0.0,0.0,0.0,0.0
1,1.42,inf,0.6289483308792114,0.0,0,-1.0,19.92598202712245,inf,0.0,0.0,0.0,0.0
1,1.44,inf,0.626685619354248,0.0,0,-1.0,20.205054734127145,inf,0.0,0.0,0.0,0.0
1,1.46,inf,0.6240344643592834,0.0,0,-1.0,20.485518418455683,inf,0.0,0.0,0.0,0.0
1,1.48,inf,0.6275269985198975,0.0,0,-1.0,20.789840537140044,inf,0.0,0.0,0.0,0.0
1,1.5,inf,0.5992863178253174,0.0,0,-1.0,21.102217772413063,inf,0.0,0.0,0.0,0.0
1,1.52,inf,0.5869436860084534,0.0,0,-1.0,21.426960078495753,inf,0.0,0.0,0.0,0.0
1,1.54,inf,0.5859549045562744,0.0,0,-1.0,21.765317848293527,inf,0.0,0.0,0.0,0.0
1,1.56,inf,0.5846080780029297,0.0,0,-1.0,22.115495681544015,inf,0.0,0.0,0.0,0.0
1,1.58,inf,0.5645496249198914,0.0,0,-1.0,22.479108286159796,inf,0.0,0.0,0.0,0.0
1,1.6,inf,0.5398536324501038,0.0,0,-1.0,22.857907417742595,inf,0.0,0.0,0.0,0.0
1,1.62,inf,0.5134881734848022,0.0,0,-1.0,23.234822490868957,inf,0.0,0.0,0.0,0.0
1,1.6400000000000001,inf,0.4798111319541931,0.0,0,-1.0,23.585417822581014,inf,0.0,0.0,0.0,0.0
1,1.6600000000000001,inf,0.46883198618888855,0.0,0,-1.0,23.941357025397483,inf,0.0,0.0,0.0,0.0
1,1.68,inf,0.4577162265777588,0.0,0,-1.0,24.311158407670305,inf,0.0,0.0,0.0,0.0
1,1.7,inf,0.44809454679489136,0.0,0,-1.0,24.681120168453916,inf,0.0,0.0,0.0,0.0
1,1.72,inf,0.44070884585380554,0.0,0,-1.0,25.049399966548886,inf,0.0,0.0,0.0,0.0
1,1.74,inf,0.4332762658596039,0.0,0,-1.0,25.41847161180392,inf,0.0,0.0,0.0,0.0
1,1.76,inf,0.42585766315460205,0.0,0,-1.0,25.789693236068413,inf,0.0,0.0,0.0,0.0
1,1.78,inf,0.41842949390411377,0.0,0,-1.0,26.16251429006028,inf,0.0,0.0,0.0,0.0
1,1.8,inf,0.41100624203681946,0.0,0,-1.0,26.53697283245023,inf,0.0,0.0,0.0,0.0
1,1.82,inf,0.40658408403396606,0.0,0,-1.0,26.913893494196735,inf,0.0,0.0,0.0,0.0
1,1.84,inf,0.40271931886672974,0.0,0,-1.0,27.294432254533692,inf,0.0,0.0,0.0,0.0
1,1.86,inf,0.39016109704971313,0.0,0,-1.0,27.68002017537306,inf,0.0,0.0,0.0,0.0
1,1.8800000000000001,inf,0.3696399927139282,0.0,0,-1.0,28.072982255396347,inf,0.0,0.0,0.0,0.0
1,1.9000000000000001,inf,0.3674759864807129,0.0,0,-1.0,28.473046035579834,inf,0.0,0.0,0.0,0.0
1,1.92,inf,0.36586785316467285,0.0,0,-1.0,28.872652403373536,inf,0.0,0.0,0.0,0.0
1,1.94,inf,0.3627394437789917,0.0,0,-1.0,29.26518253039578,inf,0.0,0.0,0.0,0.0
1,1.96,inf,0.3591982126235962,0.0,0,-1.0,29.64961623463967,inf,0.0,0.0,0.0,0.0
1,1.98,inf,0.3558630347251892,0.0,0,-1.0,30.026451180656974,inf,0.0,0.0,0.0,0.0
1,2.0,inf,0.35359206795692444,0.0,0,-1.0,30.39639993526368,inf,0.0,0.0,0.0,0.0
1,2.02,inf,0.3513689935207367,0.0,0,-1.0,30.760201133945188,inf,0.0,0.0,0.0,0.0
1,2.04,inf,0.34918907284736633,0.0,0,-1.0,31.118595315933028,inf,0.0,0.0,0.0,0.0
1,2.06,inf,0.34790825843811035,0.0,0,-1.0,31.472244476970985,inf,0.0,0.0,0.0,0.0
1,2.08,inf,0.35843509435653687,0.0,0,-1.0,31.821744126207705,inf,0.0,0.0,0.0,0.0
1,2.1,inf,0.37879347801208496,0.0,0,-1.0,32.16762141995882,inf,0.0,0.0,0.0,0.0
1,2.12,inf,0.4005403518676758,0.0,0,-1.0,32.51033966247778,inf,0.0,0.0,0.0,0.0
1,2.14,inf,0.42711612582206726,0.0,0,-1.0,32.85028949473447,inf,0.0,0.0,0.0,0.0
1,2.16,inf,0.4538887143135071,0.0,0,-1.0,33.18756075657704,inf,0.0,0.0,0.0,0.0
1,2.18,inf,0.47463831305503845,0.0,0,-1.0,33.52256329853229,inf,0.0,0.0,0.0,0.0
1,2.2,inf,0.4899015426635742,0.0,0,-1.0,33.85413982723479,inf,0.0,0.0,0.0,0.0
1,2.22,inf,0.5199056267738342,0.0,0,-1.0,34.18576936158661,inf,0.0,0.0,0.0,0.0
1,2.24,inf,0.5492760539054871,0.0,0,-1.0,34.51636131324101,inf,0.0,0.0,0.0,0.0
1,2.2600000000000002,inf,0.5782169103622437,0.0,0,-1.0,34.84599287901668,inf,0.0,0.0,0.0,0.0
1,2.2800000000000002,inf,0.6065489053726196,0.0,0,-1.0,35.17473535331531,inf,0.0,0.0,0.0,0.0
1,2.3000000000000003,inf,0.6449594497680664,0.0,0,-1.0,35.50263944775563,inf,0.0,0.0,0.0,0.0
1,2.32,inf,0.697765588760376,0.0,0,-1.0,35.829770969974035,inf,0.0,0.0,0.0,0.0
1,2.34,inf,0.7442163228988647,0.0,0,-1.0,36.15618860106079,inf,0.0,0.0,0.0,0.0
1,2.36,inf,0.7840274572372437,0.0,0,-1.0,36.481945000462446,inf,0.0,0.0,0.0,0.0
1,2.38,inf,0.8233582973480225,0.0,0,-1.0,36.80707391648147,inf,0.0,0.0,0.0,0.0
1,2.4,inf,0.8572099804878235,0.0,0,-1.0,37.13161899442568,inf,0.0,0.0,0.0,0.0
1,2.42,inf,0.8841927647590637,0.0,0,-1.0,37.455705572196564,inf,0.0,0.0,0.0,0.0
1,2.44,inf,0.906603217124939,0.0,0,-1.0,37.779185096094366,inf,0.0,0.0,0.0,0.0
1,2.46,inf,0.9250133037567139,0.0,0,-1.0,38.10215565896694,inf,0.0,0.0,0.0,0.0
1,2.48,inf,0.940010130405426,0.0,0,-1.0,38.42463464872807,inf,0.0,0.0,0.0,0.0
1,2.5,inf,0.9521454572677612,0.0,0,-1.0,38.74666827976986,inf,0.0,0.0,0.0,0.0
1,2.52,inf,0.9574536085128784,0.0,0,-1.0,39.06826088203961,inf,0.0,0.0,0.0,0.0
1,2.54,inf,0.9595543146133423,0.0,0,-1.0,39.3894464596689,inf,0.0,0.0,0.0,0.0
1,2.56,inf,0.9597426056861877,0.0,0,-1.0,39.71024903447645,inf,0.0,0.0,0.0,0.0
1,2.58,inf,0.9596444368362427,0.0,0,-1.0,40.03067900954564,inf,0.0,0.0,0.0,0.0
1,2.6,inf,0.9593197107315063,0.0,0,-1.0,40.34994447298885,inf,0.0,0.0,0.0,0.0
1,2.62,inf,0.958993673324585,0.0,0,-1.0,40.665466497351524,inf,0.0,0.0,0.0,0.0
1,2.64,inf,0.9586690068244934,0.0,0,-1.0,40.975003018746754,inf,0.0,0.0,0.0,0.0
1,2.66,inf,0.9583481550216675,0.0,0,-1.0,41.27661667958536,inf,0.0,0.0,0.0,0.0
1,2.68,inf,0.9575938582420349,0.0,0,-1.0,41.56857847559417,inf,0.0,0.0,0.0,0.0
1,2.7,inf,0.9547103643417358,0.0,0,-1.0,41.849223794343985,inf,0.0,0.0,0.0,0.0
1,2.72,inf,0.9451254606246948,0.0,0,-1.0,42.11735803738311,inf,0.0,0.0,0.0,0.0
1,2.74,inf,0.9342089295387268,0.0,0,-1.0,42.37158408684816,inf,0.0,0.0,0.0,0.0
1,2.7600000000000002,inf,0.9215575456619263,0.0,0,-1.0,42.61114925354018,inf,0.0,0.0,0.0,0.0
1,2.7800000000000002,inf,0.9070795774459839,0.0,0,-1.0,42.835931094872215,inf,0.0,0.0,0.0,0.0
1,2.8000000000000003,inf,0.8913592100143433,0.0,0,-1.0,43.04436821558795,inf,0.0,0.0,0.0,0.0
1,2.82,inf,0.8747420310974121,0.01579446859908659,0,-1.0,43.23570273644778,inf,0.0,0.0,0.0,0.0
1,2.84,inf,3.2573938369750977e-05,0.03965271275037073,0,-1.0,43.40611876609981,inf,0.0,0.0,0.0,0.0
1,2.86,inf,0.00011986494064331055,0.05827576981132288,0,-1.0,43.53914060224947,inf,0.0,0.0,0.0,0.0
1,2.88,inf,0.00018471479415893555,0.0696047850452753,0,-1.0,43.62006213963484,inf,0.0,0.0,0.0,0.0
1,2.9,inf,0.00029215216636657715,0.07223558845492949,0,-1.0,43.63885359256094,inf,0.0,0.0,0.0,0.0
1,2.92,inf,0.00037020444869995117,0.06718987533798625,0,-1.0,43.60281278458278,inf,0.0,0.0,0.0,0.0
1,2.94,inf,0.00023508071899414062,0.05594938505803698,0,-1.0,43.52252356829743,inf,0.0,0.0,0.0,0.0
1,2.96,inf,0.00017124414443969727,0.03985733282342311,0,-1.0,43.40758033805018,inf,0.0,0.0,0.0,0.0
1,2.98,inf,0.00012037158012390137,0.01971039027734761,0,-1.0,43.26367360557822,inf,0.0,0.0,0.0,0.0
1,3.0,inf,5.5223703384399414e-05,0.0,0,-1.0,43.09667582006369,inf,0.0,0.0,0.0,0.0
1,3.02,inf,0.8702435493469238,0.0,0,-1.0,42.91284400725563,inf,0.0,0.0,0.0,0.0
1,3.04,inf,0.8854656219482422,0.0,0,-1.0,42.72369116827446,inf,0.0,0.0,0.0,0.0
1,3.06,inf,0.8994816541671753,0.0,0,-1.0,42.53915667962653,inf,0.0,0.0,0.0,0.0
1,3.08,inf,0.9116657972335815,0.0,0,-1.0,42.36185937402411,inf,0.0,0.0,0.0,0.0
1,3.1,inf,0.9220992922782898,0.0,0,-1.0,42.192787477067284,inf,0.0,0.0,0.0,0.0
1,3.12,inf,0.9307912588119507,0.0,0,-1.0,42.033385854309756,inf,0.0,0.0,0.0,0.0
1,3.14,inf,0.9378288984298706,0.0,0,-1.0,41.88487428895097,inf,0.0,0.0,0.0,0.0
1,3.16,inf,0.9437789916992188,0.0,0,-1.0,41.748514854401606,inf,0.0,0.0,0.0,0.0
1,3.18,inf,0.9487669467926025,0.0,0,-1.0,41.62513342521163,inf,0.0,0.0,0.0,0.0
1,3.2,inf,0.9529167413711548,0.0,0,-1.0,41.51555167777182,inf,0.0,0.0,0.0,0.0
1,3.22,inf,0.9554443359375,0.0,0,-1.0,41.42038067288318,inf,0.0,0.0,0.0,0.0
1,3.24,inf,0.9563126564025879,0.0,0,-1.0,41.33971517829546,inf,0.0,0.0,0.0,0.0
1,3.2600000000000002,inf,0.957036018371582,0.0,0,-1.0,41.27312348660386,inf,0.0,0.0,0.0,0.0
1,3.2800000000000002,inf,0.9576245546340942,0.0,0,-1.0,41.21999038587349,inf,0.0,0.0,0.0,0.0
1,3.3000000000000003,inf,0.9580885767936707,0.0,0,-1.0,41.17952202649426,inf,0.0,0.0,0.0,0.0
1,3.3200000000000003,inf,0.9581347703933716,0.0,0,-1.0,41.15080529188874,inf,0.0,0.0,0.0,0.0
1,3.34,inf,0.9581648111343384,0.0,0,-1.0,41.13281456339499,inf,0.0,0.0,0.0,0.0
1,3.36,inf,0.9581835865974426,0.0,0,-1.0,41.12447032291901,inf,0.0,0.0,0.0,0.0
1,3.38,inf,0.9581922888755798,0.0,0,-1.0,41.12463768492365,inf,0.0,0.0,0.0,0.0
1,3.4,inf,0.9581921100616455,0.0,0,-1.0,41.13215553512526,inf,0.0,0.0,0.0,0.0
1,3.42,inf,0.9581842422485352,0.0,0,-1.0,41.1458841990014,inf,0.0,0.0,0.0,0.0
1,3.44,inf,0.9581699371337891,0.0,0,-1.0,41.164746033699,inf,0.0,0.0,0.0,0.0
1,3.46,inf,0.9581502079963684,0.0,0,-1.0,41.18770159341233,inf,0.0,0.0,0.0,0.0
1,3.48,inf,0.9581261873245239,0.0,0,-1.0,41.21380646787238,inf,0.0,0.0,0.0,0.0
1,3.5,inf,0.9580988883972168,0.0,0,-1.0,41.242176303819626,inf,0.0,0.0,0.0,0.0
1,3.52,inf,0.9578953981399536,0.0,0,-1.0,41.27195108838818,inf,0.0,0.0,0.0,0.0
1,3.54,inf,0.9576348066329956,0.0,0,-1.0,41.30246094132594,inf,0.0,0.0,0.0,0.0
1,3.56,inf,0.9573662281036377,0.0,0,-1.0,41.3330902144868,inf,0.0,0.0,0.0,0.0
1,3.58,inf,0.9570949077606201,0.0,0,-1.0,41.36328789662582,inf,0.0,0.0,0.0,0.0
1,3.6,inf,0.956825852394104,0.0,0,-1.0,41.39261281927887,inf,0.0,0.0,0.0,0.0
1,3.62,inf,0.9565629959106445,0.0,0,-1.0,41.420671584884175,inf,0.0,0.0,0.0,0.0
1,3.64,inf,0.9563100934028625,0.0,0,-1.0,41.44715899369864,inf,0.0,0.0,0.0,0.0
1,3.66,inf,0.9560700058937073,0.0,0,-1.0,41.47184859484238,inf,0.0,0.0,0.0,0.0
1,3.68,inf,0.9558451175689697,0.0,0,-1.0,41.494575862712864,inf,0.0,0.0,0.0,0.0
1,3.7,inf,0.9556370973587036,0.0,0,-1.0,41.51522643655157,inf,0.0,0.0,0.0,0.0
1,3.72,inf,0.9554473161697388,0.0,0,-1.0,41.53373617420548,inf,0.0,0.0,0.0,0.0
1,3.74,inf,0.955276608467102,0.0,0,-1.0,41.550122255200925,inf,0.0,0.0,0.0,0.0
1,3.7600000000000002,inf,0.9551248550415039,0.0,0,-1.0,41.56442374343393,inf,0.0,0.0,0.0,0.0
1,3.7800000000000002,inf,0.9548395276069641,0.0,0,-1.0,41.57670818467575,inf,0.0,0.0,0.0,0.0
1,3.8000000000000003,inf,0.9544565677642822,0.0,0,-1.0,41.587044956559126,inf,0.0,0.0,0.0,0.0
1,3.8200000000000003,inf,0.9541319608688354,0.0,0,-1.0,41.595538374417735,inf,0.0,0.0,0.0,0.0
1,3.84,inf,0.9538635015487671,0.0,0,-1.0,41.602374016951345,inf,0.0,0.0,0.0,0.0
1,3.86,inf,0.9536465406417847,0.0,0,-1.0,41.607700155730974,inf,0.0,0.0,0.0,0.0
1,3.88,inf,0.9534766674041748,0.0,0,-1.0,41.61168154570145,inf,0.0,0.0,0.0,0.0
1,3.9,inf,0.9533494114875793,0.0,0,-1.0,41.614482404437176,inf,0.0,0.0,0.0,0.0
1,3.92,inf,0.9532595872879028,0.0,0,-1.0,41.616267685104276,inf,0.0,0.0,0.0,0.0
1,3.94,inf,0.9532023668289185,0.0,0,-1.0,41.61719468012066,inf,0.0,0.0,0.0,0.0
1,3.96,inf,0.9531725645065308,0.0,0,-1.0,41.61741364950003,inf,0.0,0.0,0.0,0.0
1,3.98,inf,0.9531655311584473,0.0,0,-1.0,41.61707239576104,inf,0.0,0.0,0.0,0.0
1,4.0,inf,0.9531764984130859,0.0,0,-1.0,41.61628790954662,inf,0.0,0.0,0.0,0.0
1,4.0200000000000005,inf,0.9532017707824707,0.0,0,-1.0,41.61519129276087,inf,0.0,0.0,0.0,0.0
1,4.04,inf,0.9532369375228882,0.0,0,-1.0,41.613915007044824,inf,0.0,0.0,0.0,0.0
1,4.0600000000000005,inf,0.9532777667045593,0.0,0,-1.0,41.61255032985332,inf,0.0,0.0,0.0,0.0
1,4.08,inf,0.9533215761184692,0.0,0,-1.0,41.611178562637896,inf,0.0,0.0,0.0,0.0
1,4.1,inf,0.9533655047416687,0.0,0,-1.0,41.60987595886826,inf,0.0,0.0,0.0,0.0
1,4.12,inf,0.9534071683883667,0.0,0,-1.0,41.60869980057051,inf,0.0,0.0,0.0,0.0
1,4.14,inf,0.95344477891922,0.0,0,-1.0,41.60770494819523,inf,0.0,0.0,0.0,0.0
1,4.16,inf,0.9534765481948853,0.0,0,-1.0,41.60692461690878,inf,0.0,0.0,0.0,0.0
1,4.18,inf,0.9535014629364014,0.0,0,-1.0,41.606397106079136,inf,0.0,0.0,0.0,0.0
1,4.2,inf,0.953518271446228,0.0,0,-1.0,41.60613671452691,inf,0.0,0.0,0.0,0.0
1,4.22,inf,0.9535267353057861,0.0,0,-1.0,41.60616488532953,inf,0.0,0.0,0.0,0.0
1,4.24,inf,0.9535257816314697,0.0,0,-1.0,41.60647686107589,inf,0.0,0.0,0.0,0.0
1,4.26,inf,0.9535157084465027,0.0,0,-1.0,41.6070820545644,inf,0.0,0.0,0.0,0.0
1,4.28,inf,0.9534964561462402,0.0,0,-1.0,41.60796392638689,inf,0.0,0.0,0.0,0.0
1,4.3,inf,0.9534682035446167,0.0,0,-1.0,41.609117546417366,inf,0.0,0.0,0.0,0.0
1,4.32,inf,0.9534314870834351,0.0,0,-1.0,41.61052630435429,inf,0.0,0.0,0.0,0.0
1,4.34,inf,0.9533863067626953,0.0,0,-1.0,41.612171179407056,inf,0.0,0.0,0.0,0.0
1,4.36,inf,0.9533337950706482,0.0,0,-1.0,41.61403544863715,inf,0.0,0.0,0.0,0.0
1,4.38,inf,0.9532739520072937,0.0,0,-1.0,41.61609278508269,inf,0.0,0.0,0.0,0.0
1,4.4,inf,0.9532078504562378,0.0,0,-1.0,41.61832660800042,inf,0.0,0.0,0.0,0.0
1,4.42,inf,0.953136146068573,0.0,0,-1.0,41.62070824394705,inf,0.0,0.0,0.0,0.0
1,4.44,inf,0.9530594348907471,0.0,0,-1.0,41.6232234668263,inf,0.0,0.0,0.0,0.0
1,4.46,inf,0.9529783725738525,0.0,0,-1.0,41.625841205261324,inf,0.0,0.0,0.0,0.0
1,4.48,inf,0.9528939127922058,0.0,0,-1.0,41.62854959558465,inf,0.0,0.0,0.0,0.0
1,4.5,inf,0.9528062343597412,0.0,0,-1.0,41.63132234923228,inf,0.0,0.0,0.0,0.0
1,4.5200000000000005,inf,0.9527164697647095,0.0,0,-1.0,41.63414277778264,inf,0.0,0.0,0.0,0.0
1,4.54,inf,0.9526249170303345,0.0,0,-1.0,41.63699188317598,inf,0.0,0.0,0.0,0.0
1,4.5600000000000005,inf,0.9525322318077087,0.0,0,-1.0,41.639857674571076,inf,0.0,0.0,0.0,0.0
1,4.58,inf,0.9524388313293457,0.0,0,-1.0,41.642723381911544,inf,0.0,0.0,0.0,0.0
1,4.6000000000000005,inf,0.9523453116416931,0.0,0,-1.0,41.645577165191185,inf,0.0,0.0,0.0,0.0
1,4.62,inf,0.9522519707679749,0.0,0,-1.0,41.64841188547556,inf,0.0,0.0,0.0,0.0
1,4.64,inf,0.9521591663360596,0.0,0,-1.0,41.65121802850724,inf,0.0,0.0,0.0,0.0
1,4.66,inf,0.9520668983459473,0.0,0,-1.0,41.65398364702107,inf,0.0,0.0,0.0,0.0
1,4.68,inf,0.95197594165802,0.0,0,-1.0,41.65671115498218,inf,0.0,0.0,0.0,0.0
1,4.7,inf,0.9518861770629883,0.0,0,-1.0,41.659386162201734,inf,0.0,0.0,0.0,0.0
1,4.72,inf,0.9517979621887207,0.0,0,-1.0,41.66201590203312,inf,0.0,0.0,0.0,0.0
1,4.74,inf,0.9517109394073486,0.0,0,-1.0,41.66459556227076,inf,0.0,0.0,0.0,0.0
1,4.76,inf,0.9516254663467407,0.0,0,-1.0,41.66712515990811,inf,0.0,0.0,0.0,0.0
1,4.78,inf,0.951541543006897,0.0,0,-1.0,41.66960709355974,inf,0.0,0.0,0.0,0.0
1,4.8,inf,0.9514591097831726,0.0,0,-1.0,41.6720365407543,inf,0.0,0.0,0.0,0.0
1,4.82,inf,0.9513782262802124,0.0,0,-1.0,41.6744159573524,inf,0.0,0.0,0.0,0.0
1,4.84,inf,0.9512989521026611,0.0,0,-1.0,41.67675489959994,inf,0.0,0.0,0.0,0.0
1,4.86,inf,0.9512209296226501,0.0,0,-1.0,41.67904849836699,inf,0.0,0.0,0.0,0.0
1,4.88,inf,0.9511442184448242,0.0,0,-1.0,41.681303902351644,inf,0.0,0.0,0.0,0.0
1,4.9,inf,0.951068639755249,0.0,0,-1.0,41.683523607129786,inf,0.0,0.0,0.0,0.0
1,4.92,inf,0.9509942531585693,0.0,0,-1.0,41.685707502351875,inf,0.0,0.0,0.0,0.0
1,4.94,inf,0.9509208798408508,0.0,0,-1.0,41.68786283332004,inf,0.0,0.0,0.0,0.0
1,4.96,inf,0.9508484601974487,0.0,0,-1.0,41.6899919447819,inf,0.0,0.0,0.0,0.0
1,4.98,inf,0.9507766962051392,0.0,0,-1.0,41.692097196210966,inf,0.0,0.0,0.0,0.0
1,5.0,inf,0.9507058262825012,0.0,0,-1.0,41.69418335018839,inf,0.0,0.0,0.0,0.0
1,5.0200000000000005,inf,0.9506354331970215,0.0,0,-1.0,41.696248062944385,inf,0.0,0.0,0.0,0.0
1,5.04,inf,0.9505655765533447,0.0,0,-1.0,41.69829607993995,inf,0.0,0.0,0.0,0.0
1,5.0600000000000005,inf,0.9504963159561157,0.0,0,-1.0,41.700332168249176,inf,0.0,0.0,0.0,0.0
1,5.08,inf,0.9504271745681763,0.0,0,-1.0,41.70235393049934,inf,0.0,0.0,0.0,0.0
1,5.1000000000000005,inf,0.950358510017395,0.0,0,-1.0,41.704368568773546,inf,0.0,0.0,0.0,0.0
1,5.12,inf,0.9502900838851929,0.0,0,-1.0,41.70637843818487,inf,0.0,0.0,0.0,0.0
1,5.14,inf,0.9502216577529907,0.0,0,-1.0,41.70837873525414,inf,0.0,0.0,0.0,0.0
1,5.16,inf,0.9501535296440125,0.0,0,-1.0,41.710374269250494,inf,0.0,0.0,0.0,0.0
1,5.18,inf,0.9500853419303894,0.0,0,-1.0,41.71236502534203,inf,0.0,0.0,0.0,0.0
1,5.2,inf,0.9500173330307007,0.0,0,-1.0,41.71435102058152,inf,0.0,0.0,0.0,0.0
1,5.22,inf,0.9499494433403015,0.0,0,-1.0,41.71633467648445,inf,0.0,0.0,0.0,0.0
1,5.24,inf,0.9498814940452576,0.0,0,-1.0,41.7183159739484,inf,0.0,0.0,0.0,0.0
1,5.26,inf,0.9498135447502136,0.0,0,-1.0,41.720292479991265,inf,0.0,0.0,0.0,0.0
1,5.28,inf,0.9497457146644592,0.0,0,-1.0,41.722271334224104,inf,0.0,0.0,0.0,0.0
1,5.3,inf,0.949677586555481,0.0,0,-1.0,41.724245414622125,inf,0.0,0.0,0.0,0.0
1,5.32,inf,0.949609637260437,0.0,0,-1.0,41.7262171563138,inf,0.0,0.0,0.0,0.0
1,5.34,inf,0.9495416879653931,0.0,0,-1.0,41.728184085451055,inf,0.0,0.0,0.0,0.0
1,5.36,inf,0.9494738578796387,0.0,0,-1.0,41.730153416224326,inf,0.0,0.0,0.0,0.0
1,5.38,inf,0.9494056701660156,0.0,0,-1.0,41.732118005193584,inf,0.0,0.0,0.0,0.0
1,5.4,inf,0.9493377804756165,0.0,0,-1.0,41.734077841520865,inf,0.0,0.0,0.0,0.0
1,5.42,inf,0.9492697715759277,0.0,0,-1.0,41.73603526247306,inf,0.0,0.0,0.0,0.0
1,5.44,inf,0.9492018222808838,0.0,0,-1.0,41.737983155413815,inf,0.0,0.0,0.0,0.0
1,5.46,inf,0.9491342306137085,0.0,0,-1.0,41.73992628004332,inf,0.0,0.0,0.0,0.0
1,5.48,inf,0.9490667581558228,0.0,0,-1.0,41.74185985569663,inf,0.0,0.0,0.0,0.0
1,5.5,inf,0.948999285697937,0.0,0,-1.0,41.74378865635625,inf,0.0,0.0,0.0,0.0
1,5.5200000000000005,inf,0.9489320516586304,0.0,0,-1.0,41.74571511731267,inf,0.0,0.0,0.0,0.0
1,5.54,inf,0.948864758014679,0.0,0,-1.0,41.74763440280384,inf,0.0,0.0,0.0,0.0
1,5.5600000000000005,inf,0.9487977027893066,0.0,0,-1.0,41.74954654907935,inf,0.0,0.0,0.0,0.0
1,5.58,inf,0.9487308263778687,0.0,0,-1.0,41.75145388367639,inf,0.0,0.0,0.0,0.0
1,5.6000000000000005,0.9309464666640322,0.9486638903617859,0.08,1,13.721123227221929,41.7533564997878,0.9309464666640322,0.7627121967139985,1.0,0.5,0.5817298950162931
1,5.62,0.9111010998050587,0.5649749040603638,0.16,1,13.434424048920572,41.74652335210859,0.9111010998050587,0.7704701484790509,1.0,0.5,0.5936242496973307
1,5.64,inf,0.47767364978790283,0.24,0,-1.0,41.70875995177199,inf,0.0,0.0,0.0,0.0
1,5.66,0.8740231041425408,0.5847201943397522,0.32,1,12.8685307056634,41.62539859291113,0.8740231041425408,0.7851619092771769,1.0,0.5,0.6164792237797817
1,5.68,0.8571236059045064,0.5820319652557373,0.4,1,12.591213509308716,41.49475127539357,0.8571236059045064,0.7919916359471928,1.0,0.5,0.6272507514103107
1,5.7,0.8411399979680815,0.6754956245422363,0.48000000000000004,1,12.320345242348127,41.32322679314509,0.8411399979680815,0.7984665491302215,1.0,0.5,0.6375488300799245
1,5.72,0.8259320696442328,0.7021075487136841,0.56,1,12.036838299264279,41.11602742760434,0.8259320696442328,0.8051602349297737,1.0,0.5,0.6482830039121684
1,5.74,0.811389613990935,0.711397647857666,0.64,1,11.750844256185943,40.877416101220035,0.811389613990935,0.8118358290591507,1.0,0.5,0.6590774133441586
1,5.76,0.7974249691433744,0.7152931690216064,0.7152931690216064,1,11.674711287101147,40.61092150581378,0.7974249691433744,0.8125656117601044,1.0,0.5,0.6602628734150728
1,5.78,0.7839640712100594,0.7286716103553772,0.7286716103553772,1,11.095790929321105,40.31959973179696,0.7839640712100594,0.8274105319536427,1.0,0.5,0.6846081883878099
1,5.8,0.7708600248212351,0.7465492486953735,0.7465492486953735,1,10.88037494935272,40.0099575633659,0.7708600248212351,0.8320370729181948,1.0,0.5,0.6922856907102775
1,5.82,0.7579912496840956,0.739124596118927,0.739124596118927,1,10.588632442615653,39.6874099543529,0.7579912496840956,0.838885853686682,1.0,0.5,0.7037294755156333
1,5.84,0.7452737841536784,0.7409897446632385,0.7409897446632385,1,10.06278590509374,39.355726226857335,0.7452737841536784,0.852636329918826,1.0,0.5,0.7269887110974451
1,5.86,0.7326645850777748,0.7296657562255859,0.7296657562255859,1,9.994610448850295,39.01682320282562,0.7326645850777748,0.8531723430177508,1.0,0.5,0.7279030468903986
1,5.88,0.7201140690435851,0.756763219833374,0.756763219833374,1,9.535687995207086,38.67298493412196,0.7201140690435851,0.86530187317576,1.0,0.5,0.7487473317214791
1,5.9,0.7076481811549884,0.7223361730575562,0.736763219833374,1,9.46400420312188,38.32294060812132,0.7076481811549884,0.8660381070320686,1.0,0.5,0.7500220028316887
1,5.92,0.6951936044334945,0.7800388336181641,0.7800388336181641,1,9.039821091108353,37.9701187221694,0.6951936044334945,0.8774702291747606,1.0,0.5,0.7699540030880069
1,5.94,0.6828044708391277,0.7232670783996582,0.760038833618164,1,8.848575463538893,37.61191091398531,0.6828044708391277,0.8819886551974951,1.0,0.5,0.7779039878970859
1,5.96,0.6704015983933486,0.7866469621658325,0.7866469621658325,1,8.50877884533886,37.252060405901524,0.6704015983933486,0.891207606547307,1.0,0.5,0.7942509979677795
1,5.98,0.6580085266372545,0.7902997732162476,0.7902997732162476,1,8.220473612391169,36.889387006820094,0.6580085266372545,0.8990111157764678,1.0,0.5,0.8082209862896496
1,6.0,0.6455999240878826,0.8302369713783264,0.8302369713783264,1,7.944060245350472,36.525051740587095,0.6455999240878826,0.9066120408119703,1.0,0.5,0.8219453925452458
1,6.0200000000000005,0.6332173157597475,0.8180494904518127,0.8180494904518127,1,7.7818863451485365,36.156982770222484,0.6332173157597475,0.9107138722107824,1.0,0.5,0.8293997570371573
1,6.04,0.620788747232213,0.8735463619232178,0.8735463619232178,1,7.420054604003037,35.788692136933875,0.620788747232213,0.9213979407361718,1.0,0.5,0.8489741651928578
1,6.0600000000000005,0.6083895951145329,0.8403629660606384,0.8535463619232178,1,7.2755009725394055,35.4163746143672,0.6083895951145329,0.92518829080095,1.0,0.5,0.8559733734351832
1,6.08,0.5959256780749577,0.8932195901870728,0.8932195901870728,1,6.924708705893745,35.04470559512367,0.5959256780749577,0.9359385067096104,1.0,0.5,0.8759808883418155
1,6.1000000000000005,0.5834502876581463,0.8737077713012695,0.8737077713012695,1,6.720752501942763,34.67091703520167,0.5834502876581463,0.9420054156094584,1.0,0.5,0.8873742030375484
1,6.12,0.5708871646882991,0.9120833873748779,0.9120833873748779,1,6.556325851571184,34.298821232233934,0.5708871646882991,0.9468809397062381,1.0,0.5,0.8965835139789685
1,6.140000000000001,0.5583001151572387,0.9024440050125122,0.9024440050125122,1,6.213712119790613,33.92508508869753,0.5583001151572387,0.9580394624227097,1.0,0.5,0.9178396115591945
1,6.16,0.5456311635190908,0.9250831604003906,0.9250831604003906,1,5.97427753175295,33.55266027722337,0.5456311635190908,0.9658778718937746,1.0,0.5,0.9329200634140469
1,6.18,0.5329097628586263,0.9252928495407104,0.9252928495407104,1,5.74233415976581,33.17990882237266,0.5329097628586263,0.9736573257051685,1.0,0.5,0.9480085878993406
1,6.2,0.5201076597824408,0.9411280751228333,0.9411280751228333,1,5.58035453798459,32.80827556880688,0.5201076597824408,0.9791301500681479,1.0,0.5,0.9586958507724738
1,6.22,0.5072402296185213,0.944682776927948,0.944682776927948,1,5.329321426444615,32.436883118001774,0.5072402296185213,0.987997126895637,1.0,0.5,0.9761383227540334
1,6.24,0.4942899848302948,0.949333667755127,0.949333667755127,1,5.088472683853916,32.06661122983427,0.4942899848302948,0.9967312980889017,1.0,0.5,0.9934732805899871
1,6.26,0.4812530919411292,0.9534529447555542,0.9534529447555542,1,4.868930851286305,31.697638757173586,0.4812530919411292,1.0,1.0,0.5,1.0
1,6.28,0.46812702571395065,0.9581297636032104,0.9581297636032104,1,4.652810819116135,31.33004196831549,0.46812702571395065,1.0,1.0,0.5,1.0
1,6.3,0.454912677970317,0.9563789367675781,0.9563789367675781,1,4.4359090358272875,30.963754108111377,0.454912677970317,1.0,1.0,0.5,1.0
1,6.32,0.44159824384323465,0.956523060798645,0.956523060798645,1,4.237366480829302,30.599435599029256,0.44159824384323465,1.0,1.0,0.5,1.0
1,6.34,0.4281700130858123,0.9533902406692505,0.9533902406692505,1,4.055494011620188,30.237808861213836,0.4281700130858123,1.0,1.0,0.5,1.0
1,6.36,0.41454087697225395,0.9507763385772705,0.9507763385772705,1,3.841740831311068,29.883918877795246,0.41454087697225395,1.0,1.0,0.5,1.0
1,6.38,0.40049379872636925,0.948638916015625,0.948638916015625,1,3.6253268088382877,29.55061655496653,0.40049379872636925,1.0,1.0,0.5,1.0
1,6.4,0.3862045404126138,0.946812093257904,0.946812093257904,1,3.4275038281090673,29.22799544602665,0.3862045404126138,1.0,1.0,0.5,1.0
1,6.42,0.37182057919501776,0.9448448419570923,0.9448448419570923,1,3.224383758669524,28.90751530449128,0.37182057919501776,1.0,1.0,0.5,1.0
1,6.44,0.3573737005629922,0.9432990550994873,0.9432990550994873,1,3.039798565292448,28.587662214347084,0.3573737005629922,1.0,1.0,0.5,1.0
1,6.46,0.3428701696614386,0.9431111812591553,0.9431111812591553,1,2.8509579073610665,28.26852436056702,0.3428701696614386,1.0,1.0,0.5,1.0
1,6.48,inf,0.9434651136398315,0.9434651136398315,0,-1.0,27.950278215497658,inf,0.0,0.0,0.0,0.0
1,6.5,inf,0.5217769742012024,0.9234651136398315,0,-1.0,27.633171739657637,inf,0.0,0.0,0.0,0.0
1,6.5200000000000005,inf,0.4009929299354553,0.9034651136398315,0,-1.0,27.318647359346468,inf,0.0,0.0,0.0,0.0
1,6.54,inf,0.3938778340816498,0.8834651136398315,0,-1.0,26.90704220692137,inf,0.0,0.0,0.0,0.0
2,0.02,inf,0.3933233320713043,0.0,0,-1.0,5.979999974370003,inf,0.0,0.0,0.0,0.0
2,0.04,inf,0.35723793506622314,0.0,0,-1.0,6.469999998807907,inf,0.0,0.0,0.0,0.0
2,0.06,inf,0.26253968477249146,0.0,0,-1.0,6.9599999487400055,inf,0.0,0.0,0.0,0.0
2,0.08,inf,0.21024397015571594,0.0,0,-1.0,7.450000196695328,inf,0.0,0.0,0.0,0.0
2,0.1,inf,0.2385377287864685,0.0,0,-1.0,7.940000295639038,inf,0.0,0.0,0.0,0.0
2,0.12,inf,0.2693180739879608,0.0,0,-1.0,8.430000245571136,inf,0.0,0.0,0.0,0.0
2,0.14,inf,0.30232518911361694,0.0,0,-1.0,8.920000493526459,inf,0.0,0.0,0.0,0.0
2,0.16,inf,0.33750903606414795,0.0,0,-1.0,9.410000443458557,inf,0.0,0.0,0.0,0.0
2,0.18,inf,0.37458887696266174,0.0,0,-1.0,9.90000069141388,inf,0.0,0.0,0.0,0.0
2,0.2,inf,0.4144982695579529,0.0,0,-1.0,10.390000939369202,inf,0.0,0.0,0.0,0.0
2,0.22,inf,0.4579430818557739,0.0,0,-1.0,10.328222998001724,inf,0.0,0.0,0.0,0.0
2,0.24,inf,0.45228925347328186,0.0,0,-1.0,9.033847000311361,inf,0.0,0.0,0.0,0.0
2,0.26,inf,0.34596705436706543,0.0,0,-1.0,7.855902534385143,inf,0.0,0.0,0.0,0.0
2,0.28,inf,0.2638791799545288,0.0,0,-1.0,6.9613218864345345,inf,0.0,0.0,0.0,0.0
2,0.3,inf,0.21031701564788818,0.0,0,-1.0,6.287893865141914,inf,0.0,0.0,0.0,0.0
2,0.32,inf,0.2918916642665863,0.0,0,-1.0,5.786461199020137,inf,0.0,0.0,0.0,0.0
2,0.34,inf,0.4014267921447754,0.0,0,-1.0,5.417955926550981,inf,0.0,0.0,0.0,0.0
2,0.36,inf,0.37837135791778564,0.0,0,-1.0,5.151796251783959,inf,0.0,0.0,0.0,0.0
2,0.38,inf,0.3252840042114258,0.0,0,-1.0,5.036144852063473,inf,0.0,0.0,0.0,0.0
2,0.4,inf,0.3033909201622009,0.0,0,-1.0,5.164675049150245,inf,0.0,0.0,0.0,0.0
2,0.42,inf,0.3277645707130432,0.0,0,-1.0,5.248496441929809,inf,0.0,0.0,0.0,0.0
2,0.44,inf,0.34414100646972656,0.0,0,-1.0,5.299123867491578,inf,0.0,0.0,0.0,0.0
2,0.46,inf,0.3542177081108093,0.0,0,-1.0,5.325346066681684,inf,0.0,0.0,0.0,0.0
2,0.48,inf,0.35948896408081055,0.0,0,-1.0,5.3341259896680215,inf,0.0,0.0,0.0,0.0
2,0.5,inf,0.36126166582107544,0.0,0,-1.0,5.3304733645088405,inf,0.0,0.0,0.0,0.0
2,0.52,inf,0.36052367091178894,0.0,0,-1.0,5.318430540430383,inf,0.0,0.0,0.0,0.0
2,0.54,inf,0.3580954670906067,0.0,0,-1.0,5.300948509003775,inf,0.0,0.0,0.0,0.0
2,0.56,inf,0.35458338260650635,0.0,0,-1.0,5.280161216931162,inf,0.0,0.0,0.0,0.0
2,0.58,inf,0.3504277467727661,0.0,0,-1.0,5.2577040462589535,inf,0.0,0.0,0.0,0.0
2,0.6,inf,0.3459634780883789,0.0,0,-1.0,5.234901359301247,inf,0.0,0.0,0.0,0.0
2,0.62,inf,0.341458261013031,0.0,0,-1.0,5.212200954118305,inf,0.0,0.0,0.0,0.0
2,0.64,inf,0.3370015025138855,0.0,0,-1.0,5.1906239616352545,inf,0.0,0.0,0.0,0.0
2,0.66,inf,0.33279192447662354,0.0,0,-1.0,5.1701725438217725,inf,0.0,0.0,0.0,0.0
2,0.68,inf,0.32882630825042725,0.0,0,-1.0,5.151114371334461,inf,0.0,0.0,0.0,0.0
2,0.7000000000000001,inf,0.32515284419059753,0.0,0,-1.0,5.13384145307304,inf,0.0,0.0,0.0,0.0
2,0.72,inf,0.321841835975647,0.0,0,-1.0,6.033790847449853,inf,0.0,0.0,0.0,0.0
2,0.74,inf,0.3453409671783447,0.0,0,-1.0,6.954361326615784,inf,0.0,0.0,0.0,0.0
2,0.76,inf,0.20993325114250183,0.0,0,-1.0,7.710602493934951,inf,0.0,0.0,0.0,0.0
2,0.78,inf,0.25461262464523315,0.0,0,-1.0,8.581209213081095,inf,0.0,0.0,0.0,0.0
2,0.8,inf,0.3129615783691406,0.0,0,-1.0,9.143451401289054,inf,0.0,0.0,0.0,0.0
2,0.8200000000000001,inf,0.35420316457748413,0.0,0,-1.0,9.88240983285015,inf,0.0,0.0,0.0,0.0
2,0.84,inf,0.4131379723548889,0.0,0,-1.0,10.475805948301476,inf,0.0,0.0,0.0,0.0
2,0.86,inf,0.4658134877681732,0.0,0,-1.0,11.017154006748708,inf,0.0,0.0,0.0,0.0
2,0.88,inf,0.515701413154602,0.0,0,-1.0,11.51756657608162,inf,0.0,0.0,0.0,0.0
2,0.9,inf,0.5615622401237488,0.0,0,-1.0,11.985517249025776,inf,0.0,0.0,0.0,0.0
2,0.92,inf,0.6035318374633789,0.0,0,-1.0,12.427625165488088,inf,0.0,0.0,0.0,0.0
2,0.9400000000000001,inf,0.6418410539627075,0.0,0,-1.0,12.849204084583112,inf,0.0,0.0,0.0,0.0
2,0.96,inf,0.6767657995223999,0.0,0,-1.0,13.254359900363138,inf,0.0,0.0,0.0,0.0
2,0.98,inf,0.7085686922073364,0.0,0,-1.0,13.646210433760618,inf,0.0,0.0,0.0,0.0
2,1.0,inf,0.7324317097663879,0.0,0,-1.0,14.027251161783296,inf,0.0,0.0,0.0,0.0
2,1.02,inf,0.7491206526756287,0.0,0,-1.0,14.399518163150566,inf,0.0,0.0,0.0,0.0
2,1.04,inf,0.7583154439926147,0.0,0,-1.0,14.764699453319647,inf,0.0,0.0,0.0,0.0
2,1.06,inf,0.7650656700134277,0.0,0,-1.0,15.12412359239789,inf,0.0,0.0,0.0,0.0
2,1.08,inf,0.7715807557106018,0.0,0,-1.0,15.47887429080285,inf,0.0,0.0,0.0,0.0
2,1.1,inf,0.7778855562210083,0.0,0,-1.0,15.829796744574363,inf,0.0,0.0,0.0,0.0
2,1.12,inf,0.7815028429031372,0.0,0,-1.0,16.177590138281065,inf,0.0,0.0,0.0,0.0
2,1.1400000000000001,inf,0.7714341878890991,0.0,0,-1.0,16.5228080088977,inf,0.0,0.0,0.0,0.0
2,1.16,inf,0.756131112575531,0.0,0,-1.0,16.865877628520742,inf,0.0,0.0,0.0,0.0
2,1.18,inf,0.7323400974273682,0.0,0,-1.0,17.20716895077551,inf,0.0,0.0,0.0,0.0
2,1.2,inf,0.7173982858657837,0.0,0,-1.0,17.546959737750633,inf,0.0,0.0,0.0,0.0
2,1.22,inf,0.7020308375358582,0.0,0,-1.0,17.884836694871325,inf,0.0,0.0,0.0,0.0
2,1.24,inf,0.6862837076187134,0.0,0,-1.0,18.223452474760762,inf,0.0,0.0,0.0,0.0
2,1.26,inf,0.6702627539634705,0.0,0,-1.0,18.564803224707447,inf,0.0,0.0,0.0,0.0
2,1.28,inf,0.6567248106002808,0.0,0,-1.0,18.795394342751024,inf,0.0,0.0,0.0,0.0
2,1.3,inf,0.6474316120147705,0.0,0,-1.0,18.771623385358463,inf,0.0,0.0,0.0,0.0
2,1.32,inf,0.6483948826789856,0.0,0,-1.0,18.94619450695838,inf,0.0,0.0,0.0,0.0
2,1.34,inf,0.6412925720214844,0.0,0,-1.0,19.056299227701352,inf,0.0,0.0,0.0,0.0
2,1.36,inf,0.6367807984352112,0.0,0,-1.0,19.2578810648134,inf,0.0,0.0,0.0,0.0
2,1.3800000000000001,inf,0.6277276873588562,0.0,0,-1.0,19.443107986257306,inf,0.0,0.0,0.0,0.0
2,1.4000000000000001,inf,0.6312541365623474,0.0,0,-1.0,19.68712015502258,inf,0.0,0.0,0.0,0.0
2,1.42,inf,0.6289483308792114,0.0,0,-1.0,19.92598202712245,inf,0.0,0.0,0.0,0.0
2,1.44,inf,0.626685619354248,0.0,0,-1.0,20.205054734127145,inf,0.0,0.0,0.0,0.0
2,1.46,inf,0.6240344643592834,0.0,0,-1.0,20.485518418455683,inf,0.0,0.0,0.0,0.0
2,1.48,inf,0.6275269985198975,0.0,0,-1.0,20.789840537140044,inf,0.0,0.0,0.0,0.0
2,1.5,inf,0.5992863178253174,0.0,0,-1.0,21.102217772413063,inf,0.0,0.0,0.0,0.0
2,1.52,inf,0.5869436860084534,0.0,0,-1.0,21.426960078495753,inf,0.0,0.0,0.0,0.0
2,1.54,inf,0.5859549045562744,0.0,0,-1.0,21.765317848293527,inf,0.0,0.0,0.0,0.0
2,1.56,inf,0.5846080780029297,0.0,0,-1.0,22.115495681544015,inf,0.0,0.0,0.0,0.0
2,1.58,inf,0.5645496249198914,0.0,0,-1.0,22.479108286159796,inf,0.0,0.0,0.0,0.0
2,1.6,inf,0.5398536324501038,0.0,0,-1.0,22.857907417742595,inf,0.0,0.0,0.0,0.0
2,1.62,inf,0.5134881734848022,0.0,0,-1.0,23.234822490868957,inf,0.0,0.0,0.0,0.0
2,1.6400000000000001,inf,0.4798111319541931,0.0,0,-1.0,23.585417822581014,inf,0.0,0.0,0.0,0.0
2,1.6600000000000001,inf,0.46883198618888855,0.0,0,-1.0,23.941357025397483,inf,0.0,0.0,0.0,0.0
2,1.68,inf,0.4577162265777588,0.0,0,-1.0,24.311158407670305,inf,0.0,0.0,0.0,0.0
2,1.7,inf,0.44809454679489136,0.0,0,-1.0,24.681120168453916,inf,0.0,0.0,0.0,0.0
2,1.72,inf,0.44070884585380554,0.0,0,-1.0,25.049399966548886,inf,0.0,0.0,0.0,0.0
2,1.74,inf,0.4332762658596039,0.0,0,-1.0,25.41847161180392,inf,0.0,0.0,0.0,0.0
2,1.76,inf,0.42585766315460205,0.0,0,-1.0,25.789693236068413,inf,0.0,0.0,0.0,0.0
2,1.78,inf,0.41842949390411377,0.0,0,-1.0,26.16251429006028,inf,0.0,0.0,0.0,0.0
2,1.8,inf,0.41100624203681946,0.0,0,-1.0,26.53697283245023,inf,0.0,0.0,0.0,0.0
2,1.82,inf,0.40658408403396606,0.0,0,-1.0,26.913893494196735,inf,0.0,0.0,0.0,0.0
2,1.84,inf,0.40271931886672974,0.0,0,-1.0,27.294432254533692,inf,0.0,0.0,0.0,0.0
2,1.86,inf,0.39016109704971313,0.0,0,-1.0,27.68002017537306,inf,0.0,0.0,0.0,0.0
2,1.8800000000000001,inf,0.3696399927139282,0.0,0,-1.0,28.072982255396347,inf,0.0,0.0,0.0,0.0
2,1.9000000000000001,inf,0.3674759864807129,0.0,0,-1.0,28.473046035579834,inf,0.0,0.0,0.0,0.0
2,1.92,inf,0.36586785316467285,0.0,0,-1.0,28.872652403373536,inf,0.0,0.0,0.0,0.0
2,1.94,inf,0.3627394437789917,0.0,0,-1.0,29.26518253039578,inf,0.0,0.0,0.0,0.0
2,1.96,inf,0.3591982126235962,0.0,0,-1.0,29.64961623463967,inf,0.0,0.0,0.0,0.0
2,1.98,inf,0.3558630347251892,0.0,0,-1.0,30.026451180656974,inf,0.0,0.0,0.0,0.0
2,2.0,inf,0.35359206795692444,0.0,0,-1.0,30.39639993526368,inf,0.0,0.0,0.0,0.0
2,2.02,inf,0.3513689935207367,0.0,0,-1.0,30.760201133945188,inf,0.0,0.0,0.0,0.0
2,2.04,inf,0.34918907284736633,0.0,0,-1.0,31.118595315933028,inf,0.0,0.0,0.0,0.0
2,2.06,inf,0.34790825843811035,0.0,0,-1.0,31.472244476970985,inf,0.0,0.0,0.0,0.0
2,2.08,inf,0.35843509435653687,0.0,0,-1.0,31.821744126207705,inf,0.0,0.0,0.0,0.0
2,2.1,inf,0.37879347801208496,0.0,0,-1.0,32.16762141995882,inf,0.0,0.0,0.0,0.0
2,2.12,inf,0.4005403518676758,0.0,0,-1.0,32.51033966247778,inf,0.0,0.0,0.0,0.0
2,2.14,inf,0.42711612582206726,0.0,0,-1.0,32.85028949473447,inf,0.0,0.0,0.0,0.0
2,2.16,inf,0.4538887143135071,0.0,0,-1.0,33.18756075657704,inf,0.0,0.0,0.0,0.0
2,2.18,inf,0.47463831305503845,0.0,0,-1.0,33.52256329853229,inf,0.0,0.0,0.0,0.0
2,2.2,inf,0.4899015426635742,0.0,0,-1.0,33.85413982723479,inf,0.0,0.0,0.0,0.0
2,2.22,inf,0.5199056267738342,0.0,0,-1.0,34.18576936158661,inf,0.0,0.0,0.0,0.0
2,2.24,inf,0.5492760539054871,0.0,0,-1.0,34.51636131324101,inf,0.0,0.0,0.0,0.0
2,2.2600000000000002,inf,0.5782169103622437,0.0,0,-1.0,34.84599287901668,inf,0.0,0.0,0.0,0.0
2,2.2800000000000002,inf,0.6065489053726196,0.0,0,-1.0,35.17473535331531,inf,0.0,0.0,0.0,0.0
2,2.3000000000000003,inf,0.6449594497680664,0.0,0,-1.0,35.50263944775563,inf,0.0,0.0,0.0,0.0
2,2.32,inf,0.697765588760376,0.0,0,-1.0,35.829770969974035,inf,0.0,0.0,0.0,0.0
2,2.34,inf,0.7442163228988647,0.0,0,-1.0,36.15618860106079,inf,0.0,0.0,0.0,0.0
2,2.36,inf,0.7840274572372437,0.0,0,-1.0,36.481945000462446,inf,0.0,0.0,0.0,0.0
2,2.38,inf,0.8233582973480225,0.0,0,-1.0,36.80707391648147,inf,0.0,0.0,0.0,0.0
2,2.4,inf,0.8572099804878235,0.0,0,-1.0,37.13161899442568,inf,0.0,0.0,0.0,0.0
2,2.42,inf,0.8841927647590637,0.0,0,-1.0,37.455705572196564,inf,0.0,0.0,0.0,0.0
2,2.44,inf,0.906603217124939,0.0,0,-1.0,37.779185096094366,inf,0.0,0.0,0.0,0.0
2,2.46,inf,0.9250133037567139,0.0,0,-1.0,38.10215565896694,inf,0.0,0.0,0.0,0.0
2,2.48,inf,0.940010130405426,0.0,0,-1.0,38.42463464872807,inf,0.0,0.0,0.0,0.0
2,2.5,inf,0.9521454572677612,0.0,0,-1.0,38.74666827976986,inf,0.0,0.0,0.0,0.0
2,2.52,inf,0.9574536085128784,0.0,0,-1.0,39.06826088203961,inf,0.0,0.0,0.0,0.0
2,2.54,inf,0.9595543146133423,0.0,0,-1.0,39.3894464596689,inf,0.0,0.0,0.0,0.0
2,2.56,inf,0.9597426056861877,0.0,0,-1.0,39.71024903447645,inf,0.0,0.0,0.0,0.0
2,2.58,inf,0.9596444368362427,0.0,0,-1.0,40.03067900954564,inf,0.0,0.0,0.0,0.0
2,2.6,inf,0.9593197107315063,0.0,0,-1.0,40.350745572336635,inf,0.0,0.0,0.0,0.0
2,2.62,inf,0.9589928388595581,0.0,0,-1.0,40.67048050808368,inf,0.0,0.0,0.0,0.0
2,2.64,inf,0.958663821220398,0.0,0,-1.0,40.98987109076716,inf,0.0,0.0,0.0,0.0
2,2.66,inf,0.9583325982093811,0.0,0,-1.0,41.30894696902096,inf,0.0,0.0,0.0,0.0
2,2.68,inf,0.9573088884353638,0.0,0,-1.0,41.6277026100116,inf,0.0,0.0,0.0,0.0
2,2.7,inf,0.9528336524963379,0.0,0,-1.0,41.945999539596805,inf,0.0,0.0,0.0,0.0
2,2.72,inf,0.9413976669311523,0.0,0,-1.0,42.26406669594993,inf,0.0,0.0,0.0,0.0
2,2.74,inf,0.927359938621521,0.0,0,-1.0,42.58163708787774,inf,0.0,0.0,0.0,0.0
2,2.7600000000000002,inf,0.9089847207069397,0.0,0,-1.0,42.898835525368916,inf,0.0,0.0,0.0,0.0
2,2.7800000000000002,inf,0.886559247970581,0.0,0,-1.0,43.21666356793489,inf,0.0,0.0,0.0,0.0
2,2.8000000000000003,inf,0.8594037294387817,0.0,0,-1.0,43.534343009846765,inf,0.0,0.0,0.0,0.0
2,2.82,inf,0.8335762619972229,0.0,0,-1.0,43.85183121971511,inf,0.0,0.0,0.0,0.0
2,2.84,inf,0.8226209878921509,0.0,0,-1.0,44.16907914505549,inf,0.0,0.0,0.0,0.0
2,2.86,inf,0.827215850353241,0.0,0,-1.0,44.486059993893484,inf,0.0,0.0,0.0,0.0
2,2.88,inf,0.8349570631980896,0.0,0,-1.0,44.80274961323617,inf,0.0,0.0,0.0,0.0
2,2.9,inf,0.8424108028411865,0.0,0,-1.0,45.119099213806976,inf,0.0,0.0,0.0,0.0
2,2.92,inf,0.8498960733413696,0.0,0,-1.0,45.43552662405355,inf,0.0,0.0,0.0,0.0
2,2.94,inf,0.857740044593811,0.0,0,-1.0,45.751658224887734,inf,0.0,0.0,0.0,0.0
2,2.96,inf,0.8652322292327881,0.0,0,-1.0,46.06699935166545,inf,0.0,0.0,0.0,0.0
2,2.98,inf,0.8700436353683472,0.0,0,-1.0,46.38256438851901,inf,0.0,0.0,0.0,0.0
2,3.0,inf,0.8733888864517212,0.0,0,-1.0,46.698034238331175,inf,0.0,0.0,0.0,0.0
2,3.02,inf,0.8766593933105469,0.0,0,-1.0,47.01332738024384,inf,0.0,0.0,0.0,0.0
2,3.04,inf,0.8797663450241089,0.0,0,-1.0,47.32841522778739,inf,0.0,0.0,0.0,0.0
2,3.06,inf,0.8826230764389038,0.0,0,-1.0,47.643266870215356,inf,0.0,0.0,0.0,0.0
2,3.08,inf,0.8854186534881592,0.0,0,-1.0,47.957861311799476,inf,0.0,0.0,0.0,0.0
2,3.1,inf,0.8881539106369019,0.0,0,-1.0,48.27201936041055,inf,0.0,0.0,0.0,0.0
2,3.12,inf,0.8908282518386841,0.0,0,-1.0,48.586019304149104,inf,0.0,0.0,0.0,0.0
2,3.14,inf,0.8934450149536133,0.0,0,-1.0,48.89965207242262,inf,0.0,0.0,0.0,0.0
2,3.16,inf,0.8960033655166626,0.0,0,-1.0,49.213093200412146,inf,0.0,0.0,0.0,0.0
2,3.18,inf,0.8985058069229126,0.0,0,-1.0,49.52633097086795,inf,0.0,0.0,0.0,0.0
2,3.2,inf,0.9007431268692017,0.0,0,-1.0,49.83934024847024,inf,0.0,0.0,0.0,0.0
2,3.22,inf,0.9028807878494263,0.0,0,-1.0,50.152111090259915,inf,0.0,0.0,0.0,0.0
2,3.24,inf,0.9050213694572449,0.0,0,-1.0,50.46391380850828,inf,0.0,0.0,0.0,0.0
2,3.2600000000000002,inf,0.9085326194763184,0.0,0,-1.0,50.77216393678248,inf,0.0,0.0,0.0,0.0
2,3.2800000000000002,inf,0.911888837814331,0.0,0,-1.0,51.07457238607242,inf,0.0,0.0,0.0,0.0
2,3.3000000000000003,inf,0.9150727391242981,0.0,0,-1.0,51.369084343280704,inf,0.0,0.0,0.0,0.0
2,3.3200000000000003,inf,0.9180729389190674,0.0,0,-1.0,51.65385439708521,inf,0.0,0.0,0.0,0.0
2,3.34,inf,0.9208817481994629,0.0,0,-1.0,51.92722799802386,inf,0.0,0.0,0.0,0.0
2,3.36,inf,0.9234950542449951,0.0,0,-1.0,52.187703044731,inf,0.0,0.0,0.0,0.0
2,3.38,inf,0.9259112477302551,0.0,0,-1.0,52.43393969676986,inf,0.0,0.0,0.0,0.0
2,3.4,inf,0.928130567073822,0.0,0,-1.0,52.664750351988744,inf,0.0,0.0,0.0,0.0
2,3.42,inf,0.9301550388336182,0.0,0,-1.0,52.87900083909931,inf,0.0,0.0,0.0,0.0
2,3.44,inf,0.9319868683815002,0.0,0,-1.0,53.075771147300905,inf,0.0,0.0,0.0,0.0
2,3.46,inf,0.9336299300193787,0.0,0,-1.0,53.254235921277846,inf,0.0,0.0,0.0,0.0
2,3.48,inf,0.9350881576538086,0.01665553366957221,0,-1.0,53.41367005558605,inf,0.0,0.0,0.0,0.0
2,3.5,inf,0.0005702972412109375,0.035824008683056206,0,-1.0,53.550587734253796,inf,0.0,0.0,0.0,0.0
2,3.52,inf,0.0007185041904449463,0.049599780310459654,0,-1.0,53.64898610302096,inf,0.0,0.0,0.0,0.0
2,3.54,inf,0.0007524788379669189,0.055855950386165296,0,-1.0,53.69367303213315,inf,0.0,0.0,0.0,0.0
2,3.56,inf,0.0007686614990234375,0.053224650089234105,0,-1.0,53.67487803001221,inf,0.0,0.0,0.0,0.0
2,3.58,inf,0.0007618069648742676,0.04303244917971168,0,-1.0,53.602076594944194,inf,0.0,0.0,0.0,0.0
2,3.6,inf,0.000735849142074585,0.02664302501928949,0,-1.0,53.4850092795126,inf,0.0,0.0,0.0,0.0
2,3.62,inf,0.0007005035877227783,0.005174671418969137,0,-1.0,53.33166389665317,inf,0.0,0.0,0.0,0.0
2,3.64,inf,0.0004349946975708008,0.0,0,-1.0,53.14863560621661,inf,0.0,0.0,0.0,0.0
2,3.66,inf,0.9342289566993713,0.0,0,-1.0,52.941845354432324,inf,0.0,0.0,0.0,0.0
2,3.68,inf,0.9325157403945923,0.0,0,-1.0,52.723548383511975,inf,0.0,0.0,0.0,0.0
2,3.7,inf,0.930662214756012,0.0,0,-1.0,52.505346157322386,inf,0.0,0.0,0.0,0.0
2,3.72,inf,0.9287625551223755,0.0,0,-1.0,52.293256896889616,inf,0.0,0.0,0.0,0.0
2,3.74,inf,0.9268702268600464,0.0,0,-1.0,52.08925957135483,inf,0.0,0.0,0.0,0.0
2,3.7600000000000002,inf,0.9250064492225647,0.0,0,-1.0,51.894980226859886,inf,0.0,0.0,0.0,0.0
2,3.7800000000000002,inf,0.9231909513473511,0.0,0,-1.0,51.71185417148857,inf,0.0,0.0,0.0,0.0
2,3.8000000000000003,inf,0.921442985534668,0.0,0,-1.0,51.541078810122116,inf,0.0,0.0,0.0,0.0
2,3.8200000000000003,inf,0.9197801351547241,0.0,0,-1.0,51.38382565121131,inf,0.0,0.0,0.0,0.0
2,3.84,inf,0.918220579624176,0.0,0,-1.0,51.24104913317034,inf,0.0,0.0,0.0,0.0
2,3.86,inf,0.9167807102203369,0.0,0,-1.0,51.11359340942979,inf,0.0,0.0,0.0,0.0
2,3.88,inf,0.9154759049415588,0.0,0,-1.0,51.00221674292192,inf,0.0,0.0,0.0,0.0
2,3.9,inf,0.9143205881118774,0.0,0,-1.0,50.907591526077915,inf,0.0,0.0,0.0,0.0
2,3.92,inf,0.9133278131484985,0.0,0,-1.0,50.83031362442851,inf,0.0,0.0,0.0,0.0
2,3.94,inf,0.9125092029571533,0.0,0,-1.0,50.770917311925665,inf,0.0,0.0,0.0,0.0
2,3.96,inf,0.9118753671646118,0.0,0,-1.0,50.729889009391805,inf,0.0,0.0,0.0,0.0
2,3.98,inf,0.9114351272583008,0.0,0,-1.0,50.70733839541052,inf,0.0,0.0,0.0,0.0
2,4.0,inf,0.9111922979354858,0.0,0,-1.0,50.702235418525404,inf,0.0,0.0,0.0,0.0
2,4.0200000000000005,inf,0.9111372828483582,0.0,0,-1.0,50.71252006195694,inf,0.0,0.0,0.0,0.0
2,4.04,inf,0.9112482070922852,0.0,0,-1.0,50.73608477761111,inf,0.0,0.0,0.0,0.0
2,4.0600000000000005,inf,0.9115017652511597,0.0,0,-1.0,50.770879177058276,inf,0.0,0.0,0.0,0.0
2,4.08,inf,0.9118749499320984,0.0,0,-1.0,50.81489574483414,inf,0.0,0.0,0.0,0.0
2,4.1,inf,0.9123451113700867,0.0,0,-1.0,50.86623189910511,inf,0.0,0.0,0.0,0.0
2,4.12,inf,0.912890613079071,0.0,0,-1.0,50.923085145123046,inf,0.0,0.0,0.0,0.0
2,4.14,inf,0.9134910106658936,0.0,0,-1.0,50.98377219164056,inf,0.0,0.0,0.0,0.0
2,4.16,inf,0.9141278266906738,0.0,0,-1.0,51.04673863018297,inf,0.0,0.0,0.0,0.0
2,4.18,inf,0.9147841930389404,0.0,0,-1.0,51.11058244718741,inf,0.0,0.0,0.0,0.0
2,4.2,inf,0.9154449105262756,0.0,0,-1.0,51.17404958695629,inf,0.0,0.0,0.0,0.0
2,4.22,inf,0.916097104549408,0.0,0,-1.0,51.23604813437935,inf,0.0,0.0,0.0,0.0
2,4.24,inf,0.9167298078536987,0.0,0,-1.0,51.29563865055914,inf,0.0,0.0,0.0,0.0
2,4.26,inf,0.9173339009284973,0.0,0,-1.0,51.352034281011136,inf,0.0,0.0,0.0,0.0
2,4.28,inf,0.917901873588562,0.0,0,-1.0,51.40460575069849,inf,0.0,0.0,0.0,0.0
2,4.3,inf,0.9184281826019287,0.0,0,-1.0,51.45287611206995,inf,0.0,0.0,0.0,0.0
2,4.32,inf,0.9189087152481079,0.0,0,-1.0,51.496502059761866,inf,0.0,0.0,0.0,0.0
2,4.34,inf,0.9193407297134399,0.0,0,-1.0,51.535269083324394,inf,0.0,0.0,0.0,0.0
2,4.36,inf,0.9197229146957397,0.0,0,-1.0,51.56908647671902,inf,0.0,0.0,0.0,0.0
2,4.38,inf,0.9200550317764282,0.0,0,-1.0,51.59797332973557,inf,0.0,0.0,0.0,0.0
2,4.4,inf,0.9203376173973083,0.0,0,-1.0,51.62203459826131,inf,0.0,0.0,0.0,0.0
2,4.42,inf,0.9205723404884338,0.0,0,-1.0,51.641460980487835,inf,0.0,0.0,0.0,0.0
2,4.44,inf,0.9207613468170166,0.0,0,-1.0,51.656514751995,inf,0.0,0.0,0.0,0.0
2,4.46,inf,0.9209076166152954,0.0,0,-1.0,51.66751061720931,inf,0.0,0.0,0.0,0.0
2,4.48,inf,0.9210141897201538,0.0,0,-1.0,51.674796673780804,inf,0.0,0.0,0.0,0.0
2,4.5,inf,0.9210847616195679,0.0,0,-1.0,51.67875916007511,inf,0.0,0.0,0.0,0.0
2,4.5200000000000005,inf,0.9211231470108032,0.0,0,-1.0,51.67980340778615,inf,0.0,0.0,0.0,0.0
2,4.54,inf,0.921133279800415,0.0,0,-1.0,51.6783346987786,inf,0.0,0.0,0.0,0.0
2,4.5600000000000005,inf,0.9211190342903137,0.0,0,-1.0,51.674763152764946,inf,0.0,0.0,0.0,0.0
2,4.58,inf,0.921084463596344,0.0,0,-1.0,51.669494009720495,inf,0.0,0.0,0.0,0.0
2,4.6000000000000005,inf,0.9210333824157715,0.0,0,-1.0,51.662899283745304,inf,0.0,0.0,0.0,0.0
2,4.62,inf,0.9209694862365723,0.0,0,-1.0,51.655346060502616,inf,0.0,0.0,0.0,0.0
2,4.64,inf,0.9208961725234985,0.0,0,-1.0,51.64715869032541,inf,0.0,0.0,0.0,0.0
2,4.66,inf,0.9208167195320129,0.0,0,-1.0,51.63864231617929,inf,0.0,0.0,0.0,0.0
2,4.68,inf,0.9207339286804199,0.0,0,-1.0,51.63005917277209,inf,0.0,0.0,0.0,0.0
2,4.7,inf,0.9206504821777344,0.0,0,-1.0,51.621652445214174,inf,0.0,0.0,0.0,0.0
2,4.72,inf,0.920568585395813,0.0,0,-1.0,51.61362246507111,inf,0.0,0.0,0.0,0.0
2,4.74,inf,0.9204902648925781,0.0,0,-1.0,51.606145593106866,inf,0.0,0.0,0.0,0.0
2,4.76,inf,0.920417308807373,0.0,0,-1.0,51.599350579997854,inf,0.0,0.0,0.0,0.0
2,4.78,inf,0.9203510284423828,0.0,0,-1.0,51.593356694944966,inf,0.0,0.0,0.0,0.0
2,4.8,inf,0.9202924370765686,0.0,0,-1.0,51.58824019148429,inf,0.0,0.0,0.0,0.0
2,4.82,1.5982215903517132,0.920242428779602,0.08,1,29.97608676095162,51.58404876341997,1.5982215903517132,0.46384894778480396,1.0,0.46384894778480396,0.2151558463610698
2,4.84,1.5785297478863776,0.0008411407470703125,0.06,1,29.585457282655636,51.57352487129587,1.5785297478863776,0.4721151694960475,1.0,0.4721151694960475,0.22289273326828166
2,4.86,1.5596322921045667,0.0031012892723083496,0.039999999999999994,1,29.202911737898884,51.53944981434442,1.5596322921045667,0.47994847737888285,1.0,0.47994847737888285,0.23035054093830803
2,4.88,1.5418414431178102,0.0020563602447509766,0.019999999999999993,1,28.827250743402598,51.47197202694201,1.5418414431178102,0.48727696062502346,1.0,0.48727696062502346,0.23743883635596066
2,4.9,inf,0.0010274648666381836,0.0010274648666381836,0,-1.0,51.36313303893413,inf,0.0,0.0,0.0,0.0
2,4.92,inf,0.002999037504196167,0.002999037504196167,0,-1.0,51.21930344773732,inf,0.0,0.0,0.0,0.0
2,4.94,1.4957409731646827,0.00029858946800231934,0.00029858946800231934,1,27.634630080791606,51.045165837330295,1.4957409731646827,0.508425484647924,1.0,0.5,0.25849647343947646
2,4.96,inf,0.0021410584449768066,0.0021410584449768066,0,-1.0,50.84517863783159,inf,0.0,0.0,0.0,0.0
2,4.98,1.4693482363631627,0.0002453923225402832,0.0002453923225402832,1,26.827074020875838,50.62339984677185,1.4693482363631627,0.5215815986054743,1.0,0.5,0.27204736400384205
2,5.0,1.4570568405736832,0.0021182596683502197,0.0021182596683502197,1,26.44860589359867,50.38342003489578,1.4570568405736832,0.5273911512815337,1.0,0.5,0.27814142645006157
2,5.0200000000000005,inf,0.0020814239978790283,0.0020814239978790283,0,-1.0,50.1281193071463,inf,0.0,0.0,0.0,0.0
2,5.04,1.4338174101635053,0.00017914175987243652,0.00017914175987243652,1,25.724987968080875,49.860001132631,1.4338174101635053,0.5380074131784719,1.0,0.5,0.28945197663499095
2,5.0600000000000005,1.4227192974368756,0.0020707249641418457,0.0020707249641418457,1,25.379287282469747,49.581397183233776,1.4227192974368756,0.5428746389730914,1.0,0.5,0.29471287364016435
2,5.08,1.4118935027567334,0.002030879259109497,0.002030879259109497,1,25.048343955052808,49.293995505053985,1.4118935027567334,0.547380096862897,1.0,0.5,0.2996249704416345
2,5.1000000000000005,inf,0.002012908458709717,0.002012908458709717,0,-1.0,48.99932201920302,inf,0.0,0.0,0.0,0.0
2,5.12,1.3908782182100432,0.00012192130088806152,0.00012192130088806152,1,24.4849520983148,48.69878338618317,1.3908782182100432,0.5541076755817504,1.0,0.5,0.3070353161386104
2,5.14,inf,0.002025127410888672,0.002025127410888672,0,-1.0,48.3936623085895,inf,0.0,0.0,0.0,0.0
2,5.16,inf,0.00011265277862548828,0.00011265277862548828,0,-1.0,48.08478370714,inf,0.0,0.0,0.0,0.0
2,5.18,inf,0.8874967098236084,0.08011265277862549,0,-1.0,47.77308222025656,inf,0.0,0.0,0.0,0.0
2,5.2,inf,0.0017140209674835205,0.060112652778625486,0,-1.0,47.45560569050034,inf,0.0,0.0,0.0,0.0
2,5.22,inf,0.00035962462425231934,0.04011265277862548,0,-1.0,47.1329456401153,inf,0.0,0.0,0.0,0.0
2,5.24,inf,0.00010594725608825684,0.020112652778625482,0,-1.0,46.81114422955985,inf,0.0,0.0,0.0,0.0
2,5.26,inf,7.295608520507812e-05,0.00011265277862548134,0,-1.0,46.49081641532359,inf,0.0,0.0,0.0,0.0
2,5.28,inf,0.8725526332855225,0.08011265277862548,0,-1.0,46.172501010292194,inf,0.0,0.0,0.0,0.0
2,5.3,inf,0.0012385845184326172,0.06011265277862547,0,-1.0,45.85141521735487,inf,0.0,0.0,0.0,0.0
2,5.32,inf,0.0002592504024505615,0.04011265277862547,0,-1.0,45.52730627072008,inf,0.0,0.0,0.0,0.0
2,5.34,inf,0.00012865662574768066,0.020112652778625468,0,-1.0,45.2059344110595,inf,0.0,0.0,0.0,0.0
2,5.36,inf,3.692507743835449e-05,0.00011265277862546746,0,-1.0,44.8876596602993,inf,0.0,0.0,0.0,0.0
2,5.38,1.2629511108742462,0.8436441421508789,0.08011265277862548,1,20.44986681832691,44.572911073201226,1.2629511108742462,0.6095847790993177,1.0,0.5,0.371593602909564
2,5.4,1.2531164156626244,0.3478821814060211,0.16011265277862546,1,20.120491912921977,44.25639572316943,1.2531164156626244,0.6148273005104811,1.0,0.5,0.3780126094530054
2,5.42,inf,0.8670178651809692,0.24011265277862548,0,-1.0,43.932353560288185,inf,0.0,0.0,0.0,0.0
2,5.44,1.234198947219645,0.6128188371658325,0.3201126527786255,1,19.149468183686427,43.600503142215516,1.234198947219645,0.633438244792933,1.0,0.5,0.4012440099663517
2,5.46,1.2251447820202486,0.7812044620513916,0.4001126527786255,1,18.835924681801263,43.26055836205122,1.2251447820202486,0.6383762999255014,1.0,0.5,0.4075243003065737
2,5.48,1.2163780965570041,0.7674539685249329,0.4801126527786255,1,18.85959774318253,42.91230224923682,1.2163780965570041,0.6344300683174279,1.0,0.5,0.4025015115852562
2,5.5,1.2079119803036438,0.7914313077926636,0.5601126527786255,1,18.22114882695697,42.55552974002135,1.2079119803036438,0.6479573336208929,1.0,0.5,0.4198487061930971
2,5.5200000000000005,1.1997593175006134,0.794887900352478,0.6401126527786255,1,17.919889463151904,42.19008827792824,1.1997593175006134,0.6525985803905805,1.0,0.5,0.42588490712780097
2,5.54,1.1919320491574183,0.7900129556655884,0.7201126527786255,1,17.622751236677964,41.81585147809606,1.1919320491574183,0.6571381421345642,1.0,0.5,0.43183053784806674
2,5.5600000000000005,inf,0.8066577911376953,0.8001126527786254,0,-1.0,41.43270729126408,inf,0.0,0.0,0.0,0.0
2,5.58,1.1773066874378748,0.49341845512390137,0.7801126527786254,1,17.052522715600084,41.0405555657101,1.1773066874378748,0.6655844360216477,1.0,0.5,0.4430026414742549
2,5.6000000000000005,1.1703459250823747,0.7799681425094604,0.7799681425094604,1,16.740065538936246,40.645049263247365,1.1703459250823747,0.6706396601605736,1.0,0.5,0.4497575537802897
2,5.62,1.1634195225994204,0.7696470022201538,0.7696470022201538,1,16.436953133849475,40.25057292137612,1.1634195225994204,0.6755527020976714,1.0,0.5,0.4563714533114651
2,5.64,1.1565150853923822,0.7728710174560547,0.7728710174560547,1,16.140904506077753,39.8575414064044,1.1565150853923822,0.6803875415025448,1.0,0.5,0.4629272066318771
2,5.66,1.1496429076757644,0.7802101373672485,0.7802101373672485,1,15.834846568044856,39.465661478914534,1.1496429076757644,0.6856335812770221,1.0,0.5,0.4700934077747549
2,5.68,1.1428218917022868,0.7899161577224731,0.7899161577224731,1,15.68367393030041,39.074410983324,1.1428218917022868,0.6864604956625958,1.0,0.5,0.4712280121053367
2,5.7,1.136059950928527,0.8027726411819458,0.8027726411819458,1,15.243717159708906,38.68361109043925,1.136059950928527,0.6958842348522281,1.0,0.5,0.4842548683158709
2,5.72,1.129366053288244,0.8282191753387451,0.8282191753387451,1,14.964743777163273,38.29307107130872,1.129366053288244,0.7006961672048728,1.0,0.5,0.49097511873559907
2,5.74,1.1227770406159747,0.8943685293197632,0.8943685293197632,1,14.899229849315027,37.901784809919015,1.1227770406159747,0.6991278769068275,1.0,0.5,0.4887797882682482
2,5.76,1.116405983330798,0.6441571712493896,0.8743685293197632,1,14.659701967775604,37.50661228964783,1.116405983330798,0.7028388599309112,1.0,0.5,0.493982463028983
2,5.78,1.1101164186446488,0.5985678434371948,0.8543685293197631,1,14.159425662074979,37.11170918382215,1.1101164186446488,0.71476368294063,1.0,0.5,0.5108871224508534
2,5.8,1.1037820080292857,0.8475794792175293,0.8475794792175293,1,14.202263572303904,36.72073525112677,1.1037820080292857,0.7098975323411828,1.0,0.5,0.5039545064241007
2,5.82,1.0974221697108335,0.6131729483604431,0.8275794792175293,1,13.793588663107574,36.333080129398034,1.0974221697108335,0.7193512853893654,1.0,0.5,0.5174662717913323
2,5.84,1.0910053411512457,0.8574031591415405,0.8574031591415405,1,13.377872979309025,35.949604534033554,1.0910053411512457,0.7293059764270543,1.0,0.5,0.531887207252219
2,5.86,1.0846583826366278,0.7010565400123596,0.8374031591415405,1,13.11515648019161,35.566693977939984,1.0846583826366278,0.7345098398260431,1.0,0.5,0.5395047048012795
2,5.88,1.0782719148019235,0.8680862188339233,0.8680862188339233,1,12.861738175127565,35.1875080266342,1.0782719148019235,0.7395698191387241,1.0,0.5,0.5469635173808851
2,5.9,1.0719554335553882,0.5572661757469177,0.8480862188339233,1,12.662310168859898,34.80901502330775,1.0719554335553882,0.7429532588423765,1.0,0.5,0.5519795448245073
2,5.92,1.0656170341387785,0.7592328786849976,0.8280862188339233,1,12.555711662319236,34.433806616837956,1.0656170341387785,0.7432981822338636,1.0,0.5,0.5524921877121659
2,5.94,1.0592009985521924,0.849716067314148,0.849716067314148,1,12.139425550821409,34.06332569631591,1.0592009985521924,0.754349325833471,1.0,0.5,0.5690429053854122
2,5.96,1.0528309844870722,0.8090567588806152,0.8297160673141479,1,11.90678911153812,33.69413592831901,1.0528309844870722,0.7592961457772414,1.0,0.5,0.5765306369921738
2,5.98,1.0464126823300808,0.9301661252975464,0.9097160673141479,1,11.677699864287296,33.32881926068447,1.0464126823300808,0.7642789202458996,1.0,0.5,0.5841222679322382
2,6.0,1.04018224851133,0.20292311906814575,0.8897160673141479,1,11.535717744836628,32.961019469787544,1.04018224851133,0.7662560997856818,1.0,0.5,0.5871484104587646
2,6.0200000000000005,1.0340556085947705,0.3330097198486328,0.8697160673141479,1,11.229997147112696,32.59320689315699,1.0340556085947705,0.7742198950910011,1.0,0.5,0.5994164459547208
2,6.04,inf,0.6640481352806091,0.8497160673141478,0,-1.0,32.2301596352667,inf,0.0,0.0,0.0,0.0
2,6.0600000000000005,1.0215595201695076,0.4082198143005371,0.8297160673141478,1,10.796101551633575,31.872180568097885,1.0215595201695076,0.7843084770532323,1.0,0.5,0.6151397871775606
2,6.08,1.0151629754675071,0.9441596269607544,0.9097160673141478,1,10.584229746908473,31.519475222334812,1.0151629754675071,0.7894291006857703,1.0,0.5,0.6231983050095441
2,6.1000000000000005,1.0089652703199812,0.1035882830619812,0.8897160673141478,1,10.375679491479598,31.16418512750295,1.0089652703199812,0.7945405345023011,1.0,0.5,0.6312946609672023
2,6.12,1.0028507172944086,0.32591092586517334,0.8697160673141477,1,10.153813270197332,30.809526752717716,1.0028507172944086,0.8003135307525683,1.0,0.5,0.640501747505642
2,6.140000000000001,0.9966396215538249,0.7105799317359924,0.8497160673141477,1,9.938507310191191,30.46008488220079,0.9966396215538249,0.8060294247626913,1.0,0.5,0.6496834335832751
2,6.16,0.9902620337094914,0.8976672887802124,0.8976672887802124,1,9.730023400203379,30.117475495861797,0.9902620337094914,0.811683964776529,1.0,0.5,0.6588308586753456
2,6.18,0.9839896028709166,0.2892448902130127,0.8776672887802124,1,9.574736842284278,29.774777306853558,0.9839896028709166,0.815347004510965,1.0,0.5,0.6647907377650035
2,6.2,0.9774154555483663,0.5183061957359314,0.8576672887802124,1,9.331651157710947,29.44223548863151,0.9774154555483663,0.8227800742806168,1.0,0.5,0.6769670506332174
2,6.22,0.970022504290412,0.7891183495521545,0.8376672887802123,1,9.141388031875595,29.132294054311323,0.970022504290412,0.8283881332394207,1.0,0.5,0.6862268992918923
2,6.24,0.9621681271281667,0.9247230291366577,0.9176672887802123,1,9.009978433006331,28.835451787481965,0.9621681271281667,0.8317641105039882,1.0,0.5,0.6918315355224908
2,6.26,0.9544716152666044,0.13573160767555237,0.8976672887802123,1,8.854290023221523,28.536185579256088,0.9544716152666044,0.8362398184598548,1.0,0.5,0.699297033977771
2,6.28,0.9470837834808314,0.2537393569946289,0.8776672887802123,1,8.590212564606555,28.23102958732768,0.9470837834808314,0.8454561580617596,1.0,0.5,0.714796115204551
2,6.3,0.939702006801903,0.4209057092666626,0.8576672887802123,1,8.564365832306198,27.92749386643033,0.939702006801903,0.844537486169606,1.0,0.5,0.7132435655456775
2,6.32,0.9322983027785183,0.723626971244812,0.8376672887802122,1,8.238101958489988,27.626255881127115,0.9322983027785183,0.8568874154211729,1.0,0.5,0.7342560427071777
2,6.34,0.9248524665469319,0.8911477327346802,0.8911477327346802,1,8.085913802948497,27.327785604614437,0.9248524665469319,0.8617904230363652,1.0,0.5,0.7426827332371974
2,6.36,0.9174927726742872,0.2146318256855011,0.8711477327346802,1,7.857172067751979,27.029000414381162,0.9174927726742872,0.8702995136408126,1.0,0.5,0.757421243443435
2,6.38,0.9102590871218311,0.48299697041511536,0.8511477327346801,1,7.728347081164842,26.72910176767342,0.9102590871218311,0.8744381102202841,1.0,0.5,0.7646420086056217
2,6.4,0.9029620841254427,0.8235702514648438,0.8311477327346801,1,7.564858743744323,26.43259815234535,0.9029620841254427,0.8803290797731094,1.0,0.5,0.7749792886941695
2,6.42,0.8955975191433042,0.9558724164962769,0.9111477327346801,1,7.384248276664448,26.139541968965432,0.8955975191433042,0.8872138156936078,1.0,0.5,0.787148354757611
2,6.44,0.8882881260313259,0.11844617128372192,0.8911477327346801,1,7.198752200941938,25.847029678280265,0.8882881260313259,0.8945292334268254,1.0,0.5,0.800182549455184
2,6.46,0.8811961261665229,0.3351864814758301,0.87114773273468,1,7.045306910796515,25.551441779785584,0.8811961261665229,0.9004786655499625,1.0,0.5,0.8108618271106411
2,6.48,0.8740366969059432,0.6905247569084167,0.85114773273468,1,6.87375486589329,25.259461005901183,0.8740366969059432,0.9075121067955608,1.0,0.5,0.8235782239805174
2,6.5,0.8668021632980774,0.9169802069664001,0.9169802069664001,1,6.696064329012039,24.97119878444495,0.8668021632980774,0.9150744856471481,1.0,0.5,0.8373613142823927
2,6.5200000000000005,0.8596043811206748,0.16744425892829895,0.8969802069664001,1,6.526658338407077,24.684060413870732,0.8596043811206748,0.9224418993689285,1.0,0.5,0.8508990577113564
2,6.54,0.8525734247729815,0.42194241285324097,0.8769802069664001,1,6.365777483312773,24.39523169206719,0.8525734247729815,0.929581790772245,1.0,0.5,0.8641223057353339
2,6.5600000000000005,0.845464791836616,0.7857813835144043,0.8569802069664001,1,6.270120683959413,24.110269079799767,0.845464791836616,0.9335372684363731,1.0,0.5,0.8714918315596449
2,6.58,0.8382827277372791,0.9301155805587769,0.9301155805587769,1,6.056268104697155,23.829029519451495,0.8382827277372791,0.9439021483499207,1.0,0.5,0.8909512656595957
2,6.6000000000000005,0.8311461704127531,0.18509790301322937,0.9101155805587768,1,5.922989922803486,23.548850121651945,0.8311461704127531,0.9502400463236215,1.0,0.5,0.9029561456371182
2,6.62,0.8239413299834798,0.45744073390960693,0.8901155805587768,1,5.755095916368091,23.27236415728492,0.8239413299834798,0.958675521685734,1.0,0.5,0.9190587558794142
2,6.640000000000001,0.8167240752655576,0.7470893859863281,0.8701155805587768,1,5.605159968653055,22.99832349882201,0.8167240752655576,0.9663768701183384,1.0,0.5,0.9338842550997158
2,6.66,0.8094862382652838,0.9116674065589905,0.9116674065589905,1,5.462421770154413,22.726862617727758,0.8094862382652838,0.9739140658938729,1.0,0.5,0.9485086077459349
2,6.68,0.8022461298735594,0.5585142970085144,0.8916674065589905,1,5.387289058528503,22.45753835963435,0.8022461298735594,0.9778153683211146,1.0,0.5,0.956122894524957
2,6.7,0.7951293803919033,0.8109056949615479,0.8716674065589904,1,5.247689892628977,22.18770120432217,0.7951293803919033,0.9855891204015875,1.0,0.5,0.971385914253975
2,6.72,0.7879490959026817,0.9376396536827087,0.9376396536827087,1,5.051573526967463,21.92139038570027,0.7879490959026817,0.9969521696626629,1.0,0.5,0.9939136285950909
2,6.74,0.780724569713518,0.3265518546104431,0.9176396536827087,1,4.913925197051991,21.658141006540852,0.780724569713518,1.0,1.0,0.5,1.0
2,6.76,0.773697122047983,0.6164690852165222,0.8976396536827087,1,4.78382861983031,21.392936067809213,0.773697122047983,1.0,1.0,0.5,1.0
2,6.78,0.7665878322984419,0.8419725894927979,0.8776396536827087,1,4.694087878891108,21.13170344933429,0.7665878322984419,1.0,1.0,0.5,1.0
2,6.8,0.7594104809488734,0.9586714506149292,0.9576396536827086,1,4.536583826163491,20.874106842474603,0.7594104809488734,1.0,1.0,0.5,1.0
2,6.82,0.7521647164948572,0.18939203023910522,0.9376396536827086,1,4.427374064930828,20.620087858669713,0.7521647164948572,1.0,1.0,0.5,1.0
2,6.84,0.7774952131470155,0.43616750836372375,0.9176396536827086,1,4.287227080778578,19.732374881088628,0.7774952131470155,1.0,1.0,0.5,1.0
2,6.86,0.8362324653984874,0.6286262273788452,0.8976396536827086,1,4.173570684590423,18.37759415983549,0.8362324653984874,1.0,1.0,0.5,1.0
2,6.88,0.9101642878451186,0.7812063694000244,0.8776396536827086,1,4.065913872354902,17.026330397270172,0.9101642878451186,1.0,1.0,0.5,1.0
2,6.9,1.0022013935008827,0.6204164028167725,0.8576396536827086,1,3.9635475476650384,15.707505760621771,1.0022013935008827,1.0,1.0,0.5,1.0
2,6.92,1.126399095455425,0.5494996309280396,0.8376396536827085,1,3.8740011641744894,14.359636409600075,1.126399095455425,1.0,1.0,0.5,1.0
2,6.94,1.295131427682014,0.9652111530303955,0.9176396536827085,1,3.8051475377372848,13.015101792536788,1.295131427682014,1.0,1.0,0.5,1.0
2,6.96,1.5351114240450336,0.9815453290939331,0.9815453290939331,1,3.7338071950000695,11.673604132015864,1.5351114240450336,1.0,1.0,0.5,1.0
2,6.98,1.8995917457037272,0.9815448522567749,0.9815448522567749,1,3.6838195476996787,10.335307858502105,1.8995917457037272,1.0,1.0,0.5,1.0
2,7.0,2.5122168151702566,0.9617873430252075,0.9617873430252075,1,3.630779466407972,9.000865127850396,2.5122168151702566,1.0,1.0,0.5,1.0
2,7.0200000000000005,3.7393478957473,0.767254650592804,0.9417873430252075,1,3.5968074149838394,7.672386157073685,3.7393478957473,1.0,1.0,0.5,1.0
2,7.04,7.339326894858564,0.3820749819278717,0.9217873430252075,1,3.5732339057032703,6.3571404790130295,7.339326894858564,1.0,1.0,0.5,1.0
2,7.0600000000000005,20.513992852302955,0.271637499332428,0.9217873430252075,1,3.5599085842741576,5.484985735975968,20.513992852302955,1.0,1.0,0.5,1.0
3,0.02,inf,0.3933233320713043,0.0,0,-1.0,5.979999974370003,inf,0.0,0.0,0.0,0.0
3,0.04,inf,0.35723793506622314,0.0,0,-1.0,6.469999998807907,inf,0.0,0.0,0.0,0.0
3,0.06,inf,0.26253968477249146,0.0,0,-1.0,6.9599999487400055,inf,0.0,0.0,0.0,0.0
3,0.08,inf,0.21024397015571594,0.0,0,-1.0,7.450000196695328,inf,0.0,0.0,0.0,0.0
3,0.1,inf,0.2385377287864685,0.0,0,-1.0,7.940000295639038,inf,0.0,0.0,0.0,0.0
3,0.12,inf,0.2693180739879608,0.0,0,-1.0,8.430000245571136,inf,0.0,0.0,0.0,0.0
3,0.14,inf,0.30232518911361694,0.0,0,-1.0,8.920000493526459,inf,0.0,0.0,0.0,0.0
3,0.16,inf,0.33750903606414795,0.0,0,-1.0,9.410000443458557,inf,0.0,0.0,0.0,0.0
3,0.18,inf,0.37458887696266174,0.0,0,-1.0,9.90000069141388,inf,0.0,0.0,0.0,0.0
3,0.2,inf,0.4144982695579529,0.0,0,-1.0,10.390000939369202,inf,0.0,0.0,0.0,0.0
3,0.22,inf,0.4579430818557739,0.0,0,-1.0,10.328222998001724,inf,0.0,0.0,0.0,0.0
3,0.24,inf,0.45228925347328186,0.0,0,-1.0,9.033847000311361,inf,0.0,0.0,0.0,0.0
3,0.26,inf,0.34596705436706543,0.0,0,-1.0,7.855902534385143,inf,0.0,0.0,0.0,0.0
3,0.28,inf,0.2638791799545288,0.0,0,-1.0,6.9613218864345345,inf,0.0,0.0,0.0,0.0
3,0.3,inf,0.21031701564788818,0.0,0,-1.0,6.287893865141914,inf,0.0,0.0,0.0,0.0
3,0.32,inf,0.2918916642665863,0.0,0,-1.0,5.786461199020137,inf,0.0,0.0,0.0,0.0
3,0.34,inf,0.4014267921447754,0.0,0,-1.0,5.417955926550981,inf,0.0,0.0,0.0,0.0
3,0.36,inf,0.37837135791778564,0.0,0,-1.0,5.151796251783959,inf,0.0,0.0,0.0,0.0
3,0.38,inf,0.3252840042114258,0.0,0,-1.0,5.036144852063473,inf,0.0,0.0,0.0,0.0
3,0.4,inf,0.3033909201622009,0.0,0,-1.0,5.164675049150245,inf,0.0,0.0,0.0,0.0
3,0.42,inf,0.3277645707130432,0.0,0,-1.0,5.248496441929809,inf,0.0,0.0,0.0,0.0
3,0.44,inf,0.34414100646972656,0.0,0,-1.0,5.299123867491578,inf,0.0,0.0,0.0,0.0
3,0.46,inf,0.3542177081108093,0.0,0,-1.0,5.325346066681684,inf,0.0,0.0,0.0,0.0
3,0.48,inf,0.35948896408081055,0.0,0,-1.0,5.3341259896680215,inf,0.0,0.0,0.0,0.0
3,0.5,inf,0.36126166582107544,0.0,0,-1.0,5.3304733645088405,inf,0.0,0.0,0.0,0.0
3,0.52,inf,0.36052367091178894,0.0,0,-1.0,5.318430540430383,inf,0.0,0.0,0.0,0.0
3,0.54,inf,0.3580954670906067,0.0,0,-1.0,5.300948509003775,inf,0.0,0.0,0.0,0.0
3,0.56,inf,0.35458338260650635,0.0,0,-1.0,5.280161216931162,inf,0.0,0.0,0.0,0.0
3,0.58,inf,0.3504277467727661,0.0,0,-1.0,5.2577040462589535,inf,0.0,0.0,0.0,0.0
3,0.6,inf,0.3459634780883789,0.0,0,-1.0,5.234901359301247,inf,0.0,0.0,0.0,0.0
3,0.62,inf,0.341458261013031,0.0,0,-1.0,5.212200954118305,inf,0.0,0.0,0.0,0.0
3,0.64,inf,0.3370015025138855,0.0,0,-1.0,5.1906239616352545,inf,0.0,0.0,0.0,0.0
3,0.66,inf,0.33279192447662354,0.0,0,-1.0,5.1701725438217725,inf,0.0,0.0,0.0,0.0
3,0.68,inf,0.32882630825042725,0.0,0,-1.0,5.151114371334461,inf,0.0,0.0,0.0,0.0
3,0.7000000000000001,inf,0.32515284419059753,0.0,0,-1.0,5.13384145307304,inf,0.0,0.0,0.0,0.0
3,0.72,inf,0.321841835975647,0.0,0,-1.0,6.033790847449853,inf,0.0,0.0,0.0,0.0
3,0.74,inf,0.3453409671783447,0.0,0,-1.0,6.954361326615784,inf,0.0,0.0,0.0,0.0
3,0.76,inf,0.20993325114250183,0.0,0,-1.0,7.710602493934951,inf,0.0,0.0,0.0,0.0
3,0.78,inf,0.25461262464523315,0.0,0,-1.0,8.581209213081095,inf,0.0,0.0,0.0,0.0
3,0.8,inf,0.3129615783691406,0.0,0,-1.0,9.143451401289054,inf,0.0,0.0,0.0,0.0
3,0.8200000000000001,inf,0.35420316457748413,0.0,0,-1.0,9.88240983285015,inf,0.0,0.0,0.0,0.0
3,0.84,inf,0.4131379723548889,0.0,0,-1.0,10.475805948301476,inf,0.0,0.0,0.0,0.0
3,0.86,inf,0.4658134877681732,0.0,0,-1.0,11.017154006748708,inf,0.0,0.0,0.0,0.0
3,0.88,inf,0.515701413154602,0.0,0,-1.0,11.51756657608162,inf,0.0,0.0,0.0,0.0
3,0.9,inf,0.5615622401237488,0.0,0,-1.0,11.985517249025776,inf,0.0,0.0,0.0,0.0
3,0.92,inf,0.6035318374633789,0.0,0,-1.0,12.427625165488088,inf,0.0,0.0,0.0,0.0
3,0.9400000000000001,inf,0.6418410539627075,0.0,0,-1.0,12.849204084583112,inf,0.0,0.0,0.0,0.0
3,0.96,inf,0.6767657995223999,0.0,0,-1.0,13.254359900363138,inf,0.0,0.0,0.0,0.0
3,0.98,inf,0.7085686922073364,0.0,0,-1.0,13.646210433760618,inf,0.0,0.0,0.0,0.0
3,1.0,inf,0.7324317097663879,0.0,0,-1.0,14.027251161783296,inf,0.0,0.0,0.0,0.0
3,1.02,inf,0.7491206526756287,0.0,0,-1.0,14.399518163150566,inf,0.0,0.0,0.0,0.0
3,1.04,inf,0.7583154439926147,0.0,0,-1.0,14.764699453319647,inf,0.0,0.0,0.0,0.0
3,1.06,inf,0.7650656700134277,0.0,0,-1.0,15.12412359239789,inf,0.0,0.0,0.0,0.0
3,1.08,inf,0.7715807557106018,0.0,0,-1.0,15.47887429080285,inf,0.0,0.0,0.0,0.0
3,1.1,inf,0.7778855562210083,0.0,0,-1.0,15.829796744574363,inf,0.0,0.0,0.0,0.0
3,1.12,inf,0.7815028429031372,0.0,0,-1.0,16.177590138281065,inf,0.0,0.0,0.0,0.0
3,1.1400000000000001,inf,0.7714341878890991,0.0,0,-1.0,16.5228080088977,inf,0.0,0.0,0.0,0.0
3,1.16,inf,0.756131112575531,0.0,0,-1.0,16.865877628520742,inf,0.0,0.0,0.0,0.0
3,1.18,inf,0.7323400974273682,0.0,0,-1.0,17.20716895077551,inf,0.0,0.0,0.0,0.0
3,1.2,inf,0.7173982858657837,0.0,0,-1.0,17.546959737750633,inf,0.0,0.0,0.0,0.0
3,1.22,inf,0.7020308375358582,0.0,0,-1.0,17.884836694871325,inf,0.0,0.0,0.0,0.0
3,1.24,inf,0.6862837076187134,0.0,0,-1.0,18.223452474760762,inf,0.0,0.0,0.0,0.0
3,1.26,inf,0.6702627539634705,0.0,0,-1.0,18.564803224707447,inf,0.0,0.0,0.0,0.0
3,1.28,inf,0.6567248106002808,0.0,0,-1.0,18.795394342751024,inf,0.0,0.0,0.0,0.0
3,1.3,inf,0.6474316120147705,0.0,0,-1.0,18.771623385358463,inf,0.0,0.0,0.0,0.0
3,1.32,inf,0.6483948826789856,0.0,0,-1.0,18.94619450695838,inf,0.0,0.0,0.0,0.0
3,1.34,inf,0.6412925720214844,0.0,0,-1.0,19.056299227701352,inf,0.0,0.0,0.0,0.0
3,1.36,inf,0.6367807984352112,0.0,0,-1.0,19.2578810648134,inf,0.0,0.0,0.0,0.0
3,1.3800000000000001,inf,0.6277276873588562,0.0,0,-1.0,19.443107986257306,inf,0.0,0.0,0.0,0.0
3,1.4000000000000001,inf,0.6312541365623474,0.0,0,-1.0,19.68712015502258,inf,0.0,0.0,0.0,0.0
3,1.42,inf,0.6289483308792114,0.0,0,-1.0,19.92598202712245,inf,0.0,0.0,0.0,0.0
3,1.44,inf,0.626685619354248,0.0,0,-1.0,20.205054734127145,inf,0.0,0.0,0.0,0.0
3,1.46,inf,0.6240344643592834,0.0,0,-1.0,20.485518418455683,inf,0.0,0.0,0.0,0.0
3,1.48,inf,0.6275269985198975,0.0,0,-1.0,20.789840537140044,inf,0.0,0.0,0.0,0.0
3,1.5,inf,0.5992863178253174,0.0,0,-1.0,21.102217772413063,inf,0.0,0.0,0.0,0.0
3,1.52,inf,0.5869436860084534,0.0,0,-1.0,21.426960078495753,inf,0.0,0.0,0.0,0.0
3,1.54,inf,0.5859549045562744,0.0,0,-1.0,21.765317848293527,inf,0.0,0.0,0.0,0.0
3,1.56,inf,0.5846080780029297,0.0,0,-1.0,22.115495681544015,inf,0.0,0.0,0.0,0.0
3,1.58,inf,0.5645496249198914,0.0,0,-1.0,22.479108286159796,inf,0.0,0.0,0.0,0.0
3,1.6,inf,0.5398536324501038,0.0,0,-1.0,22.857907417742595,inf,0.0,0.0,0.0,0.0
3,1.62,inf,0.5134881734848022,0.0,0,-1.0,23.234822490868957,inf,0.0,0.0,0.0,0.0
3,1.6400000000000001,inf,0.4798111319541931,0.0,0,-1.0,23.585417822581014,inf,0.0,0.0,0.0,0.0
3,1.6600000000000001,inf,0.46883198618888855,0.0,0,-1.0,23.941357025397483,inf,0.0,0.0,0.0,0.0
3,1.68,inf,0.4577162265777588,0.0,0,-1.0,24.311158407670305,inf,0.0,0.0,0.0,0.0
3,1.7,inf,0.44809454679489136,0.0,0,-1.0,24.681120168453916,inf,0.0,0.0,0.0,0.0
3,1.72,inf,0.44070884585380554,0.0,0,-1.0,25.049399966548886,inf,0.0,0.0,0.0,0.0
3,1.74,inf,0.4332762658596039,0.0,0,-1.0,25.41847161180392,inf,0.0,0.0,0.0,0.0
3,1.76,inf,0.42585766315460205,0.0,0,-1.0,25.789693236068413,inf,0.0,0.0,0.0,0.0
3,1.78,inf,0.41842949390411377,0.0,0,-1.0,26.16251429006028,inf,0.0,0.0,0.0,0.0
3,1.8,inf,0.41100624203681946,0.0,0,-1.0,26.53697283245023,inf,0.0,0.0,0.0,0.0
3,1.82,inf,0.40658408403396606,0.0,0,-1.0,26.913893494196735,inf,0.0,0.0,0.0,0.0
3,1.84,inf,0.40271931886672974,0.0,0,-1.0,27.294432254533692,inf,0.0,0.0,0.0,0.0
3,1.86,inf,0.39016109704971313,0.0,0,-1.0,27.68002017537306,inf,0.0,0.0,0.0,0.0
3,1.8800000000000001,inf,0.3696399927139282,0.0,0,-1.0,28.072982255396347,inf,0.0,0.0,0.0,0.0
3,1.9000000000000001,inf,0.3674759864807129,0.0,0,-1.0,28.473046035579834,inf,0.0,0.0,0.0,0.0
3,1.92,inf,0.36586785316467285,0.0,0,-1.0,28.872652403373536,inf,0.0,0.0,0.0,0.0
3,1.94,inf,0.3627394437789917,0.0,0,-1.0,29.26518253039578,inf,0.0,0.0,0.0,0.0
3,1.96,inf,0.3591982126235962,0.0,0,-1.0,29.64961623463967,inf,0.0,0.0,0.0,0.0
3,1.98,inf,0.3558630347251892,0.0,0,-1.0,30.026451180656974,inf,0.0,0.0,0.0,0.0
3,2.0,inf,0.35359206795692444,0.0,0,-1.0,30.39639993526368,inf,0.0,0.0,0.0,0.0
3,2.02,inf,0.3513689935207367,0.0,0,-1.0,30.760201133945188,inf,0.0,0.0,0.0,0.0
3,2.04,inf,0.34918907284736633,0.0,0,-1.0,31.118595315933028,inf,0.0,0.0,0.0,0.0
3,2.06,inf,0.34790825843811035,0.0,0,-1.0,31.472244476970985,inf,0.0,0.0,0.0,0.0
3,2.08,inf,0.35843509435653687,0.0,0,-1.0,31.821744126207705,inf,0.0,0.0,0.0,0.0
3,2.1,inf,0.37879347801208496,0.0,0,-1.0,32.16762141995882,inf,0.0,0.0,0.0,0.0
3,2.12,inf,0.4005403518676758,0.0,0,-1.0,32.51033966247778,inf,0.0,0.0,0.0,0.0
3,2.14,inf,0.42711612582206726,0.0,0,-1.0,32.85028949473447,inf,0.0,0.0,0.0,0.0
3,2.16,inf,0.4538887143135071,0.0,0,-1.0,33.18756075657704,inf,0.0,0.0,0.0,0.0
3,2.18,inf,0.47463831305503845,0.0,0,-1.0,33.52256329853229,inf,0.0,0.0,0.0,0.0
3,2.2,inf,0.4899015426635742,0.0,0,-1.0,33.85413982723479,inf,0.0,0.0,0.0,0.0
3,2.22,inf,0.5199056267738342,0.0,0,-1.0,34.18576936158661,inf,0.0,0.0,0.0,0.0
3,2.24,inf,0.5492760539054871,0.0,0,-1.0,34.51636131324101,inf,0.0,0.0,0.0,0.0
3,2.2600000000000002,inf,0.5782169103622437,0.0,0,-1.0,34.84599287901668,inf,0.0,0.0,0.0,0.0
3,2.2800000000000002,inf,0.6065489053726196,0.0,0,-1.0,35.17473535331531,inf,0.0,0.0,0.0,0.0
3,2.3000000000000003,inf,0.6449594497680664,0.0,0,-1.0,35.50263944775563,inf,0.0,0.0,0.0,0.0
3,2.32,inf,0.697765588760376,0.0,0,-1.0,35.829770969974035,inf,0.0,0.0,0.0,0.0
3,2.34,inf,0.7442163228988647,0.0,0,-1.0,36.15618860106079,inf,0.0,0.0,0.0,0.0
3,2.36,inf,0.7840274572372437,0.0,0,-1.0,36.481945000462446,inf,0.0,0.0,0.0,0.0
3,2.38,inf,0.8233582973480225,0.0,0,-1.0,36.80707391648147,inf,0.0,0.0,0.0,0.0
3,2.4,inf,0.8572099804878235,0.0,0,-1.0,37.13161899442568,inf,0.0,0.0,0.0,0.0
3,2.42,inf,0.8841927647590637,0.0,0,-1.0,37.455705572196564,inf,0.0,0.0,0.0,0.0
3,2.44,inf,0.906603217124939,0.0,0,-1.0,37.779185096094366,inf,0.0,0.0,0.0,0.0
3,2.46,inf,0.9250133037567139,0.0,0,-1.0,38.10215565896694,inf,0.0,0.0,0.0,0.0
3,2.48,inf,0.940010130405426,0.0,0,-1.0,38.42463464872807,inf,0.0,0.0,0.0,0.0
3,2.5,inf,0.9521454572677612,0.0,0,-1.0,38.74666827976986,inf,0.0,0.0,0.0,0.0
3,2.52,inf,0.9574536085128784,0.0,0,-1.0,39.06826088203961,inf,0.0,0.0,0.0,0.0
3,2.54,inf,0.9595543146133423,0.0,0,-1.0,39.3894464596689,inf,0.0,0.0,0.0,0.0
3,2.56,inf,0.9597426056861877,0.0,0,-1.0,39.71024903447645,inf,0.0,0.0,0.0,0.0
3,2.58,inf,0.9596444368362427,0.0,0,-1.0,40.03067900954564,inf,0.0,0.0,0.0,0.0
3,2.6,inf,0.9593197107315063,0.0,0,-1.0,40.350745572336635,inf,0.0,0.0,0.0,0.0
3,2.62,inf,0.9589928388595581,0.0,0,-1.0,40.67011095331819,inf,0.0,0.0,0.0,0.0
3,2.64,inf,0.9586641788482666,0.0,0,-1.0,40.98713400363341,inf,0.0,0.0,0.0,0.0
3,2.66,inf,0.9583355188369751,0.0,0,-1.0,41.29940773015206,inf,0.0,0.0,0.0,0.0
3,2.68,inf,0.9573931694030762,0.0,0,-1.0,41.60481162763612,inf,0.0,0.0,0.0,0.0
3,2.7,inf,0.9535689353942871,0.0,0,-1.0,41.90135966946969,inf,0.0,0.0,0.0,0.0
3,2.72,inf,0.9431458711624146,0.0,0,-1.0,42.187585366518675,inf,0.0,0.0,0.0,0.0
3,2.74,inf,0.9310321807861328,0.0,0,-1.0,42.46180833156655,inf,0.0,0.0,0.0,0.0
3,2.7600000000000002,inf,0.9163644313812256,0.0,0,-1.0,42.722990473088124,inf,0.0,0.0,0.0,0.0
3,2.7800000000000002,inf,0.8995305299758911,0.0,0,-1.0,42.97086346644882,inf,0.0,0.0,0.0,0.0
3,2.8000000000000003,inf,0.8808369636535645,0.0,0,-1.0,43.20364801635112,inf,0.0,0.0,0.0,0.0
3,2.82,inf,0.8606153726577759,0.0,0,-1.0,43.4204126757048,inf,0.0,0.0,0.0,0.0
3,2.84,inf,0.8394137620925903,0.0,0,-1.0,43.62034303793414,inf,0.0,0.0,0.0,0.0
3,2.86,inf,0.8290582299232483,0.01780896706931369,0,-1.0,43.80276092439125,inf,0.0,0.0,0.0,0.0
3,2.88,inf,3.1560659408569336e-05,0.04035300609164046,0,-1.0,43.963789774550726,inf,0.0,0.0,0.0,0.0
3,2.9,inf,0.00011238455772399902,0.0576221309584786,0,-1.0,44.08714066645671,inf,0.0,0.0,0.0,0.0
3,2.92,inf,0.00018364191055297852,0.06759461296325181,0,-1.0,44.15837268077652,inf,0.0,0.0,0.0,0.0
3,2.94,inf,0.0002574324607849121,0.06890440864895954,0,-1.0,44.16772836424586,inf,0.0,0.0,0.0,0.0
3,2.96,inf,0.00028952956199645996,0.06287660587913452,0,-1.0,44.12467263017569,inf,0.0,0.0,0.0,0.0
3,2.98,inf,0.0002186596393585205,0.050806219839090914,0,-1.0,44.038455587032516,inf,0.0,0.0,0.0,0.0
3,3.0,inf,0.0001512765884399414,0.033850399773149,0,-1.0,43.9173425865615,inf,0.0,0.0,0.0,0.0
3,3.02,inf,9.444355964660645e-05,0.012962621923428355,0,-1.0,43.768144173349214,inf,0.0,0.0,0.0,0.0
3,3.04,inf,2.4497509002685547e-05,0.0,0,-1.0,43.59650115136871,inf,0.0,0.0,0.0,0.0
3,3.06,inf,0.8303205370903015,0.0,0,-1.0,43.40798259825183,inf,0.0,0.0,0.0,0.0
3,3.08,inf,0.8405646085739136,0.0,0,-1.0,43.21420811286876,inf,0.0,0.0,0.0,0.0
3,3.1,inf,0.859633207321167,0.0,0,-1.0,43.025024972986174,inf,0.0,0.0,0.0,0.0
3,3.12,inf,0.8763712644577026,0.0,0,-1.0,42.84246018154758,inf,0.0,0.0,0.0,0.0
3,3.14,inf,0.8908693194389343,0.0,0,-1.0,42.66831351352016,inf,0.0,0.0,0.0,0.0
3,3.16,inf,0.9032868146896362,0.0,0,-1.0,42.50428570793268,inf,0.0,0.0,0.0,0.0
3,3.18,inf,0.9138127565383911,0.0,0,-1.0,42.35131005419437,inf,0.0,0.0,0.0,0.0
3,3.2,inf,0.9226832389831543,0.0,0,-1.0,42.21056456397701,inf,0.0,0.0,0.0,0.0
3,3.22,inf,0.929962158203125,0.0,0,-1.0,42.083006510295824,inf,0.0,0.0,0.0,0.0
3,3.24,inf,0.9357126951217651,0.0,0,-1.0,41.96945081266322,inf,0.0,0.0,0.0,0.0
3,3.2600000000000002,inf,0.9404591917991638,0.0,0,-1.0,41.87059830198273,inf,0.0,0.0,0.0,0.0
3,3.2800000000000002,inf,0.944321870803833,0.0,0,-1.0,41.78705457217875,inf,0.0,0.0,0.0,0.0
3,3.3000000000000003,inf,0.9474011659622192,0.0,0,-1.0,41.71918922141999,inf,0.0,0.0,0.0,0.0
3,3.3200000000000003,inf,0.9497836232185364,0.0,0,-1.0,41.6666781428381,inf,0.0,0.0,0.0,0.0
3,3.34,inf,0.9515564441680908,0.0,0,-1.0,41.62846458862464,inf,0.0,0.0,0.0,0.0
3,3.36,inf,0.9528090953826904,0.0,0,-1.0,41.603383203234756,inf,0.0,0.0,0.0,0.0
3,3.38,inf,0.9536144733428955,0.0,0,-1.0,41.59017280738479,inf,0.0,0.0,0.0,0.0
3,3.4,inf,0.954033374786377,0.0,0,-1.0,41.58751963835864,inf,0.0,0.0,0.0,0.0
3,3.42,inf,0.9541170597076416,0.0,0,-1.0,41.59403848780573,inf,0.0,0.0,0.0,0.0
3,3.44,inf,0.9539111256599426,0.0,0,-1.0,41.60835847503765,inf,0.0,0.0,0.0,0.0
3,3.46,inf,0.9534556865692139,0.0,0,-1.0,41.62916354842817,inf,0.0,0.0,0.0,0.0
3,3.48,inf,0.9527864456176758,0.0,0,-1.0,41.65520404145569,inf,0.0,0.0,0.0,0.0
3,3.5,inf,0.951935887336731,0.0,0,-1.0,41.68528834995528,inf,0.0,0.0,0.0,0.0
3,3.52,inf,0.9509350061416626,0.0,0,-1.0,41.71832279595445,inf,0.0,0.0,0.0,0.0
3,3.54,inf,0.9498132467269897,0.0,0,-1.0,41.7533628296554,inf,0.0,0.0,0.0,0.0
3,3.56,inf,0.9485970139503479,0.0,0,-1.0,41.78951632823142,inf,0.0,0.0,0.0,0.0
3,3.58,inf,0.9473127126693726,0.0,0,-1.0,41.82601063969538,inf,0.0,0.0,0.0,0.0
3,3.6,inf,0.9459859132766724,0.0,0,-1.0,41.86215433700082,inf,0.0,0.0,0.0,0.0
3,3.62,inf,0.9446406960487366,0.0,0,-1.0,41.897372800558735,inf,0.0,0.0,0.0,0.0
3,3.64,inf,0.9432996511459351,0.0,0,-1.0,41.93117487747585,inf,0.0,0.0,0.0,0.0
3,3.66,inf,0.9419838190078735,0.0,0,-1.0,41.96317201880089,inf,0.0,0.0,0.0,0.0
3,3.68,inf,0.9407118558883667,0.0,0,-1.0,41.99305904793835,inf,0.0,0.0,0.0,0.0
3,3.7,inf,0.9395002126693726,0.0,0,-1.0,42.02058585340011,inf,0.0,0.0,0.0,0.0
3,3.72,inf,0.9383638501167297,0.0,0,-1.0,42.04563123140694,inf,0.0,0.0,0.0,0.0
3,3.74,inf,0.9373126029968262,0.0,0,-1.0,42.06812010887083,inf,0.0,0.0,0.0,0.0
3,3.7600000000000002,inf,0.9363544583320618,0.0,0,-1.0,42.08802690879416,inf,0.0,0.0,0.0,0.0
3,3.7800000000000002,inf,0.9354949593544006,0.0,0,-1.0,42.10535420533656,inf,0.0,0.0,0.0,0.0
3,3.8000000000000003,inf,0.9347381591796875,0.0,0,-1.0,42.12017086286201,inf,0.0,0.0,0.0,0.0
3,3.8200000000000003,inf,0.9340842962265015,0.0,0,-1.0,42.132611953256244,inf,0.0,0.0,0.0,0.0
3,3.84,inf,0.9335305690765381,0.0,0,-1.0,42.14283056732798,inf,0.0,0.0,0.0,0.0
3,3.86,inf,0.9330726861953735,0.0,0,-1.0,42.150986733093625,inf,0.0,0.0,0.0,0.0
3,3.88,inf,0.9327049255371094,0.0,0,-1.0,42.15727093729491,inf,0.0,0.0,0.0,0.0
3,3.9,inf,0.9324204921722412,0.0,0,-1.0,42.16187433904157,inf,0.0,0.0,0.0,0.0
3,3.92,inf,0.9322112798690796,0.0,0,-1.0,42.16499721983334,inf,0.0,0.0,0.0,0.0
3,3.94,inf,0.9320691823959351,0.0,0,-1.0,42.16683981512706,inf,0.0,0.0,0.0,0.0
3,3.96,inf,0.9319851398468018,0.0,0,-1.0,42.16759289297586,inf,0.0,0.0,0.0,0.0
3,3.98,inf,0.9319506883621216,0.0,0,-1.0,42.167449570774984,inf,0.0,0.0,0.0,0.0
3,4.0,inf,0.9319571852684021,0.0,0,-1.0,42.16655809465822,inf,0.0,0.0,0.0,0.0
3,4.0200000000000005,inf,0.9319978952407837,0.0,0,-1.0,42.165126897811334,inf,0.0,0.0,0.0,0.0
3,4.04,inf,0.932063102722168,0.0,0,-1.0,42.16329971561014,inf,0.0,0.0,0.0,0.0
3,4.0600000000000005,inf,0.9321466088294983,0.0,0,-1.0,42.16121509529111,inf,0.0,0.0,0.0,0.0
3,4.08,inf,0.9322413206100464,0.0,0,-1.0,42.15899223956434,inf,0.0,0.0,0.0,0.0
3,4.1,inf,0.9323422908782959,0.0,0,-1.0,42.15674799576487,inf,0.0,0.0,0.0,0.0
3,4.12,inf,0.9324442148208618,0.0,0,-1.0,42.15456817077502,inf,0.0,0.0,0.0,0.0
3,4.14,inf,0.9325429201126099,0.0,0,-1.0,42.152538513362465,inf,0.0,0.0,0.0,0.0
3,4.16,inf,0.9326348304748535,0.0,0,-1.0,42.15072588239896,inf,0.0,0.0,0.0,0.0
3,4.18,inf,0.9327168464660645,0.0,0,-1.0,42.149175600954266,inf,0.0,0.0,0.0,0.0
3,4.2,inf,0.9327869415283203,0.0,0,-1.0,42.14792821056694,inf,0.0,0.0,0.0,0.0
3,4.22,inf,0.9328432083129883,0.0,0,-1.0,42.14701940520519,inf,0.0,0.0,0.0,0.0
3,4.24,inf,0.9328840970993042,0.0,0,-1.0,42.14646114894165,inf,0.0,0.0,0.0,0.0
3,4.26,inf,0.9329093098640442,0.0,0,-1.0,42.14626054607023,inf,0.0,0.0,0.0,0.0
3,4.28,inf,0.9329183101654053,0.0,0,-1.0,42.1464223095887,inf,0.0,0.0,0.0,0.0
3,4.3,inf,0.9329110383987427,0.0,0,-1.0,42.14693936680987,inf,0.0,0.0,0.0,0.0
3,4.32,inf,0.9328876733779907,0.0,0,-1.0,42.14779264530681,inf,0.0,0.0,0.0,0.0
3,4.34,inf,0.9328492879867554,0.0,0,-1.0,42.14896783278697,inf,0.0,0.0,0.0,0.0
3,4.36,inf,0.93279629945755,0.0,0,-1.0,42.15044348950692,inf,0.0,0.0,0.0,0.0
3,4.38,inf,0.9327294826507568,0.0,0,-1.0,42.15219802120663,inf,0.0,0.0,0.0,0.0
3,4.4,inf,0.9326502084732056,0.0,0,-1.0,42.154202974467225,inf,0.0,0.0,0.0,0.0
3,4.42,inf,0.932559609413147,0.0,0,-1.0,42.156432055937955,inf,0.0,0.0,0.0,0.0
3,4.44,inf,0.9324585199356079,0.0,0,-1.0,42.158851934414834,inf,0.0,0.0,0.0,0.0
3,4.46,inf,0.9323486089706421,0.0,0,-1.0,42.16143866413764,inf,0.0,0.0,0.0,0.0
3,4.48,inf,0.932231068611145,0.0,0,-1.0,42.16416129834747,inf,0.0,0.0,0.0,0.0
3,4.5,inf,0.9321072697639465,0.0,0,-1.0,42.16699607978186,inf,0.0,0.0,0.0,0.0
3,4.5200000000000005,inf,0.9319780468940735,0.0,0,-1.0,42.169919037636866,inf,0.0,0.0,0.0,0.0
3,4.54,inf,0.9318443536758423,0.0,0,-1.0,42.17290635957199,inf,0.0,0.0,0.0,0.0
3,4.5600000000000005,inf,0.9317077398300171,0.0,0,-1.0,42.17593415324132,inf,0.0,0.0,0.0,0.0
3,4.58,inf,0.9315688610076904,0.0,0,-1.0,42.17898584836544,inf,0.0,0.0,0.0,0.0
3,4.6000000000000005,inf,0.9314287900924683,0.0,0,-1.0,42.182044681510256,inf,0.0,0.0,0.0,0.0
3,4.62,inf,0.9312878251075745,0.0,0,-1.0,42.18508924101725,inf,0.0,0.0,0.0,0.0
3,4.64,inf,0.9311473369598389,0.0,0,-1.0,42.18811475391719,inf,0.0,0.0,0.0,0.0
3,4.66,inf,0.9310076236724854,0.0,0,-1.0,42.191104499622924,inf,0.0,0.0,0.0,0.0
3,4.68,inf,0.9308692216873169,0.0,0,-1.0,42.19405612584647,inf,0.0,0.0,0.0,0.0
3,4.7,inf,0.9307324886322021,0.0,0,-1.0,42.19695765413973,inf,0.0,0.0,0.0,0.0
3,4.72,inf,0.9305976629257202,0.0,0,-1.0,42.199799579190085,inf,0.0,0.0,0.0,0.0
3,4.74,inf,0.9304654002189636,0.0,0,-1.0,42.20258191696219,inf,0.0,0.0,0.0,0.0
3,4.76,inf,0.930335521697998,0.0,0,-1.0,42.205304642479305,inf,0.0,0.0,0.0,0.0
3,4.78,inf,0.9302084445953369,0.0,0,-1.0,42.20796540733103,inf,0.0,0.0,0.0,0.0
3,4.8,inf,0.9300838708877563,0.0,0,-1.0,42.210566563337714,inf,0.0,0.0,0.0,0.0
3,4.82,inf,0.9299620389938354,0.0,0,-1.0,42.213105698536665,inf,0.0,0.0,0.0,0.0
3,4.84,inf,0.9298428297042847,0.0,0,-1.0,42.21558530677985,inf,0.0,0.0,0.0,0.0
3,4.86,inf,0.9297263622283936,0.0,0,-1.0,42.218014818854705,inf,0.0,0.0,0.0,0.0
3,4.88,inf,0.9296120405197144,0.0,0,-1.0,42.22038947140521,inf,0.0,0.0,0.0,0.0
3,4.9,inf,0.9295001029968262,0.0,0,-1.0,42.222709319569354,inf,0.0,0.0,0.0,0.0
3,4.92,inf,0.929390549659729,0.0,0,-1.0,42.22498148561974,inf,0.0,0.0,0.0,0.0
3,4.94,inf,0.9292832016944885,0.0,0,-1.0,42.22721547114293,inf,0.0,0.0,0.0,0.0
3,4.96,inf,0.9291774034500122,0.0,0,-1.0,42.229413706542694,inf,0.0,0.0,0.0,0.0
3,4.98,inf,0.9290732145309448,0.0,0,-1.0,42.231580968966455,inf,0.0,0.0,0.0,0.0
3,5.0,inf,0.928970217704773,0.0,0,-1.0,42.233717179233594,inf,0.0,0.0,0.0,0.0
3,5.0200000000000005,inf,0.9288687705993652,0.0,0,-1.0,42.23582717186841,inf,0.0,0.0,0.0,0.0
3,5.04,inf,0.9287681579589844,0.0,0,-1.0,42.23791812275521,inf,0.0,0.0,0.0,0.0
3,5.0600000000000005,inf,0.9286686182022095,0.0,0,-1.0,42.239989949407935,inf,0.0,0.0,0.0,0.0
3,5.08,inf,0.9285696148872375,0.0,0,-1.0,42.242047521627725,inf,0.0,0.0,0.0,0.0
3,5.1000000000000005,inf,0.9284713268280029,0.0,0,-1.0,42.24409317563086,inf,0.0,0.0,0.0,0.0
3,5.12,inf,0.9283733367919922,0.0,0,-1.0,42.24612447205802,inf,0.0,0.0,0.0,0.0
3,5.14,inf,0.9282761216163635,0.0,0,-1.0,42.24815102905491,inf,0.0,0.0,0.0,0.0
3,5.16,inf,0.9281789064407349,0.0,0,-1.0,42.25017038955804,inf,0.0,0.0,0.0,0.0
3,5.18,inf,0.9280803203582764,0.0,0,-1.0,42.252189789666936,inf,0.0,0.0,0.0,0.0
3,5.2,inf,0.9279760718345642,0.0,0,-1.0,42.254202083556834,inf,0.0,0.0,0.0,0.0
3,5.22,inf,0.9278719425201416,0.0,0,-1.0,42.256214305102006,inf,0.0,0.0,0.0,0.0
3,5.24,inf,0.9277678728103638,0.0,0,-1.0,42.2582241451457,inf,0.0,0.0,0.0,0.0
3,5.26,inf,0.9276635646820068,0.0,0,-1.0,42.26023401784863,inf,0.0,0.0,0.0,0.0
3,5.28,inf,0.9275593161582947,0.0,0,-1.0,42.26224383928895,inf,0.0,0.0,0.0,0.0
3,5.3,inf,0.9274548292160034,0.0,0,-1.0,42.264251320771955,inf,0.0,0.0,0.0,0.0
3,5.32,inf,0.9273501634597778,0.0,0,-1.0,42.26626114612554,inf,0.0,0.0,0.0,0.0
3,5.34,inf,0.927245557308197,0.0,0,-1.0,42.268268587357376,inf,0.0,0.0,0.0,0.0
3,5.36,inf,0.9271407127380371,0.0,0,-1.0,42.27027609227476,inf,0.0,0.0,0.0,0.0
3,5.38,inf,0.9270358681678772,0.0,0,-1.0,42.27228120225253,inf,0.0,0.0,0.0,0.0
3,5.4,inf,0.9269307851791382,0.0,0,-1.0,42.27428391908053,inf,0.0,0.0,0.0,0.0
3,5.42,inf,0.9268258810043335,0.0,0,-1.0,42.27628186416014,inf,0.0,0.0,0.0,0.0
3,5.44,inf,0.9267210364341736,0.0,0,-1.0,42.278277437029786,inf,0.0,0.0,0.0,0.0
3,5.46,inf,0.9266163110733032,0.0,0,-1.0,42.28027303827147,inf,0.0,0.0,0.0,0.0
3,5.48,inf,0.9265114068984985,0.0,0,-1.0,42.28226381981364,inf,0.0,0.0,0.0,0.0
3,5.5,inf,0.9264063835144043,0.0,0,-1.0,42.284247457394734,inf,0.0,0.0,0.0,0.0
3,5.5200000000000005,inf,0.9263017773628235,0.0,0,-1.0,42.2862239684275,inf,0.0,0.0,0.0,0.0
3,5.54,inf,0.9261975288391113,0.0,0,-1.0,42.28820047665584,inf,0.0,0.0,0.0,0.0
3,5.5600000000000005,inf,0.9260929822921753,0.0,0,-1.0,42.29016741968887,inf,0.0,0.0,0.0,0.0
3,5.58,inf,0.9259887933731079,0.0,0,-1.0,42.29212962017939,inf,0.0,0.0,0.0,0.0
3,5.6000000000000005,inf,0.9258847236633301,0.0,0,-1.0,42.29408706544051,inf,0.0,0.0,0.0,0.0
3,5.62,inf,0.9257807731628418,0.0,0,-1.0,42.296032570886084,inf,0.0,0.0,0.0,0.0
3,5.64,inf,0.9256773591041565,0.0,0,-1.0,42.29797090199254,inf,0.0,0.0,0.0,0.0
3,5.66,inf,0.9255741834640503,0.0,0,-1.0,42.29990213368704,inf,0.0,0.0,0.0,0.0
3,5.68,inf,0.925471305847168,0.0,0,-1.0,42.30181902228392,inf,0.0,0.0,0.0,0.0
3,5.7,inf,0.9253689050674438,0.0,0,-1.0,42.30372876707988,inf,0.0,0.0,0.0,0.0
3,5.72,inf,0.9252669811248779,0.0,0,-1.0,42.305633775977626,inf,0.0,0.0,0.0,0.0
3,5.74,inf,0.9251651167869568,0.0,0,-1.0,42.307638162181235,inf,0.0,0.0,0.0,0.0
3,5.76,inf,0.9250576496124268,0.0,0,-1.0,42.309661812781265,inf,0.0,0.0,0.0,0.0
3,5.78,inf,0.9249491691589355,0.0,0,-1.0,42.311676161357816,inf,0.0,0.0,0.0,0.0
3,5.8,inf,0.9248409867286682,0.0,0,-1.0,42.31367636564003,inf,0.0,0.0,0.0,0.0
3,5.82,inf,0.9247334003448486,0.0,0,-1.0,42.315657547025836,inf,0.0,0.0,0.0,0.0
3,5.84,inf,0.9246268272399902,0.0,0,-1.0,42.317617314362664,inf,0.0,0.0,0.0,0.0
3,5.86,inf,0.9245210289955139,0.0,0,-1.0,42.31955088695528,inf,0.0,0.0,0.0,0.0
3,5.88,inf,0.9244166612625122,0.0,0,-1.0,42.32146302631447,inf,0.0,0.0,0.0,0.0
3,5.9,inf,0.9243134260177612,0.0,0,-1.0,42.32334894458249,inf,0.0,0.0,0.0,0.0
3,5.92,inf,0.9242112636566162,0.0,0,-1.0,42.32521580263831,inf,0.0,0.0,0.0,0.0
3,5.94,inf,0.9241101145744324,0.0,0,-1.0,42.32712301219281,inf,0.0,0.0,0.0,0.0
3,5.96,inf,0.9240067005157471,0.0,0,-1.0,42.328975452000684,inf,0.0,0.0,0.0,0.0
3,5.98,inf,0.9239059686660767,0.0,0,-1.0,42.330796963485675,inf,0.0,0.0,0.0,0.0
3,6.0,inf,0.92380690574646,0.0,0,-1.0,42.33259703240488,inf,0.0,0.0,0.0,0.0
3,6.0200000000000005,inf,0.9237089157104492,0.0,0,-1.0,42.334382813205956,inf,0.0,0.0,0.0,0.0
3,6.04,inf,0.923611581325531,0.0,0,-1.0,42.33615667035896,inf,0.0,0.0,0.0,0.0
3,6.0600000000000005,inf,0.923514723777771,0.0,0,-1.0,42.337920976201694,inf,0.0,0.0,0.0,0.0
3,6.08,inf,0.9234184622764587,0.0,0,-1.0,42.3396757448985,inf,0.0,0.0,0.0,0.0
3,6.1000000000000005,inf,0.9233224391937256,0.0,0,-1.0,42.34141622844105,inf,0.0,0.0,0.0,0.0
3,6.12,inf,0.9232270121574402,0.0,0,-1.0,42.34315429935584,inf,0.0,0.0,0.0,0.0
3,6.140000000000001,inf,0.9231316447257996,0.0,0,-1.0,42.344880455650376,inf,0.0,0.0,0.0,0.0
3,6.16,inf,0.9230371713638306,0.0,0,-1.0,42.346601842805384,inf,0.0,0.0,0.0,0.0
3,6.18,inf,0.9229424595832825,0.0,0,-1.0,42.34831846648406,inf,0.0,0.0,0.0,0.0
3,6.2,inf,0.9228479862213135,0.0,0,-1.0,42.35002554660759,inf,0.0,0.0,0.0,0.0
3,6.22,inf,0.9227539300918579,0.0,0,-1.0,42.35173023893153,inf,0.0,0.0,0.0,0.0
3,6.24,inf,0.9226599931716919,0.0,0,-1.0,42.3534254080328,inf,0.0,0.0,0.0,0.0
3,6.26,inf,0.922566294670105,0.0,0,-1.0,42.35511580285752,inf,0.0,0.0,0.0,0.0
3,6.28,inf,0.9224728345870972,0.0,0,-1.0,42.35680141454238,inf,0.0,0.0,0.0,0.0
3,6.3,inf,0.9223797917366028,0.0,0,-1.0,42.35847988366189,inf,0.0,0.0,0.0,0.0
3,6.32,inf,0.922286868095398,0.0,0,-1.0,42.36015121030964,inf,0.0,0.0,0.0,0.0
3,6.34,inf,0.9221940040588379,0.0,0,-1.0,42.361817758475226,inf,0.0,0.0,0.0,0.0
3,6.36,inf,0.9221015572547913,0.0,0,-1.0,42.363479552731405,inf,0.0,0.0,0.0,0.0
3,6.38,inf,0.9220093488693237,0.0,0,-1.0,42.36513180443756,inf,0.0,0.0,0.0,0.0
3,6.4,inf,0.9219173789024353,0.0,0,-1.0,42.367077444464385,inf,0.0,0.0,0.0,0.0
3,6.42,inf,0.9218089580535889,0.0,0,-1.0,42.36943542346169,inf,0.0,0.0,0.0,0.0
3,6.44,inf,0.9216774702072144,0.0,0,-1.0,42.37187958667617,inf,0.0,0.0,0.0,0.0
3,6.46,inf,0.9215410351753235,0.0,0,-1.0,42.3743189148289,inf,0.0,0.0,0.0,0.0
3,6.48,inf,0.9214043617248535,0.0,0,-1.0,42.376699659832425,inf,0.0,0.0,0.0,0.0
3,6.5,inf,0.9212712049484253,0.0,0,-1.0,42.379000198930505,inf,0.0,0.0,0.0,0.0
3,6.5200000000000005,inf,0.9211419820785522,0.0,0,-1.0,42.38120388613264,inf,0.0,0.0,0.0,0.0
3,6.54,inf,0.9210182428359985,0.0,0,-1.0,42.383303847133035,inf,0.0,0.0,0.0,0.0
3,6.5600000000000005,inf,0.9208999276161194,0.0,0,-1.0,42.38530052632693,inf,0.0,0.0,0.0,0.0
3,6.58,inf,0.9207875728607178,0.0,0,-1.0,42.38720586703461,inf,0.0,0.0,0.0,0.0
3,6.6000000000000005,inf,0.9206799268722534,0.0,0,-1.0,42.389243754745294,inf,0.0,0.0,0.0,0.0
3,6.62,inf,0.9205648899078369,0.0,0,-1.0,42.39123697551966,inf,0.0,0.0,0.0,0.0
3,6.640000000000001,inf,0.9204520583152771,0.0,0,-1.0,42.393024142878154,inf,0.0,0.0,0.0,0.0
3,6.66,inf,0.9203507900238037,0.0,0,-1.0,42.39468572076929,inf,0.0,0.0,0.0,0.0
3,6.68,inf,0.9202566146850586,0.0,0,-1.0,42.39627685452914,inf,0.0,0.0,0.0,0.0
3,6.7,inf,0.9201662540435791,0.0,0,-1.0,42.39781771376499,inf,0.0,0.0,0.0,0.0
3,6.72,inf,0.9200788736343384,0.0,0,-1.0,42.39932531767305,inf,0.0,0.0,0.0,0.0
3,6.74,inf,0.9199929237365723,0.0,0,-1.0,42.40080988979604,inf,0.0,0.0,0.0,0.0
3,6.76,inf,0.9199085235595703,0.0,0,-1.0,42.40227902352214,inf,0.0,0.0,0.0,0.0
3,6.78,inf,0.9198247194290161,0.0,0,-1.0,42.403735421202036,inf,0.0,0.0,0.0,0.0
3,6.8,inf,0.9197417497634888,0.0,0,-1.0,42.40517949372307,inf,0.0,0.0,0.0,0.0
3,6.82,inf,0.9196593761444092,0.0,0,-1.0,42.406618500527095,inf,0.0,0.0,0.0,0.0
3,6.84,inf,0.9195769429206848,0.0,0,-1.0,42.40805246549579,inf,0.0,0.0,0.0,0.0
3,6.86,inf,0.9194950461387634,0.0,0,-1.0,42.40947919308505,inf,0.0,0.0,0.0,0.0
3,6.88,inf,0.9194133281707764,0.0,0,-1.0,42.41220876287413,inf,0.0,0.0,0.0,0.0
3,6.9,inf,0.919256865978241,0.0,0,-1.0,42.41522976409857,inf,0.0,0.0,0.0,0.0
3,6.92,inf,0.919083297252655,0.0,0,-1.0,42.41829408603381,inf,0.0,0.0,0.0,0.0
3,6.94,inf,0.9189068675041199,0.0,0,-1.0,42.42128394730031,inf,0.0,0.0,0.0,0.0
3,6.96,inf,0.9187344908714294,0.0,0,-1.0,42.424125503937496,inf,0.0,0.0,0.0,0.0
3,6.98,inf,0.918570339679718,0.0,0,-1.0,42.42679759638965,inf,0.0,0.0,0.0,0.0
3,7.0,inf,0.9184155464172363,0.0,0,-1.0,42.429281520970335,inf,0.0,0.0,0.0,0.0
3,7.0200000000000005,inf,0.9182717204093933,0.0,0,-1.0,42.43157026350498,inf,0.0,0.0,0.0,0.0
3,7.04,inf,0.9181388020515442,0.0,0,-1.0,42.43367316265917,inf,0.0,0.0,0.0,0.0
3,7.0600000000000005,inf,0.9180164337158203,0.0,0,-1.0,42.43560107610038,inf,0.0,0.0,0.0,0.0
3,7.08,inf,0.9179041385650635,0.0,0,-1.0,42.43801498204019,inf,0.0,0.0,0.0,0.0
3,7.1000000000000005,inf,0.9177634119987488,0.0,0,-1.0,42.43993562380205,inf,0.0,0.0,0.0,0.0
3,7.12,inf,0.917651355266571,0.0,0,-1.0,42.44161125855075,inf,0.0,0.0,0.0,0.0
3,7.140000000000001,inf,0.9175534248352051,0.0,0,-1.0,42.44313422145545,inf,0.0,0.0,0.0,0.0
3,7.16,inf,0.9174643754959106,0.0,0,-1.0,42.444555796489404,inf,0.0,0.0,0.0,0.0
3,7.18,inf,0.9173810482025146,0.0,0,-1.0,42.44591307348384,inf,0.0,0.0,0.0,0.0
3,7.2,inf,0.9173014163970947,0.0,0,-1.0,42.4472301303008,inf,0.0,0.0,0.0,0.0
3,7.22,inf,0.9172242879867554,0.0,0,-1.0,42.44851578941655,inf,0.0,0.0,0.0,0.0
3,7.24,inf,0.9171487092971802,0.0,0,-1.0,42.44977528837684,inf,0.0,0.0,0.0,0.0
3,7.26,inf,0.9170747399330139,0.0,0,-1.0,42.4510196806215,inf,0.0,0.0,0.0,0.0
3,7.28,inf,0.9170013666152954,0.0,0,-1.0,42.45224837739097,inf,0.0,0.0,0.0,0.0
3,7.3,inf,0.9169291853904724,0.0,0,-1.0,42.45347137067575,inf,0.0,0.0,0.0,0.0
3,7.32,inf,0.916857123374939,0.0,0,-1.0,42.45468956960969,inf,0.0,0.0,0.0,0.0
3,7.34,inf,0.9167852401733398,0.0,0,-1.0,42.45713185221091,inf,0.0,0.0,0.0,0.0
3,7.36,inf,0.916641116142273,0.0,0,-1.0,42.45992847540886,inf,0.0,0.0,0.0,0.0
3,7.38,inf,0.9164756536483765,0.0,0,-1.0,42.46277063675804,inf,0.0,0.0,0.0,0.0
3,7.4,inf,0.9163073301315308,0.0,0,-1.0,42.46554959063297,inf,0.0,0.0,0.0,0.0
3,7.42,inf,0.9161425232887268,0.0,0,-1.0,42.46819263219503,inf,0.0,0.0,0.0,0.0
3,7.44,inf,0.9159852266311646,0.0,0,-1.0,42.47066685386351,inf,0.0,0.0,0.0,0.0
3,7.46,inf,0.9158379435539246,0.0,0,-1.0,42.472955635628594,inf,0.0,0.0,0.0,0.0
3,7.48,inf,0.9157016277313232,0.0,0,-1.0,42.47505699548109,inf,0.0,0.0,0.0,0.0
3,7.5,inf,0.9155761003494263,0.0,0,-1.0,42.47697630455051,inf,0.0,0.0,0.0,0.0
3,7.5200000000000005,inf,0.9154614210128784,0.0,0,-1.0,42.478718857946895,inf,0.0,0.0,0.0,0.0
3,7.54,inf,0.9153570532798767,0.0,0,-1.0,42.48103956107951,inf,0.0,0.0,0.0,0.0
3,7.5600000000000005,inf,0.9152178764343262,0.0,0,-1.0,42.48278274332577,inf,0.0,0.0,0.0,0.0
3,7.58,inf,0.9151133298873901,0.0,0,-1.0,42.48427709495732,inf,0.0,0.0,0.0,0.0
3,7.6000000000000005,inf,0.9150235056877136,0.0,0,-1.0,42.4856114229283,inf,0.0,0.0,0.0,0.0
3,7.62,inf,0.9149432182312012,0.0,0,-1.0,42.48684327585886,inf,0.0,0.0,0.0,0.0
3,7.640000000000001,inf,0.9148690700531006,0.0,0,-1.0,42.48800687881713,inf,0.0,0.0,0.0,0.0
3,7.66,inf,0.9147988557815552,0.0,0,-1.0,42.48913065319247,inf,0.0,0.0,0.0,0.0
3,7.68,inf,0.9147310853004456,0.0,0,-1.0,42.49022137725552,inf,0.0,0.0,0.0,0.0
3,7.7,inf,0.9146652817726135,0.0,0,-1.0,42.49129359409342,inf,0.0,0.0,0.0,0.0
3,7.72,inf,0.9146006107330322,0.0,0,-1.0,42.49235494981294,inf,0.0,0.0,0.0,0.0
3,7.74,inf,0.9145366549491882,0.0,0,-1.0,42.4934046215164,inf,0.0,0.0,0.0,0.0
3,7.76,1.779442320018477,0.9144731760025024,0.08,1,26.78597569501915,42.49444812742179,1.779442320018477,0.41895462440249,1.0,0.41895462440249,0.17552297730823146
3,7.78,1.7597372417337287,0.4219106137752533,0.16,1,26.481728112264364,42.48693437770089,1.7597372417337287,0.42695425836040696,1.0,0.42695425836040696,0.18228993873208513
3,7.8,inf,0.9583306312561035,0.24,0,-1.0,42.44985099385417,inf,0.0,0.0,0.0,0.0
3,7.82,inf,0.5997868180274963,0.32,0,-1.0,42.36775464445855,inf,0.0,0.0,0.0,0.0
3,7.84,1.711088922548396,0.7542157769203186,0.4,1,25.568307592293845,42.238748519616884,1.711088922548396,0.4476638337762954,1.0,0.4476638337762954,0.2004029080712906
3,7.86,inf,0.9073634743690491,0.48000000000000004,0,-1.0,42.0690815803667,inf,0.0,0.0,0.0,0.0
3,7.88,1.6882370173867969,0.7210485935211182,0.56,1,24.95230754708403,41.863841830828754,1.6882370173867969,0.45875669609676517,1.0,0.45875669609676517,0.21045770621361976
3,7.9,inf,0.9368190765380859,0.64,0,-1.0,41.627208871520615,inf,0.0,0.0,0.0,0.0
3,7.92,1.67120318603305,0.6713705062866211,0.6713705062866211,1,24.344097377902113,41.36267010572826,1.67120318603305,0.46802318637060675,1.0,0.46802318637060675,0.2190457029804957
3,7.94,1.6644332760887237,0.8778230547904968,0.751370506286621,1,24.044000264314842,41.07529296782817,1.6644332760887237,0.4721040718560977,1.0,0.4721040718560977,0.22288225466310746
3,7.96,inf,0.8462243676185608,0.831370506286621,0,-1.0,40.7689975820757,inf,0.0,0.0,0.0,0.0
3,7.98,inf,0.5059343576431274,0.811370506286621,0,-1.0,40.442260282479644,inf,0.0,0.0,0.0,0.0
3,8.0,1.6496391692726269,0.4946116507053375,0.791370506286621,1,23.055320050173677,40.10412270582496,1.6496391692726269,0.48566382924653784,1.0,0.48566382924653784,0.23586935503841025
3,8.02,1.6458462939085807,0.7937620282173157,0.7937620282173157,1,22.755967637828356,39.760549578498996,1.6458462939085807,0.48919197615876475,1.0,0.48919197615876475,0.23930878953811746
3,8.040000000000001,1.642468216245187,0.779762864112854,0.779762864112854,1,22.46152275664933,39.41088128339602,1.642468216245187,0.49255810646515225,1.0,0.49255810646515225,0.24261348824453624
3,8.06,1.63941825068253,0.7772578001022339,0.7772578001022339,1,22.17207663504281,39.057230598055845,1.63941825068253,0.49578763940885207,1.0,0.49578763940885207,0.24580538339060193
3,8.08,1.6366637631133216,0.7692927122116089,0.7692927122116089,1,21.887685425611014,38.70051817368084,1.6366637631133216,0.49888944322524326,1.0,0.49888944322524326,0.24889067656159322
3,8.1,inf,0.7641932964324951,0.7641932964324951,0,-1.0,38.34187703380328,inf,0.0,0.0,0.0,0.0
3,8.120000000000001,1.6318745356247273,0.4915952980518341,0.7441932964324951,1,21.333503761624502,37.98211570577447,1.6318745356247273,0.504776955264733,1.0,0.5,0.25479977456633424
3,8.14,1.629724332286117,0.7715156078338623,0.7715156078338623,1,21.470332414768745,37.6230686731201,1.629724332286117,0.4951323378005964,1.0,0.4951323378005964,0.2451560319358839
3,8.16,1.6278469862723908,0.7792644500732422,0.7792644500732422,1,20.798006100660896,37.26209702671869,1.6278469862723908,0.5103230243347986,1.0,0.5,0.26042958916621545
3,8.18,inf,0.7609002590179443,0.7609002590179443,0,-1.0,36.89963994219703,inf,0.0,0.0,0.0,0.0
3,8.2,1.6247301434261356,0.46488824486732483,0.7409002590179443,1,20.280710836790245,36.53867242927137,1.6247301434261356,0.5154928961877274,1.0,0.5,0.26573292602001114
3,8.22,inf,0.7856212854385376,0.7856212854385376,0,-1.0,36.18067439892401,inf,0.0,0.0,0.0,0.0
3,8.24,1.6221139082197418,0.4531145393848419,0.7656212854385376,1,19.781913256782435,35.820751146412036,1.6221139082197418,0.5203908825400819,1.0,0.5,0.27080667063084535
3,8.26,1.6210804531477165,0.7172071933746338,0.7456212854385376,1,19.53980210882423,35.4624315996672,1.6210804531477165,0.5226972587118398,1.0,0.5,0.273212424264872
3,8.28,1.6200644802525521,0.7625371217727661,0.7625371217727661,1,19.30296977880935,35.10774503033016,1.6200644802525521,0.5249405173186926,1.0,0.5,0.2755625467228166
3,8.3,1.6191880480478442,0.7386034727096558,0.7425371217727661,1,19.072008913502373,34.754440126222924,1.6191880480478442,0.5270618820651055,1.0,0.5,0.2777942275260112
3,8.32,1.6183356605868624,0.8013710379600525,0.8013710379600525,1,18.847920286730538,34.404726574667635,1.6183356605868624,0.5290580155007932,1.0,0.5,0.2799023837656376
3,8.34,inf,0.6910840272903442,0.7813710379600525,0,-1.0,34.05225482719136,inf,0.0,0.0,0.0,0.0
3,8.36,1.6175040010855741,0.4422019422054291,0.7613710379600525,1,18.414589076299922,33.70187336831553,1.6175040010855741,0.5326232227367951,1.0,0.5,0.2836874973985296
3,8.38,1.6171529599389018,0.7720282077789307,0.7720282077789307,1,18.202934102945918,33.355578423931526,1.6171529599389018,0.5343796587198901,1.0,0.5,0.28556161965358623
3,8.4,1.6169403496698076,0.7647686004638672,0.7647686004638672,1,17.994807323901565,33.01102597017885,1.6169403496698076,0.5360824220527973,1.0,0.5,0.2873843632339935
3,8.42,1.6168141635994036,0.7973106503486633,0.7973106503486633,1,17.90088519895176,32.66917748014491,1.6168141635994036,0.5337452583037826,1.0,0.5,0.2848840007617716
3,8.44,1.6169791056569545,0.7426938414573669,0.7773106503486633,1,17.58976540976808,32.326610819437505,1.6169791056569545,0.5392855157576679,1.0,0.5,0.2908288675060139
3,8.46,1.6172014290122094,0.7966967821121216,0.7966967821121216,1,17.39453985957192,31.98740542912028,1.6172014290122094,0.5407287339227574,1.0,0.5,0.2923875636897082
3,8.48,1.6176454797726105,0.7012608647346497,0.7766967821121216,1,17.254047481648296,31.648850011214726,1.6176454797726105,0.54016599303567,1.0,0.5,0.29177930003221153
3,8.5,1.618122629405002,0.6561222076416016,0.7566967821121215,1,17.011832061135177,31.314141495824487,1.618122629405002,0.543521795569838,1.0,0.5,0.29541594225946083
3,8.52,1.6185792859489374,0.7144601345062256,0.7366967821121215,1,16.78099598652447,30.98408662919898,1.6185792859489374,0.5466072694937114,1.0,0.5,0.29877950706337086
3,8.540000000000001,1.618996182065536,0.8073086738586426,0.8073086738586426,1,16.55828721529633,30.658912448251385,1.618996182065536,0.5495410322395013,1.0,0.5,0.3019953461148567
3,8.56,1.61990516501686,0.056282997131347656,0.7873086738586426,1,16.33076584129572,30.330275008876338,1.61990516501686,0.5526789252258356,1.0,0.5,0.3054539943887848
3,8.58,1.620965208928033,0.049647122621536255,0.7673086738586425,1,16.03464846604143,30.003735722536614,1.620965208928033,0.5586800073200434,1.0,0.5,0.31212335057912377
3,8.6,1.622070961791133,0.06719306111335754,0.7473086738586425,1,15.804527381660296,29.680916990696584,1.622070961791133,0.5622315254440085,1.0,0.5,0.3161042882030967
3,8.620000000000001,1.6230157307172561,0.11479535698890686,0.7273086738586425,1,15.592185255513456,29.364851380668682,1.6230157307172561,0.5652678077110127,1.0,0.5,0.3195276944344144
3,8.64,1.6228131733490767,0.2806780934333801,0.7073086738586425,1,15.536444332603892,29.06983944245823,1.6228131733490767,0.562255313011435,1.0,0.5,0.31613103700958683
3,8.66,1.6220926289438047,0.5708680152893066,0.6873086738586425,1,15.348970808791675,28.785886701499027,1.6220926289438047,0.5649112879975391,1.0,0.5,0.31912476330703854
3,8.68,1.621316361952042,0.6539971828460693,0.6673086738586425,1,15.011350903226166,28.50618914419318,1.621316361952042,0.5740972370377055,1.0,0.5,0.32958763757432746
3,8.700000000000001,1.6202920778190217,0.817010760307312,0.7473086738586424,1,14.833424766427225,28.233326527436475,1.6202920778190217,0.5767534728694648,1.0,0.5,0.3326445684669884
3,8.72,1.6196460595831945,0.0581212043762207,0.7273086738586424,1,14.660739214011997,27.95825839166476,1.6196460595831945,0.5792041778953306,1.0,0.5,0.3354774796914058
3,8.74,1.619444012987654,0.07861271500587463,0.7073086738586424,1,14.523414999636904,27.68026933281341,1.619444012987654,0.5801013268454182,1.0,0.5,0.33651754940781464
3,8.76,1.6192973395921084,0.11510962247848511,0.6873086738586424,1,14.34446709244493,27.404912241545656,1.6192973395921084,0.582927752998854,1.0,0.5,0.33980476521629294
3,8.78,1.6191786788939397,0.26608574390411377,0.6673086738586423,1,14.495190083768556,27.132540004039445,1.6191786788939397,0.5709850707584591,1.0,0.5,0.32602395102904247
3,8.8,1.6190843136091777,0.648876428604126,0.648876428604126,1,14.005765729163457,26.86321760995812,1.6190843136091777,0.5880859857946267,1.0,0.5,0.34584512668803785
3,8.82,inf,0.9294686317443848,0.7288764286041259,0,-1.0,26.597248194589888,inf,0.0,0.0,0.0,0.0
3,8.84,1.6192504379478754,0.49297571182250977,0.7088764286041259,1,13.634372681779963,26.32969848160529,1.6192504379478754,0.5951948083454515,1.0,0.5,0.3542568598813787
3,8.86,1.6199208793873996,0.45367443561553955,0.6888764286041259,1,13.438819593967825,26.06031797415178,1.6199208793873996,0.5993023655043981,1.0,0.5,0.35916332529916717
3,8.88,1.6205986182580998,0.7481597661972046,0.7481597661972046,1,13.24422655743546,25.794369522182777,1.6205986182580998,0.6035356326316708,1.0,0.5,0.36425525985611107
3,8.9,1.621652082042163,0.45641380548477173,0.7281597661972046,1,13.061058844486272,25.5271627324351,1.621652082042163,0.6072979520082947,1.0,0.5,0.36881080251346904
3,8.92,1.622969493249917,0.6599815487861633,0.7081597661972046,1,13.21899599753636,25.260314682882203,1.622969493249917,0.5943302892288967,1.0,0.5,0.3532284926949041
3,8.94,1.6243108830638193,0.7927127480506897,0.7881597661972045,1,12.711881452158835,24.99686435630213,1.6243108830638193,0.6143454636312322,1.0,0.5,0.37742034868427365
3,8.96,1.6260219094520472,0.4447576105594635,0.7681597661972045,1,12.543567785891554,24.732595908689568,1.6260219094520472,0.6177103194734951,1.0,0.5,0.3815660387840474
3,8.98,1.628198468770496,0.63044273853302,0.7481597661972045,1,12.378735389911792,24.46659510779048,1.628198468770496,0.6209539804442307,1.0,0.5,0.385583845829534
3,9.0,1.630422052926993,0.7954601049423218,0.7954601049423218,1,12.217155959655484,24.203986821947048,1.630422052926993,0.6241844973874152,1.0,0.5,0.3896062867787802
3,9.02,1.6329817630512244,0.6538137793540955,0.7754601049423218,1,12.166251770646774,23.941399639749058,1.6329817630512244,0.6216619728772211,1.0,0.5,0.38646360852159883
3,9.040000000000001,1.6358369218902726,0.8442021608352661,0.8442021608352661,1,12.24469528848887,23.67948020712951,1.6358369218902726,0.6121575542705014,1.0,0.5,0.3747368712504419
3,9.06,1.6390678004646642,0.8199892044067383,0.8242021608352661,1,11.750321584659613,23.417438481322726,1.6390678004646642,0.6334820614981194,1.0,0.5,0.40129952223990706
3,9.08,1.64274914207712,0.8256059885025024,0.8256059885025024,1,11.757644942362717,23.15465215787005,1.64274914207712,0.6277733727091392,1.0,0.5,0.39409940748260786
3,9.1,1.6466183448742335,0.9496333599090576,0.9056059885025024,1,11.67769449485423,22.89417779284245,1.6466183448742335,0.6268230609888507,1.0,0.5,0.3929071497874324
3,9.120000000000001,1.6509632429889123,0.9846136569976807,0.9846136569976807,1,11.536032137124755,22.632994556507484,1.6509632429889123,0.6293294303370256,1.0,0.5,0.39605553188832515
3,9.14,1.6561665486631172,0.9999166131019592,0.9999166131019592,1,11.528589258724152,22.36736786045485,1.6561665486631172,0.624088732893738,1.0,0.5,0.38948674652491144
3,9.16,1.6621132477535305,0.9999847412109375,0.9999847412109375,1,11.026848184278233,22.098977112844768,1.6621132477535305,0.6475316538232653,1.0,0.5,0.41929724270309304
3,9.18,inf,0.9999797940254211,0.9999797940254211,0,-1.0,21.83098962543963,inf,0.0,0.0,0.0,0.0
3,9.200000000000001,1.675306166827614,0.5792585611343384,0.9799797940254211,1,10.91346204261729,21.564659343676336,1.675306166827614,0.6430073254192944,1.0,0.5,0.41345842054287435
3,9.22,1.6824210764561958,0.999840259552002,0.999840259552002,1,10.624074382948645,21.30035670993936,1.6824210764561958,0.6549723123838578,1.0,0.5,0.4289887299894578
3,9.24,1.6898642863116164,0.9999521970748901,0.9999521970748901,1,10.863994816497604,21.038273830788736,1.6898642863116164,0.6343749409465456,1.0,0.5,0.4024315657009332
3,9.26,1.6975532851415145,0.9996761083602905,0.9996761083602905,1,10.504583369077196,20.779269591575158,1.6975532851415145,0.6511509397104037,1.0,0.5,0.4239975462857418
3,9.28,1.8360848491690744,0.9996679425239563,0.9996679425239563,1,10.24425217800961,19.428681417559737,1.8360848491690744,0.6365397484189135,1.0,0.5,0.40518285131721365
3,9.3,2.004594145505363,0.9986108541488647,0.9986108541488647,1,10.128658222572502,18.0826351078428,2.004594145505363,0.6079797242454645,1.0,0.5,0.3696393450935911
3,9.32,2.207403697694003,0.9975199103355408,0.9975199103355408,1,10.177439399043374,16.77172859016035,2.207403697694003,0.5601801927907982,1.0,0.5,0.31380184839513586
3,9.34,2.471256044076665,0.9961792826652527,0.9961792826652527,1,9.928220046608411,15.428295573065267,2.471256044076665,0.5274184537560224,1.0,0.5,0.2781702253623935
3,9.36,2.814892696048112,0.9820564985275269,0.9820564985275269,1,9.843559958148404,14.088703456264417,2.814892696048112,0.46707910743748987,1.0,0.46707910743748987,0.2181628926046022
3,9.38,3.2794931416503696,0.9772025346755981,0.9772025346755981,1,9.904516949554925,12.752135788888287,3.2794931416503696,0.3673334571119183,1.0,0.3673334571119183,0.1349338687137935
3,9.4,3.9400793244251937,0.7703667879104614,0.9572025346755981,1,9.799505310247223,11.418393622280934,3.9400793244251937,0.25222639920584977,1.0,0.25222639920584977,0.06361815645634869
3,9.42,4.949367832455029,0.7534537315368652,0.9372025346755981,1,9.652092007694964,10.087794212424068,4.949367832455029,0.08563675859081465,1.0,0.08563675859081465,0.007333654421941467
3,9.44,inf,0.7034131288528442,0.9172025346755981,0,9.609059569482836,8.76113285857139,inf,0.0,0.0,0.0,0.0
3,9.46,inf,0.6271446943283081,0.8972025346755981,0,9.694864031830186,7.441164453948385,inf,0.0,0.0,0.0,0.0
3,9.48,inf,0.6135060787200928,0.8772025346755981,0,9.554037679201459,6.137025904521753,inf,0.0,0.0,0.0,0.0
3,9.5,inf,0.5970275402069092,0.857202534675598,0,9.683456510636574,5.012412545088292,inf,0.0,0.0,0.0,0.0
4,0.02,inf,0.3933233320713043,0.0,0,-1.0,5.979999974370003,inf,0.0,0.0,0.0,0.0
4,0.04,inf,0.35723793506622314,0.0,0,-1.0,6.469999998807907,inf,0.0,0.0,0.0,0.0
4,0.06,inf,0.26253968477249146,0.0,0,-1.0,6.9599999487400055,inf,0.0,0.0,0.0,0.0
4,0.08,inf,0.21024397015571594,0.0,0,-1.0,7.450000196695328,inf,0.0,0.0,0.0,0.0
4,0.1,inf,0.2385377287864685,0.0,0,-1.0,7.940000295639038,inf,0.0,0.0,0.0,0.0
4,0.12,inf,0.2693180739879608,0.0,0,-1.0,8.430000245571136,inf,0.0,0.0,0.0,0.0
4,0.14,inf,0.30232518911361694,0.0,0,-1.0,8.920000493526459,inf,0.0,0.0,0.0,0.0
4,0.16,inf,0.33750903606414795,0.0,0,-1.0,9.410000443458557,inf,0.0,0.0,0.0,0.0
4,0.18,inf,0.37458887696266174,0.0,0,-1.0,9.90000069141388,inf,0.0,0.0,0.0,0.0
4,0.2,inf,0.4144982695579529,0.0,0,-1.0,10.390000939369202,inf,0.0,0.0,0.0,0.0
4,0.22,inf,0.4579430818557739,0.0,0,-1.0,10.328222998001724,inf,0.0,0.0,0.0,0.0
4,0.24,inf,0.45228925347328186,0.0,0,-1.0,9.033847000311361,inf,0.0,0.0,0.0,0.0
4,0.26,inf,0.34596705436706543,0.0,0,-1.0,7.855902534385143,inf,0.0,0.0,0.0,0.0
4,0.28,inf,0.2638791799545288,0.0,0,-1.0,6.9613218864345345,inf,0.0,0.0,0.0,0.0
4,0.3,inf,0.21031701564788818,0.0,0,-1.0,6.287893865141914,inf,0.0,0.0,0.0,0.0
4,0.32,inf,0.2918916642665863,0.0,0,-1.0,5.786461199020137,inf,0.0,0.0,0.0,0.0
4,0.34,inf,0.4014267921447754,0.0,0,-1.0,5.417955926550981,inf,0.0,0.0,0.0,0.0
4,0.36,inf,0.37837135791778564,0.0,0,-1.0,5.151796251783959,inf,0.0,0.0,0.0,0.0
4,0.38,inf,0.3252840042114258,0.0,0,-1.0,5.036144852063473,inf,0.0,0.0,0.0,0.0
4,0.4,inf,0.3033909201622009,0.0,0,-1.0,5.164675049150245,inf,0.0,0.0,0.0,0.0
4,0.42,inf,0.3277645707130432,0.0,0,-1.0,5.248496441929809,inf,0.0,0.0,0.0,0.0
4,0.44,inf,0.34414100646972656,0.0,0,-1.0,5.299123867491578,inf,0.0,0.0,0.0,0.0
4,0.46,inf,0.3542177081108093,0.0,0,-1.0,5.325346066681684,inf,0.0,0.0,0.0,0.0
4,0.48,inf,0.35948896408081055,0.0,0,-1.0,5.3341259896680215,inf,0.0,0.0,0.0,0.0
4,0.5,inf,0.36126166582107544,0.0,0,-1.0,5.3304733645088405,inf,0.0,0.0,0.0,0.0
4,0.52,inf,0.36052367091178894,0.0,0,-1.0,5.318430540430383,inf,0.0,0.0,0.0,0.0
4,0.54,inf,0.3580954670906067,0.0,0,-1.0,5.300948509003775,inf,0.0,0.0,0.0,0.0
4,0.56,inf,0.35458338260650635,0.0,0,-1.0,5.280161216931162,inf,0.0,0.0,0.0,0.0
4,0.58,inf,0.3504277467727661,0.0,0,-1.0,5.2577040462589535,inf,0.0,0.0,0.0,0.0
4,0.6,inf,0.3459634780883789,0.0,0,-1.0,5.234901359301247,inf,0.0,0.0,0.0,0.0
4,0.62,inf,0.341458261013031,0.0,0,-1.0,5.212200954118305,inf,0.0,0.0,0.0,0.0
4,0.64,inf,0.3370015025138855,0.0,0,-1.0,5.1906239616352545,inf,0.0,0.0,0.0,0.0
4,0.66,inf,0.33279192447662354,0.0,0,-1.0,5.1701725438217725,inf,0.0,0.0,0.0,0.0
4,0.68,inf,0.32882630825042725,0.0,0,-1.0,5.151114371334461,inf,0.0,0.0,0.0,0.0
4,0.7000000000000001,inf,0.32515284419059753,0.0,0,-1.0,5.13384145307304,inf,0.0,0.0,0.0,0.0
4,0.72,inf,0.321841835975647,0.0,0,-1.0,6.033790847449853,inf,0.0,0.0,0.0,0.0
4,0.74,inf,0.3453409671783447,0.0,0,-1.0,6.954361326615784,inf,0.0,0.0,0.0,0.0
4,0.76,inf,0.20993325114250183,0.0,0,-1.0,7.710602493934951,inf,0.0,0.0,0.0,0.0
4,0.78,inf,0.25461262464523315,0.0,0,-1.0,8.581209213081095,inf,0.0,0.0,0.0,0.0
4,0.8,inf,0.3129615783691406,0.0,0,-1.0,9.143451401289054,inf,0.0,0.0,0.0,0.0
4,0.8200000000000001,inf,0.35420316457748413,0.0,0,-1.0,9.88240983285015,inf,0.0,0.0,0.0,0.0
4,0.84,inf,0.4131379723548889,0.0,0,-1.0,10.475805948301476,inf,0.0,0.0,0.0,0.0
4,0.86,inf,0.4658134877681732,0.0,0,-1.0,11.017154006748708,inf,0.0,0.0,0.0,0.0
4,0.88,inf,0.515701413154602,0.0,0,-1.0,11.51756657608162,inf,0.0,0.0,0.0,0.0
4,0.9,inf,0.5615622401237488,0.0,0,-1.0,11.985517249025776,inf,0.0,0.0,0.0,0.0
4,0.92,inf,0.6035318374633789,0.0,0,-1.0,12.427625165488088,inf,0.0,0.0,0.0,0.0
4,0.9400000000000001,inf,0.6418410539627075,0.0,0,-1.0,12.849204084583112,inf,0.0,0.0,0.0,0.0
4,0.96,inf,0.6767657995223999,0.0,0,-1.0,13.254359900363138,inf,0.0,0.0,0.0,0.0
4,0.98,inf,0.7085686922073364,0.0,0,-1.0,13.646210433760618,inf,0.0,0.0,0.0,0.0
4,1.0,inf,0.7324317097663879,0.0,0,-1.0,14.027251161783296,inf,0.0,0.0,0.0,0.0
4,1.02,inf,0.7491206526756287,0.0,0,-1.0,14.399518163150566,inf,0.0,0.0,0.0,0.0
4,1.04,inf,0.7583154439926147,0.0,0,-1.0,14.764699453319647,inf,0.0,0.0,0.0,0.0
4,1.06,inf,0.7650656700134277,0.0,0,-1.0,15.12412359239789,inf,0.0,0.0,0.0,0.0
4,1.08,inf,0.7715807557106018,0.0,0,-1.0,15.47887429080285,inf,0.0,0.0,0.0,0.0
4,1.1,inf,0.7778855562210083,0.0,0,-1.0,15.829796744574363,inf,0.0,0.0,0.0,0.0
4,1.12,inf,0.7815028429031372,0.0,0,-1.0,16.177590138281065,inf,0.0,0.0,0.0,0.0
4,1.1400000000000001,inf,0.7714341878890991,0.0,0,-1.0,16.5228080088977,inf,0.0,0.0,0.0,0.0
4,1.16,inf,0.756131112575531,0.0,0,-1.0,16.865877628520742,inf,0.0,0.0,0.0,0.0
4,1.18,inf,0.7323400974273682,0.0,0,-1.0,17.20716895077551,inf,0.0,0.0,0.0,0.0
4,1.2,inf,0.7173982858657837,0.0,0,-1.0,17.546959737750633,inf,0.0,0.0,0.0,0.0
4,1.22,inf,0.7020308375358582,0.0,0,-1.0,17.884836694871325,inf,0.0,0.0,0.0,0.0
4,1.24,inf,0.6862837076187134,0.0,0,-1.0,18.223452474760762,inf,0.0,0.0,0.0,0.0
4,1.26,inf,0.6702627539634705,0.0,0,-1.0,18.564803224707447,inf,0.0,0.0,0.0,0.0
4,1.28,inf,0.6567248106002808,0.0,0,-1.0,18.795394342751024,inf,0.0,0.0,0.0,0.0
4,1.3,inf,0.6474316120147705,0.0,0,-1.0,18.771623385358463,inf,0.0,0.0,0.0,0.0
4,1.32,inf,0.6483948826789856,0.0,0,-1.0,18.94619450695838,inf,0.0,0.0,0.0,0.0
4,1.34,inf,0.6412925720214844,0.0,0,-1.0,19.056299227701352,inf,0.0,0.0,0.0,0.0
4,1.36,inf,0.6367807984352112,0.0,0,-1.0,19.2578810648134,inf,0.0,0.0,0.0,0.0
4,1.3800000000000001,inf,0.6277276873588562,0.0,0,-1.0,19.443107986257306,inf,0.0,0.0,0.0,0.0
4,1.4000000000000001,inf,0.6312541365623474,0.0,0,-1.0,19.68712015502258,inf,0.0,0.0,0.0,0.0
4,1.42,inf,0.6289483308792114,0.0,0,-1.0,19.92598202712245,inf,0.0,0.0,0.0,0.0
4,1.44,inf,0.626685619354248,0.0,0,-1.0,20.205054734127145,inf,0.0,0.0,0.0,0.0
4,1.46,inf,0.6240344643592834,0.0,0,-1.0,20.485518418455683,inf,0.0,0.0,0.0,0.0
4,1.48,inf,0.6275269985198975,0.0,0,-1.0,20.789840537140044,inf,0.0,0.0,0.0,0.0
4,1.5,inf,0.5992863178253174,0.0,0,-1.0,21.102217772413063,inf,0.0,0.0,0.0,0.0
4,1.52,inf,0.5869436860084534,0.0,0,-1.0,21.426960078495753,inf,0.0,0.0,0.0,0.0
4,1.54,inf,0.5859549045562744,0.0,0,-1.0,21.765317848293527,inf,0.0,0.0,0.0,0.0
4,1.56,inf,0.5846080780029297,0.0,0,-1.0,22.115495681544015,inf,0.0,0.0,0.0,0.0
4,1.58,inf,0.5645496249198914,0.0,0,-1.0,22.479108286159796,inf,0.0,0.0,0.0,0.0
4,1.6,inf,0.5398536324501038,0.0,0,-1.0,22.857907417742595,inf,0.0,0.0,0.0,0.0
4,1.62,inf,0.5134881734848022,0.0,0,-1.0,23.234822490868957,inf,0.0,0.0,0.0,0.0
4,1.6400000000000001,inf,0.4798111319541931,0.0,0,-1.0,23.585417822581014,inf,0.0,0.0,0.0,0.0
4,1.6600000000000001,inf,0.46883198618888855,0.0,0,-1.0,23.941357025397483,inf,0.0,0.0,0.0,0.0
4,1.68,inf,0.4577162265777588,0.0,0,-1.0,24.311158407670305,inf,0.0,0.0,0.0,0.0
4,1.7,inf,0.44809454679489136,0.0,0,-1.0,24.681120168453916,inf,0.0,0.0,0.0,0.0
4,1.72,inf,0.44070884585380554,0.0,0,-1.0,25.049399966548886,inf,0.0,0.0,0.0,0.0
4,1.74,inf,0.4332762658596039,0.0,0,-1.0,25.41847161180392,inf,0.0,0.0,0.0,0.0
4,1.76,inf,0.42585766315460205,0.0,0,-1.0,25.789693236068413,inf,0.0,0.0,0.0,0.0
4,1.78,inf,0.41842949390411377,0.0,0,-1.0,26.16251429006028,inf,0.0,0.0,0.0,0.0
4,1.8,inf,0.41100624203681946,0.0,0,-1.0,26.53697283245023,inf,0.0,0.0,0.0,0.0
4,1.82,inf,0.40658408403396606,0.0,0,-1.0,26.913893494196735,inf,0.0,0.0,0.0,0.0
4,1.84,inf,0.40271931886672974,0.0,0,-1.0,27.294432254533692,inf,0.0,0.0,0.0,0.0
4,1.86,inf,0.39016109704971313,0.0,0,-1.0,27.68002017537306,inf,0.0,0.0,0.0,0.0
4,1.8800000000000001,inf,0.3696399927139282,0.0,0,-1.0,28.072982255396347,inf,0.0,0.0,0.0,0.0
4,1.9000000000000001,inf,0.3674759864807129,0.0,0,-1.0,28.473046035579834,inf,0.0,0.0,0.0,0.0
4,1.92,inf,0.36586785316467285,0.0,0,-1.0,28.872652403373536,inf,0.0,0.0,0.0,0.0
4,1.94,inf,0.3627394437789917,0.0,0,-1.0,29.26518253039578,inf,0.0,0.0,0.0,0.0
4,1.96,inf,0.3591982126235962,0.0,0,-1.0,29.64961623463967,inf,0.0,0.0,0.0,0.0
4,1.98,inf,0.3558630347251892,0.0,0,-1.0,30.026451180656974,inf,0.0,0.0,0.0,0.0
4,2.0,inf,0.35359206795692444,0.0,0,-1.0,30.39639993526368,inf,0.0,0.0,0.0,0.0
4,2.02,inf,0.3513689935207367,0.0,0,-1.0,30.760201133945188,inf,0.0,0.0,0.0,0.0
4,2.04,inf,0.34918907284736633,0.0,0,-1.0,31.118595315933028,inf,0.0,0.0,0.0,0.0
4,2.06,inf,0.34790825843811035,0.0,0,-1.0,31.472244476970985,inf,0.0,0.0,0.0,0.0
4,2.08,inf,0.35843509435653687,0.0,0,-1.0,31.821744126207705,inf,0.0,0.0,0.0,0.0
4,2.1,inf,0.37879347801208496,0.0,0,-1.0,32.16762141995882,inf,0.0,0.0,0.0,0.0
4,2.12,inf,0.4005403518676758,0.0,0,-1.0,32.51033966247778,inf,0.0,0.0,0.0,0.0
4,2.14,inf,0.42711612582206726,0.0,0,-1.0,32.85028949473447,inf,0.0,0.0,0.0,0.0
4,2.16,inf,0.4538887143135071,0.0,0,-1.0,33.18756075657704,inf,0.0,0.0,0.0,0.0
4,2.18,inf,0.47463831305503845,0.0,0,-1.0,33.52256329853229,inf,0.0,0.0,0.0,0.0
4,2.2,inf,0.4899015426635742,0.0,0,-1.0,33.85413982723479,inf,0.0,0.0,0.0,0.0
4,2.22,inf,0.5199056267738342,0.0,0,-1.0,34.18576936158661,inf,0.0,0.0,0.0,0.0
4,2.24,inf,0.5492760539054871,0.0,0,-1.0,34.51636131324101,inf,0.0,0.0,0.0,0.0
4,2.2600000000000002,inf,0.5782169103622437,0.0,0,-1.0,34.84599287901668,inf,0.0,0.0,0.0,0.0
4,2.2800000000000002,inf,0.6065489053726196,0.0,0,-1.0,35.17473535331531,inf,0.0,0.0,0.0,0.0
4,2.3000000000000003,inf,0.6449594497680664,0.0,0,-1.0,35.50263944775563,inf,0.0,0.0,0.0,0.0
4,2.32,inf,0.697765588760376,0.0,0,-1.0,35.829770969974035,inf,0.0,0.0,0.0,0.0
4,2.34,inf,0.7442163228988647,0.0,0,-1.0,36.15618860106079,inf,0.0,0.0,0.0,0.0
4,2.36,inf,0.7840274572372437,0.0,0,-1.0,36.481945000462446,inf,0.0,0.0,0.0,0.0
4,2.38,inf,0.8233582973480225,0.0,0,-1.0,36.80707391648147,inf,0.0,0.0,0.0,0.0
4,2.4,inf,0.8572099804878235,0.0,0,-1.0,37.13161899442568,inf,0.0,0.0,0.0,0.0
4,2.42,inf,0.8841927647590637,0.0,0,-1.0,37.455705572196564,inf,0.0,0.0,0.0,0.0
4,2.44,inf,0.906603217124939,0.0,0,-1.0,37.779185096094366,inf,0.0,0.0,0.0,0.0
4,2.46,inf,0.9250133037567139,0.0,0,-1.0,38.10215565896694,inf,0.0,0.0,0.0,0.0
4,2.48,inf,0.940010130405426,0.0,0,-1.0,38.42463464872807,inf,0.0,0.0,0.0,0.0
4,2.5,inf,0.9521454572677612,0.0,0,-1.0,38.74666827976986,inf,0.0,0.0,0.0,0.0
4,2.52,inf,0.9574536085128784,0.0,0,-1.0,39.06826088203961,inf,0.0,0.0,0.0,0.0
4,2.54,inf,0.9595543146133423,0.0,0,-1.0,39.3894464596689,inf,0.0,0.0,0.0,0.0
4,2.56,inf,0.9597426056861877,0.0,0,-1.0,39.71024903447645,inf,0.0,0.0,0.0,0.0
4,2.58,inf,0.9596444368362427,0.0,0,-1.0,40.03067900954564,inf,0.0,0.0,0.0,0.0
4,2.6,inf,0.9593197107315063,0.0,0,-1.0,40.350745572336635,inf,0.0,0.0,0.0,0.0
4,2.62,inf,0.9589928388595581,0.0,0,-1.0,40.67048050808368,inf,0.0,0.0,0.0,0.0
4,2.64,inf,0.958663821220398,0.0,0,-1.0,40.98987109076716,inf,0.0,0.0,0.0,0.0
4,2.66,inf,0.9583325982093811,0.0,0,-1.0,41.30894696902096,inf,0.0,0.0,0.0,0.0
4,2.68,inf,0.9573088884353638,0.0,0,-1.0,41.6277026100116,inf,0.0,0.0,0.0,0.0
4,2.7,inf,0.9528336524963379,0.0,0,-1.0,41.945999539596805,inf,0.0,0.0,0.0,0.0
4,2.72,inf,0.9413976669311523,0.0,0,-1.0,42.26406669594993,inf,0.0,0.0,0.0,0.0
4,2.74,inf,0.927359938621521,0.0,0,-1.0,42.58163708787774,inf,0.0,0.0,0.0,0.0
4,2.7600000000000002,inf,0.9089847207069397,0.0,0,-1.0,42.898835525368916,inf,0.0,0.0,0.0,0.0
4,2.7800000000000002,inf,0.886559247970581,0.0,0,-1.0,43.21666356793489,inf,0.0,0.0,0.0,0.0
4,2.8000000000000003,inf,0.8594037294387817,0.0,0,-1.0,43.534343009846765,inf,0.0,0.0,0.0,0.0
4,2.82,inf,0.8335762619972229,0.0,0,-1.0,43.85183121971511,inf,0.0,0.0,0.0,0.0
4,2.84,inf,0.8226209878921509,0.0,0,-1.0,44.16907914505549,inf,0.0,0.0,0.0,0.0
4,2.86,inf,0.827215850353241,0.0,0,-1.0,44.486059993893484,inf,0.0,0.0,0.0,0.0
4,2.88,inf,0.8349570631980896,0.0,0,-1.0,44.80274961323617,inf,0.0,0.0,0.0,0.0
4,2.9,inf,0.8424108028411865,0.0,0,-1.0,45.119099213806976,inf,0.0,0.0,0.0,0.0
4,2.92,inf,0.8498960733413696,0.0,0,-1.0,45.43552662405355,inf,0.0,0.0,0.0,0.0
4,2.94,inf,0.857740044593811,0.0,0,-1.0,45.751658224887734,inf,0.0,0.0,0.0,0.0
4,2.96,inf,0.8652322292327881,0.0,0,-1.0,46.06699935166545,inf,0.0,0.0,0.0,0.0
4,2.98,inf,0.8700436353683472,0.0,0,-1.0,46.38256438851901,inf,0.0,0.0,0.0,0.0
4,3.0,inf,0.8733888864517212,0.0,0,-1.0,46.698034238331175,inf,0.0,0.0,0.0,0.0
4,3.02,inf,0.8766593933105469,0.0,0,-1.0,47.01332738024384,inf,0.0,0.0,0.0,0.0
4,3.04,inf,0.8797663450241089,0.0,0,-1.0,47.32841522778739,inf,0.0,0.0,0.0,0.0
4,3.06,inf,0.8826230764389038,0.0,0,-1.0,47.643266870215356,inf,0.0,0.0,0.0,0.0
4,3.08,inf,0.8854186534881592,0.0,0,-1.0,47.957861311799476,inf,0.0,0.0,0.0,0.0
4,3.1,inf,0.8881539106369019,0.0,0,-1.0,48.27201936041055,inf,0.0,0.0,0.0,0.0
4,3.12,inf,0.8908282518386841,0.0,0,-1.0,48.586019304149104,inf,0.0,0.0,0.0,0.0
4,3.14,inf,0.8934450149536133,0.0,0,-1.0,48.89965207242262,inf,0.0,0.0,0.0,0.0
4,3.16,inf,0.8960033655166626,0.0,0,-1.0,49.213093200412146,inf,0.0,0.0,0.0,0.0
4,3.18,inf,0.8985058069229126,0.0,0,-1.0,49.52633097086795,inf,0.0,0.0,0.0,0.0
4,3.2,inf,0.9007431268692017,0.0,0,-1.0,49.83934024847024,inf,0.0,0.0,0.0,0.0
4,3.22,inf,0.9028807878494263,0.0,0,-1.0,50.152111090259915,inf,0.0,0.0,0.0,0.0
4,3.24,inf,0.9050213694572449,0.0,0,-1.0,50.464629069522886,inf,0.0,0.0,0.0,0.0
4,3.2600000000000002,inf,0.9085406064987183,0.0,0,-1.0,50.7768894388132,inf,0.0,0.0,0.0,0.0
4,3.2800000000000002,inf,0.911939263343811,0.0,0,-1.0,51.08888715965527,inf,0.0,0.0,0.0,0.0
4,3.3000000000000003,inf,0.9152207970619202,0.0,0,-1.0,51.40062259517795,inf,0.0,0.0,0.0,0.0
4,3.3200000000000003,inf,0.9183884263038635,0.0,0,-1.0,51.71209098573563,inf,0.0,0.0,0.0,0.0
4,3.34,inf,0.9214452505111694,0.0,0,-1.0,52.02329234345578,inf,0.0,0.0,0.0,0.0
4,3.36,inf,0.9243944883346558,0.0,0,-1.0,52.334226685345044,inf,0.0,0.0,0.0,0.0
4,3.38,inf,0.9272392988204956,0.0,0,-1.0,52.64488453330191,inf,0.0,0.0,0.0,0.0
4,3.4,inf,0.9299829006195068,0.0,0,-1.0,52.95528469457242,inf,0.0,0.0,0.0,0.0
4,3.42,inf,0.9326282739639282,0.0,0,-1.0,53.26538497178422,inf,0.0,0.0,0.0,0.0
4,3.44,inf,0.935178279876709,0.0,0,-1.0,53.575190391977074,inf,0.0,0.0,0.0,0.0
4,3.46,inf,0.9376359581947327,0.0,0,-1.0,53.88471962648572,inf,0.0,0.0,0.0,0.0
4,3.48,inf,0.9400008916854858,0.0,0,-1.0,54.19397239966031,inf,0.0,0.0,0.0,0.0
4,3.5,inf,0.9405779838562012,0.0,0,-1.0,54.502276249773644,inf,0.0,0.0,0.0,0.0
4,3.52,inf,0.9389922618865967,0.0,0,-1.0,54.807089548908635,inf,0.0,0.0,0.0,0.0
4,3.54,inf,0.9373854994773865,0.0,0,-1.0,55.10610440151873,inf,0.0,0.0,0.0,0.0
4,3.56,inf,0.935771107673645,0.0,0,-1.0,55.397227715153726,inf,0.0,0.0,0.0,0.0
4,3.58,inf,0.9255599975585938,0.0,0,-1.0,55.6786383495729,inf,0.0,0.0,0.0,0.0
4,3.6,inf,0.9127869606018066,0.0,0,-1.0,55.94856591018318,inf,0.0,0.0,0.0,0.0
4,3.62,inf,0.8970211744308472,0.0,0,-1.0,56.20545223178282,inf,0.0,0.0,0.0,0.0
4,3.64,inf,0.8706144094467163,0.0,0,-1.0,56.44790933573646,inf,0.0,0.0,0.0,0.0
4,3.66,inf,0.8405659794807434,0.0,0,-1.0,56.67467271604685,inf,0.0,0.0,0.0,0.0
4,3.68,inf,0.8075671195983887,0.0,0,-1.0,56.88463653469425,inf,0.0,0.0,0.0,0.0
4,3.7,inf,0.7672079205513,0.0,0,-1.0,57.07678969415844,inf,0.0,0.0,0.0,0.0
4,3.72,inf,0.7253316640853882,0.0,0,-1.0,57.250250545726146,inf,0.0,0.0,0.0,0.0
4,3.74,inf,0.6837526559829712,0.0,0,-1.0,57.40422286524365,inf,0.0,0.0,0.0,0.0
4,3.7600000000000002,inf,0.6441771984100342,0.013755831488503869,0,-1.0,57.538039034064745,inf,0.0,0.0,0.0,0.0
4,3.7800000000000002,inf,0.00029474496841430664,0.02921303615018397,0,-1.0,57.64844763879103,inf,0.0,0.0,0.0,0.0
4,3.8000000000000003,inf,0.00045794248580932617,0.03918527328523615,0,-1.0,57.719677904041404,inf,0.0,0.0,0.0,0.0
4,3.8200000000000003,inf,0.0005345344543457031,0.04152503500233967,0,-1.0,57.736390487735,inf,0.0,0.0,0.0,0.0
4,3.84,inf,0.000556647777557373,0.0352496940738868,0,-1.0,57.69156662396034,inf,0.0,0.0,0.0,0.0
4,3.86,inf,0.0005023479461669922,0.021763844817693945,0,-1.0,57.595239129273246,inf,0.0,0.0,0.0,0.0
4,3.88,inf,0.00039818882942199707,0.002326497701837429,0,-1.0,57.456400935588555,inf,0.0,0.0,0.0,0.0
4,3.9,inf,0.0001499652862548828,0.0,0,-1.0,57.28257697478113,inf,0.0,0.0,0.0,0.0
4,3.92,inf,0.6756378412246704,0.0,0,-1.0,57.08031426994617,inf,0.0,0.0,0.0,0.0
4,3.94,inf,0.7245211601257324,0.0,0,-1.0,56.86245888881942,inf,0.0,0.0,0.0,0.0
4,3.96,inf,0.7717441320419312,0.0,0,-1.0,56.64126089818544,inf,0.0,0.0,0.0,0.0
4,3.98,inf,0.8127379417419434,0.0,0,-1.0,56.42345315596471,inf,0.0,0.0,0.0,0.0
4,4.0,inf,0.8438361883163452,0.0,0,-1.0,56.211448663054924,inf,0.0,0.0,0.0,0.0
4,4.0200000000000005,inf,0.869933545589447,0.0,0,-1.0,56.007197629000686,inf,0.0,0.0,0.0,0.0
4,4.04,inf,0.8914739489555359,0.0,0,-1.0,55.812416662520235,inf,0.0,0.0,0.0,0.0
4,4.0600000000000005,inf,0.9056633710861206,0.0,0,-1.0,55.62860792336542,inf,0.0,0.0,0.0,0.0
4,4.08,inf,0.9151941537857056,0.0,0,-1.0,55.45711124809222,inf,0.0,0.0,0.0,0.0
4,4.1,inf,0.92299485206604,0.0,0,-1.0,55.29911393910935,inf,0.0,0.0,0.0,0.0
4,4.12,inf,0.929593563079834,0.0,0,-1.0,55.15565563043171,inf,0.0,0.0,0.0,0.0
4,4.14,inf,0.9346458911895752,0.0,0,-1.0,55.02768510273032,inf,0.0,0.0,0.0,0.0
4,4.16,inf,0.9361982345581055,0.0,0,-1.0,54.91602737697324,inf,0.0,0.0,0.0,0.0
4,4.18,inf,0.9368017911911011,0.0,0,-1.0,54.82143585713837,inf,0.0,0.0,0.0,0.0
4,4.2,inf,0.9373089075088501,0.0,0,-1.0,54.74457809808606,inf,0.0,0.0,0.0,0.0
4,4.22,inf,0.9377181529998779,0.0,0,-1.0,54.68605491468296,inf,0.0,0.0,0.0,0.0
4,4.24,inf,0.9380281567573547,0.0,0,-1.0,54.64641943863462,inf,0.0,0.0,0.0,0.0
4,4.26,inf,0.9382373094558716,0.0,0,-1.0,54.62617242757233,inf,0.0,0.0,0.0,0.0
4,4.28,inf,0.9383438229560852,0.0,0,-1.0,54.625208838581486,inf,0.0,0.0,0.0,0.0
4,4.3,inf,0.9383489489555359,0.0,0,-1.0,54.64165480350265,inf,0.0,0.0,0.0,0.0
4,4.32,inf,0.9382623434066772,0.0,0,-1.0,54.673102230183794,inf,0.0,0.0,0.0,0.0
4,4.34,inf,0.9380965828895569,0.0,0,-1.0,54.71723841803328,inf,0.0,0.0,0.0,0.0
4,4.36,inf,0.9378632307052612,0.0,0,-1.0,54.77176977810657,inf,0.0,0.0,0.0,0.0
4,4.38,inf,0.9375737309455872,0.0,0,-1.0,54.834517167655086,inf,0.0,0.0,0.0,0.0
4,4.4,inf,0.9372390508651733,0.0,0,-1.0,54.90341581753803,inf,0.0,0.0,0.0,0.0
4,4.42,inf,0.9368696212768555,0.0,0,-1.0,54.97651066561243,inf,0.0,0.0,0.0,0.0
4,4.44,inf,0.9364755153656006,0.0,0,-1.0,55.05202314765881,inf,0.0,0.0,0.0,0.0
4,4.46,inf,0.9360659122467041,0.0,0,-1.0,55.12830807094992,inf,0.0,0.0,0.0,0.0
4,4.48,inf,0.9355403780937195,0.0,0,-1.0,55.20389688288173,inf,0.0,0.0,0.0,0.0
4,4.5,inf,0.9330397844314575,0.0,0,-1.0,55.27750202054481,inf,0.0,0.0,0.0,0.0
4,4.5200000000000005,inf,0.9304545521736145,0.0,0,-1.0,55.34802204720726,inf,0.0,0.0,0.0,0.0
4,4.54,inf,0.9276087284088135,0.0,0,-1.0,55.41451751352338,inf,0.0,0.0,0.0,0.0
4,4.5600000000000005,inf,0.9248275756835938,0.0,0,-1.0,55.476249335791046,inf,0.0,0.0,0.0,0.0
4,4.58,inf,0.9221580028533936,0.0,0,-1.0,55.53264532702101,inf,0.0,0.0,0.0,0.0
4,4.6000000000000005,inf,0.9196435213088989,0.0,0,-1.0,55.58329063998036,inf,0.0,0.0,0.0,0.0
4,4.62,inf,0.91732257604599,0.0,0,-1.0,55.62793730125996,inf,0.0,0.0,0.0,0.0
4,4.64,inf,0.9152261018753052,0.0,0,-1.0,55.66648515675155,inf,0.0,0.0,0.0,0.0
4,4.66,inf,0.9133774042129517,0.0,0,-1.0,55.69895805110765,inf,0.0,0.0,0.0,0.0
4,4.68,inf,0.9117916822433472,0.0,0,-1.0,55.7254990688087,inf,0.0,0.0,0.0,0.0
4,4.7,inf,0.9104761481285095,0.0,0,-1.0,55.74635135726602,inf,0.0,0.0,0.0,0.0
4,4.72,inf,0.9094303250312805,0.0,0,-1.0,55.76184875223912,inf,0.0,0.0,0.0,0.0
4,4.74,inf,0.9086459875106812,0.0,0,-1.0,55.77238696914526,inf,0.0,0.0,0.0,0.0
4,4.76,inf,0.908077597618103,0.0,0,-1.0,55.77841903855686,inf,0.0,0.0,0.0,0.0
4,4.78,inf,0.907717227935791,0.0,0,-1.0,55.78042655151993,inf,0.0,0.0,0.0,0.0
4,4.8,inf,0.9075970649719238,0.0,0,-1.0,55.77891978979264,inf,0.0,0.0,0.0,0.0
4,4.82,inf,0.9076873064041138,0.0,0,-1.0,55.77442318745212,inf,0.0,0.0,0.0,0.0
4,4.84,inf,0.9079560041427612,0.0,0,-1.0,55.767461348390874,inf,0.0,0.0,0.0,0.0
4,4.86,inf,0.9083602428436279,0.0,0,-1.0,55.758539672559095,inf,0.0,0.0,0.0,0.0
4,4.88,inf,0.9088138937950134,0.0,0,-1.0,55.74813505152765,inf,0.0,0.0,0.0,0.0
4,4.9,inf,0.9093405604362488,0.0,0,-1.0,55.736700422287306,inf,0.0,0.0,0.0,0.0
4,4.92,inf,0.9099156260490417,0.0,0,-1.0,55.72464592568203,inf,0.0,0.0,0.0,0.0
4,4.94,inf,0.910519003868103,0.0,0,-1.0,55.71235775423883,inf,0.0,0.0,0.0,0.0
4,4.96,inf,0.9111297130584717,0.0,0,-1.0,55.70016972487621,inf,0.0,0.0,0.0,0.0
4,4.98,inf,0.9117319583892822,0.0,0,-1.0,55.688382251595144,inf,0.0,0.0,0.0,0.0
4,5.0,inf,0.9123109579086304,0.0,0,-1.0,55.67723849160542,inf,0.0,0.0,0.0,0.0
4,5.0200000000000005,0.9634693488635621,0.9128551483154297,0.08,1,19.71022276348187,55.66695303706935,0.9634693488635621,0.709668296952464,1.0,0.5,0.5036290916994106
4,5.04,inf,0.004899740219116211,0.06,0,-1.0,55.65083586297487,inf,0.0,0.0,0.0,0.0
4,5.0600000000000005,0.9244230603016635,0.0007126331329345703,0.039999999999999994,1,18.874025945577813,55.611447680268256,0.9244230603016635,0.7258717823440795,1.0,0.5,0.5268898444033706
4,5.08,0.905708170357583,0.0010577738285064697,0.019999999999999993,1,18.46139681000063,55.53868106117382,0.905708170357583,0.7336417071568118,1.0,0.5,0.5382301544799611
4,5.1000000000000005,0.8877370728754517,0.0015875399112701416,0.0015875399112701416,1,18.04445875239478,55.42301811541481,0.8877370728754517,0.7412995247024501,1.0,0.5,0.5495249853240785
4,5.12,0.8703804390557823,0.0018571317195892334,0.0018571317195892334,1,17.894577622969145,55.270476438336715,0.8703804390557823,0.7434960132358001,1.0,0.5,0.552786321697529
4,5.14,0.8535326295277783,0.0018489956855773926,0.0018489956855773926,1,17.243830873803816,55.086077099512025,0.8535326295277783,0.7555442234080835,1.0,0.5,0.5708470735253239
4,5.16,0.8371053797091054,0.0018468797206878662,0.0018468797206878662,1,16.818955541401767,54.87419744753346,0.8371053797091054,0.7630246470866014,1.0,0.5,0.5822066120616327
4,5.18,0.8210154270663422,0.001988738775253296,0.001988738775253296,1,16.450955620645797,54.6391338378104,0.8210154270663422,0.7693159663490434,1.0,0.5,0.5918470560795626
4,5.2,0.8051922380324584,0.0020523369312286377,0.0020523369312286377,1,16.048015088485233,54.384614977167686,0.8051922380324584,0.7762862969855464,1.0,0.5,0.6026204148875319
4,5.22,0.7895802845076377,0.002082616090774536,0.002082616090774536,1,15.624714086809892,54.113611724638595,0.7895802845076377,0.7836706828571549,1.0,0.5,0.6141397391697995
4,5.24,0.7741321698617224,0.002009481191635132,0.002009481191635132,1,15.234970751331561,53.82872298115664,0.7741321698617224,0.7903903660294104,1.0,0.5,0.6247169307121053
4,5.26,inf,0.0019499659538269043,0.0019499659538269043,0,-1.0,53.53221841951597,inf,0.0,0.0,0.0,0.0
4,5.28,inf,0.0004031658172607422,0.0004031658172607422,0,-1.0,53.22603877081186,inf,0.0,0.0,0.0,0.0
4,5.3,inf,0.6440896987915039,0.08040316581726074,0,-1.0,52.91192925730499,inf,0.0,0.0,0.0,0.0
4,5.32,inf,0.004406154155731201,0.06040316581726074,0,-1.0,52.587901463800506,inf,0.0,0.0,0.0,0.0
4,5.34,0.6982837087014763,0.0008231401443481445,0.040403165817260736,1,13.173711294762521,52.25468493106851,0.6982837087014763,0.827028551630686,1.0,0.5,0.6839762252123502
4,5.36,0.6832357158307537,0.0018784105777740479,0.020403165817260736,1,12.781544695000829,51.91885052750636,0.6832357158307537,0.834148863249775,1.0,0.5,0.6958043260608918
4,5.38,0.6681412674362648,0.001808464527130127,0.001808464527130127,1,12.633326041162075,51.58146162191257,0.6681412674362648,0.8361295293153435,1.0,0.5,0.6991125897930978
4,5.4,0.6529864261095488,0.0021185576915740967,0.0021185576915740967,1,12.234891402968241,51.24337652566423,0.6529864261095488,0.8435475100103684,1.0,0.5,0.7115724016446926
4,5.42,0.6377746506595066,0.0021368861198425293,0.0021368861198425293,1,11.66837117136984,50.904256689301704,0.6377746506595066,0.8547330541369174,1.0,0.5,0.7305685938342225
4,5.44,0.622507090691303,0.0021434426307678223,0.0021434426307678223,1,11.308405793167033,50.56392566473708,0.622507090691303,0.8615482379726283,1.0,0.5,0.7422653663537405
4,5.46,0.607175614647946,0.0021958351135253906,0.0021958351135253906,1,10.952426432803817,50.22287459893545,0.607175614647946,0.8683757614792594,1.0,0.5,0.7540764631246837
4,5.48,0.591772972628246,0.0022489428520202637,0.0022489428520202637,1,10.693179409810874,49.881523124809455,0.591772972628246,0.8731509313091066,1.0,0.5,0.7623925488459602
4,5.5,0.5762933514705461,0.0023080110549926758,0.0023080110549926758,1,10.253224933417878,49.54025271840517,0.5762933514705461,0.882056687764434,1.0,0.5,0.7780240004299642
4,5.5200000000000005,0.5607312158935556,0.0023548901081085205,0.0023548901081085205,1,9.924091815350078,49.19938286181028,0.5607312158935556,0.8885936522972437,1.0,0.5,0.7895986789029549
4,5.54,0.545101744512943,0.002408266067504883,0.002408266067504883,1,9.574030689036721,48.85919011137083,0.545101744512943,0.8957110088576197,1.0,0.5,0.8022982113887348
4,5.5600000000000005,0.5293931403653047,0.002459228038787842,0.002459228038787842,1,9.229773192621058,48.51990337693104,0.5293931403653047,0.9028083046052172,1.0,0.5,0.8150628348641467
4,5.58,0.5135873076158515,0.002511143684387207,0.002511143684387207,1,8.875145596584415,48.18266404200023,0.5135873076158515,0.9102615440118428,1.0,0.5,0.828576078506824
4,5.6000000000000005,0.49769141956921653,0.0025656819343566895,0.0025656819343566895,1,8.527625054743252,47.84672740383573,0.49769141956921653,0.9176687399834543,1.0,0.5,0.8421159163428207
4,5.62,0.48170043718573563,0.00259438157081604,0.00259438157081604,1,8.190083154364354,47.51225600268669,0.48170043718573563,0.9249608594245682,1.0,0.5,0.8555525914674358
4,5.64,0.46561116795902835,0.0025516748428344727,0.0025516748428344727,1,7.918193811285163,47.179323780940756,0.46561116795902835,0.9308145899531043,1.0,0.5,0.8664158008695657
4,5.66,0.44942140375579326,0.0024869441986083984,0.0024869441986083984,1,7.466291709107646,46.848030173549915,0.44942140375579326,0.9410655244971012,1.0,0.5,0.8856043213970043
4,5.68,0.4331325687784578,0.0024124085903167725,0.0024124085903167725,1,7.1242824483458245,46.51847529145212,0.4331325687784578,0.9488352490443411,1.0,0.5,0.9002883298290368
4,5.7,0.4167395607844932,0.0023431479930877686,0.0023431479930877686,1,6.789685253849239,46.190754700633036,0.4167395607844932,0.9565512876164481,1.0,0.5,0.9149903658406849
4,5.72,0.40024274267755416,0.002275228500366211,0.002275228500366211,1,6.526250119300092,45.86492593522426,0.40024274267755416,0.9626513425787341,1.0,0.5,0.9266976073686393
4,5.74,0.38364253391260955,0.002211838960647583,0.002211838960647583,1,6.1425220044675735,45.54107026250007,0.38364253391260955,0.9718181587937902,1.0,0.5,0.9444305337613524
4,5.76,0.3669299054558788,0.002120375633239746,0.002120375633239746,1,5.806867316352201,45.22029809161273,0.3669299054558788,0.979938803175592,1.0,0.5,0.9602800579692117
4,5.78,0.35012225107007267,0.0020307600498199463,0.0020307600498199463,1,5.480224732472323,44.90102864829406,0.35012225107007267,0.9879646026997138,1.0,0.5,0.9760740561876032
4,5.8,0.33322051547503473,0.0019445419311523438,0.0019445419311523438,1,5.19669578542025,44.58365489323286,0.33322051547503473,0.9950308836829044,1.0,0.5,0.9900864594827816
4,5.82,0.3162289798221089,0.0018645524978637695,0.0018645524978637695,1,4.862938206788849,44.26829167661718,0.3162289798221089,1.0,1.0,0.5,1.0
4,5.84,0.2991538807009596,0.0017830729484558105,0.0017830729484558105,1,4.562391471110098,43.95501831865132,0.2991538807009596,1.0,1.0,0.5,1.0
4,5.86,0.2820037057002724,0.0017066895961761475,0.0017066895961761475,1,4.242504498890993,43.64389731050321,0.2820037057002724,1.0,1.0,0.5,1.0
4,5.88,0.2647901465378245,0.001631230115890503,0.001631230115890503,1,3.938845026231899,43.33496077471198,0.2647901465378245,1.0,1.0,0.5,1.0
4,5.9,0.24752855709472363,0.0015594065189361572,0.0015594065189361572,1,3.6442646778953205,43.02823547097821,0.24752855709472363,1.0,1.0,0.5,1.0
4,5.92,0.23023995131717823,0.0014905929565429688,0.0014905929565429688,1,3.3523390045249326,42.72372138138565,0.23023995131717823,1.0,1.0,0.5,1.0
4,5.94,0.21295292756760986,0.0014308691024780273,0.0014308691024780273,1,3.0564050259430875,42.421431162106174,0.21295292756760986,1.0,1.0,0.5,1.0
4,5.96,inf,0.0013981461524963379,0.0013981461524963379,0,-1.0,42.121365167593495,inf,0.0,0.0,0.0,0.0
4,5.98,inf,0.0015799105167388916,0.0015799105167388916,0,-1.0,41.82351383408154,inf,0.0,0.0,0.0,0.0
5,0.02,inf,0.3933233320713043,0.0,0,-1.0,5.979999974370003,inf,0.0,0.0,0.0,0.0
5,0.04,inf,0.35723793506622314,0.0,0,-1.0,6.469999998807907,inf,0.0,0.0,0.0,0.0
5,0.06,inf,0.26253968477249146,0.0,0,-1.0,6.9599999487400055,inf,0.0,0.0,0.0,0.0
5,0.08,inf,0.21024397015571594,0.0,0,-1.0,7.450000196695328,inf,0.0,0.0,0.0,0.0
5,0.1,inf,0.2385377287864685,0.0,0,-1.0,7.940000295639038,inf,0.0,0.0,0.0,0.0
5,0.12,inf,0.2693180739879608,0.0,0,-1.0,8.430000245571136,inf,0.0,0.0,0.0,0.0
5,0.14,inf,0.30232518911361694,0.0,0,-1.0,8.920000493526459,inf,0.0,0.0,0.0,0.0
5,0.16,inf,0.33750903606414795,0.0,0,-1.0,9.410000443458557,inf,0.0,0.0,0.0,0.0
5,0.18,inf,0.37458887696266174,0.0,0,-1.0,9.90000069141388,inf,0.0,0.0,0.0,0.0
5,0.2,inf,0.4144982695579529,0.0,0,-1.0,10.390000939369202,inf,0.0,0.0,0.0,0.0
5,0.22,inf,0.4579430818557739,0.0,0,-1.0,10.328222998001724,inf,0.0,0.0,0.0,0.0
5,0.24,inf,0.45228925347328186,0.0,0,-1.0,9.033847000311361,inf,0.0,0.0,0.0,0.0
5,0.26,inf,0.34596705436706543,0.0,0,-1.0,7.855902534385143,inf,0.0,0.0,0.0,0.0
5,0.28,inf,0.2638791799545288,0.0,0,-1.0,6.9613218864345345,inf,0.0,0.0,0.0,0.0
5,0.3,inf,0.21031701564788818,0.0,0,-1.0,6.287893865141914,inf,0.0,0.0,0.0,0.0
5,0.32,inf,0.2918916642665863,0.0,0,-1.0,5.786461199020137,inf,0.0,0.0,0.0,0.0
5,0.34,inf,0.4014267921447754,0.0,0,-1.0,5.417955926550981,inf,0.0,0.0,0.0,0.0
5,0.36,inf,0.37837135791778564,0.0,0,-1.0,5.151796251783959,inf,0.0,0.0,0.0,0.0
5,0.38,inf,0.3252840042114258,0.0,0,-1.0,5.036144852063473,inf,0.0,0.0,0.0,0.0
5,0.4,inf,0.3033909201622009,0.0,0,-1.0,5.164675049150245,inf,0.0,0.0,0.0,0.0
5,0.42,inf,0.3277645707130432,0.0,0,-1.0,5.248496441929809,inf,0.0,0.0,0.0,0.0
5,0.44,inf,0.34414100646972656,0.0,0,-1.0,5.299123867491578,inf,0.0,0.0,0.0,0.0
5,0.46,inf,0.3542177081108093,0.0,0,-1.0,5.325346066681684,inf,0.0,0.0,0.0,0.0
5,0.48,inf,0.35948896408081055,0.0,0,-1.0,5.3341259896680215,inf,0.0,0.0,0.0,0.0
5,0.5,inf,0.36126166582107544,0.0,0,-1.0,5.3304733645088405,inf,0.0,0.0,0.0,0.0
5,0.52,inf,0.36052367091178894,0.0,0,-1.0,5.318430540430383,inf,0.0,0.0,0.0,0.0
5,0.54,inf,0.3580954670906067,0.0,0,-1.0,5.300948509003775,inf,0.0,0.0,0.0,0.0
5,0.56,inf,0.35458338260650635,0.0,0,-1.0,5.280161216931162,inf,0.0,0.0,0.0,0.0
5,0.58,inf,0.3504277467727661,0.0,0,-1.0,5.2577040462589535,inf,0.0,0.0,0.0,0.0
5,0.6,inf,0.3459634780883789,0.0,0,-1.0,5.234901359301247,inf,0.0,0.0,0.0,0.0
5,0.62,inf,0.341458261013031,0.0,0,-1.0,5.212200954118305,inf,0.0,0.0,0.0,0.0
5,0.64,inf,0.3370015025138855,0.0,0,-1.0,5.1906239616352545,inf,0.0,0.0,0.0,0.0
5,0.66,inf,0.33279192447662354,0.0,0,-1.0,5.1701725438217725,inf,0.0,0.0,0.0,0.0
5,0.68,inf,0.32882630825042725,0.0,0,-1.0,5.151114371334461,inf,0.0,0.0,0.0,0.0
5,0.7000000000000001,inf,0.32515284419059753,0.0,0,-1.0,5.13384145307304,inf,0.0,0.0,0.0,0.0
5,0.72,inf,0.321841835975647,0.0,0,-1.0,6.033790847449853,inf,0.0,0.0,0.0,0.0
5,0.74,inf,0.3453409671783447,0.0,0,-1.0,6.954361326615784,inf,0.0,0.0,0.0,0.0
5,0.76,inf,0.20993325114250183,0.0,0,-1.0,7.710602493934951,inf,0.0,0.0,0.0,0.0
5,0.78,inf,0.25461262464523315,0.0,0,-1.0,8.581209213081095,inf,0.0,0.0,0.0,0.0
5,0.8,inf,0.3129615783691406,0.0,0,-1.0,9.143451401289054,inf,0.0,0.0,0.0,0.0
5,0.8200000000000001,inf,0.35420316457748413,0.0,0,-1.0,9.88240983285015,inf,0.0,0.0,0.0,0.0
5,0.84,inf,0.4131379723548889,0.0,0,-1.0,10.475805948301476,inf,0.0,0.0,0.0,0.0
5,0.86,inf,0.4658134877681732,0.0,0,-1.0,11.017154006748708,inf,0.0,0.0,0.0,0.0
5,0.88,inf,0.515701413154602,0.0,0,-1.0,11.51756657608162,inf,0.0,0.0,0.0,0.0
5,0.9,inf,0.5615622401237488,0.0,0,-1.0,11.985517249025776,inf,0.0,0.0,0.0,0.0
5,0.92,inf,0.6035318374633789,0.0,0,-1.0,12.427625165488088,inf,0.0,0.0,0.0,0.0
5,0.9400000000000001,inf,0.6418410539627075,0.0,0,-1.0,12.849204084583112,inf,0.0,0.0,0.0,0.0
5,0.96,inf,0.6767657995223999,0.0,0,-1.0,13.254359900363138,inf,0.0,0.0,0.0,0.0
5,0.98,inf,0.7085686922073364,0.0,0,-1.0,13.646210433760618,inf,0.0,0.0,0.0,0.0
5,1.0,inf,0.7324317097663879,0.0,0,-1.0,14.027251161783296,inf,0.0,0.0,0.0,0.0
5,1.02,inf,0.7491206526756287,0.0,0,-1.0,14.399518163150566,inf,0.0,0.0,0.0,0.0
5,1.04,inf,0.7583154439926147,0.0,0,-1.0,14.764699453319647,inf,0.0,0.0,0.0,0.0
5,1.06,inf,0.7650656700134277,0.0,0,-1.0,15.12412359239789,inf,0.0,0.0,0.0,0.0
5,1.08,inf,0.7715807557106018,0.0,0,-1.0,15.47887429080285,inf,0.0,0.0,0.0,0.0
5,1.1,inf,0.7778855562210083,0.0,0,-1.0,15.829796744574363,inf,0.0,0.0,0.0,0.0
5,1.12,inf,0.7815028429031372,0.0,0,-1.0,16.177590138281065,inf,0.0,0.0,0.0,0.0
5,1.1400000000000001,inf,0.7714341878890991,0.0,0,-1.0,16.5228080088977,inf,0.0,0.0,0.0,0.0
5,1.16,inf,0.756131112575531,0.0,0,-1.0,16.865877628520742,inf,0.0,0.0,0.0,0.0
5,1.18,inf,0.7323400974273682,0.0,0,-1.0,17.20716895077551,inf,0.0,0.0,0.0,0.0
5,1.2,inf,0.7173982858657837,0.0,0,-1.0,17.546959737750633,inf,0.0,0.0,0.0,0.0
5,1.22,inf,0.7020308375358582,0.0,0,-1.0,17.884836694871325,inf,0.0,0.0,0.0,0.0
5,1.24,inf,0.6862837076187134,0.0,0,-1.0,18.223452474760762,inf,0.0,0.0,0.0,0.0
5,1.26,inf,0.6702627539634705,0.0,0,-1.0,18.564803224707447,inf,0.0,0.0,0.0,0.0
5,1.28,inf,0.6567248106002808,0.0,0,-1.0,18.795394342751024,inf,0.0,0.0,0.0,0.0
5,1.3,inf,0.6474316120147705,0.0,0,-1.0,18.771623385358463,inf,0.0,0.0,0.0,0.0
5,1.32,inf,0.6483948826789856,0.0,0,-1.0,18.94619450695838,inf,0.0,0.0,0.0,0.0
5,1.34,inf,0.6412925720214844,0.0,0,-1.0,19.056299227701352,inf,0.0,0.0,0.0,0.0
5,1.36,inf,0.6367807984352112,0.0,0,-1.0,19.2578810648134,inf,0.0,0.0,0.0,0.0
5,1.3800000000000001,inf,0.6277276873588562,0.0,0,-1.0,19.443107986257306,inf,0.0,0.0,0.0,0.0
5,1.4000000000000001,inf,0.6312541365623474,0.0,0,-1.0,19.68712015502258,inf,0.0,0.0,0.0,0.0
5,1.42,inf,0.6289483308792114,0.0,0,-1.0,19.92598202712245,inf,0.0,0.0,0.0,0.0
5,1.44,inf,0.626685619354248,0.0,0,-1.0,20.205054734127145,inf,0.0,0.0,0.0,0.0
5,1.46,inf,0.6240344643592834,0.0,0,-1.0,20.485518418455683,inf,0.0,0.0,0.0,0.0
5,1.48,inf,0.6275269985198975,0.0,0,-1.0,20.789840537140044,inf,0.0,0.0,0.0,0.0
5,1.5,inf,0.5992863178253174,0.0,0,-1.0,21.102217772413063,inf,0.0,0.0,0.0,0.0
5,1.52,inf,0.5869436860084534,0.0,0,-1.0,21.426960078495753,inf,0.0,0.0,0.0,0.0
5,1.54,inf,0.5859549045562744,0.0,0,-1.0,21.765317848293527,inf,0.0,0.0,0.0,0.0
5,1.56,inf,0.5846080780029297,0.0,0,-1.0,22.115495681544015,inf,0.0,0.0,0.0,0.0
5,1.58,inf,0.5645496249198914,0.0,0,-1.0,22.479108286159796,inf,0.0,0.0,0.0,0.0
5,1.6,inf,0.5398536324501038,0.0,0,-1.0,22.857907417742595,inf,0.0,0.0,0.0,0.0
5,1.62,inf,0.5134881734848022,0.0,0,-1.0,23.234822490868957,inf,0.0,0.0,0.0,0.0
5,1.6400000000000001,inf,0.4798111319541931,0.0,0,-1.0,23.585417822581014,inf,0.0,0.0,0.0,0.0
5,1.6600000000000001,inf,0.46883198618888855,0.0,0,-1.0,23.941357025397483,inf,0.0,0.0,0.0,0.0
5,1.68,inf,0.4577162265777588,0.0,0,-1.0,24.311158407670305,inf,0.0,0.0,0.0,0.0
5,1.7,inf,0.44809454679489136,0.0,0,-1.0,24.681120168453916,inf,0.0,0.0,0.0,0.0
5,1.72,inf,0.44070884585380554,0.0,0,-1.0,25.049399966548886,inf,0.0,0.0,0.0,0.0
5,1.74,inf,0.4332762658596039,0.0,0,-1.0,25.41847161180392,inf,0.0,0.0,0.0,0.0
5,1.76,inf,0.42585766315460205,0.0,0,-1.0,25.789693236068413,inf,0.0,0.0,0.0,0.0
5,1.78,inf,0.41842949390411377,0.0,0,-1.0,26.16251429006028,inf,0.0,0.0,0.0,0.0
5,1.8,inf,0.41100624203681946,0.0,0,-1.0,26.53697283245023,inf,0.0,0.0,0.0,0.0
5,1.82,inf,0.40658408403396606,0.0,0,-1.0,26.913893494196735,inf,0.0,0.0,0.0,0.0
5,1.84,inf,0.40271931886672974,0.0,0,-1.0,27.294432254533692,inf,0.0,0.0,0.0,0.0
5,1.86,inf,0.39016109704971313,0.0,0,-1.0,27.68002017537306,inf,0.0,0.0,0.0,0.0
5,1.8800000000000001,inf,0.3696399927139282,0.0,0,-1.0,28.072982255396347,inf,0.0,0.0,0.0,0.0
5,1.9000000000000001,inf,0.3674759864807129,0.0,0,-1.0,28.473046035579834,inf,0.0,0.0,0.0,0.0
5,1.92,inf,0.36586785316467285,0.0,0,-1.0,28.872652403373536,inf,0.0,0.0,0.0,0.0
5,1.94,inf,0.3627394437789917,0.0,0,-1.0,29.26518253039578,inf,0.0,0.0,0.0,0.0
5,1.96,inf,0.3591982126235962,0.0,0,-1.0,29.64961623463967,inf,0.0,0.0,0.0,0.0
5,1.98,inf,0.3558630347251892,0.0,0,-1.0,30.026451180656974,inf,0.0,0.0,0.0,0.0
5,2.0,inf,0.35359206795692444,0.0,0,-1.0,30.39639993526368,inf,0.0,0.0,0.0,0.0
5,2.02,inf,0.3513689935207367,0.0,0,-1.0,30.760201133945188,inf,0.0,0.0,0.0,0.0
5,2.04,inf,0.34918907284736633,0.0,0,-1.0,31.118595315933028,inf,0.0,0.0,0.0,0.0
5,2.06,inf,0.34790825843811035,0.0,0,-1.0,31.472244476970985,inf,0.0,0.0,0.0,0.0
5,2.08,inf,0.35843509435653687,0.0,0,-1.0,31.821744126207705,inf,0.0,0.0,0.0,0.0
5,2.1,inf,0.37879347801208496,0.0,0,-1.0,32.16762141995882,inf,0.0,0.0,0.0,0.0
5,2.12,inf,0.4005403518676758,0.0,0,-1.0,32.51033966247778,inf,0.0,0.0,0.0,0.0
5,2.14,inf,0.42711612582206726,0.0,0,-1.0,32.85028949473447,inf,0.0,0.0,0.0,0.0
5,2.16,inf,0.4538887143135071,0.0,0,-1.0,33.18756075657704,inf,0.0,0.0,0.0,0.0
5,2.18,inf,0.47463831305503845,0.0,0,-1.0,33.52256329853229,inf,0.0,0.0,0.0,0.0
5,2.2,inf,0.4899015426635742,0.0,0,-1.0,33.85413982723479,inf,0.0,0.0,0.0,0.0
5,2.22,inf,0.5199056267738342,0.0,0,-1.0,34.18576936158661,inf,0.0,0.0,0.0,0.0
5,2.24,inf,0.5492760539054871,0.0,0,-1.0,34.51636131324101,inf,0.0,0.0,0.0,0.0
5,2.2600000000000002,inf,0.5782169103622437,0.0,0,-1.0,34.84599287901668,inf,0.0,0.0,0.0,0.0
5,2.2800000000000002,inf,0.6065489053726196,0.0,0,-1.0,35.17473535331531,inf,0.0,0.0,0.0,0.0
5,2.3000000000000003,inf,0.6449594497680664,0.0,0,-1.0,35.50263944775563,inf,0.0,0.0,0.0,0.0
5,2.32,inf,0.697765588760376,0.0,0,-1.0,35.829770969974035,inf,0.0,0.0,0.0,0.0
5,2.34,inf,0.7442163228988647,0.0,0,-1.0,36.15618860106079,inf,0.0,0.0,0.0,0.0
5,2.36,inf,0.7840274572372437,0.0,0,-1.0,36.481945000462446,inf,0.0,0.0,0.0,0.0
5,2.38,inf,0.8233582973480225,0.0,0,-1.0,36.80707391648147,inf,0.0,0.0,0.0,0.0
5,2.4,inf,0.8572099804878235,0.0,0,-1.0,37.13161899442568,inf,0.0,0.0,0.0,0.0
5,2.42,inf,0.8841927647590637,0.0,0,-1.0,37.455705572196564,inf,0.0,0.0,0.0,0.0
5,2.44,inf,0.906603217124939,0.0,0,-1.0,37.779185096094366,inf,0.0,0.0,0.0,0.0
5,2.46,inf,0.9250133037567139,0.0,0,-1.0,38.10215565896694,inf,0.0,0.0,0.0,0.0
5,2.48,inf,0.940010130405426,0.0,0,-1.0,38.42463464872807,inf,0.0,0.0,0.0,0.0
5,2.5,inf,0.9521454572677612,0.0,0,-1.0,38.74666827976986,inf,0.0,0.0,0.0,0.0
5,2.52,inf,0.9574536085128784,0.0,0,-1.0,39.06826088203961,inf,0.0,0.0,0.0,0.0
5,2.54,inf,0.9595543146133423,0.0,0,-1.0,39.3894464596689,inf,0.0,0.0,0.0,0.0
5,2.56,inf,0.9597426056861877,0.0,0,-1.0,39.71024903447645,inf,0.0,0.0,0.0,0.0
5,2.58,inf,0.9596444368362427,0.0,0,-1.0,40.03067900954564,inf,0.0,0.0,0.0,0.0
5,2.6,inf,0.9593197107315063,0.0,0,-1.0,40.350745572336635,inf,0.0,0.0,0.0,0.0
5,2.62,inf,0.9589928388595581,0.0,0,-1.0,40.67048050808368,inf,0.0,0.0,0.0,0.0
5,2.64,inf,0.958663821220398,0.0,0,-1.0,40.98987109076716,inf,0.0,0.0,0.0,0.0
5,2.66,inf,0.9583325982093811,0.0,0,-1.0,41.30894696902096,inf,0.0,0.0,0.0,0.0
5,2.68,inf,0.9573088884353638,0.0,0,-1.0,41.6277026100116,inf,0.0,0.0,0.0,0.0
5,2.7,inf,0.9528336524963379,0.0,0,-1.0,41.945999539596805,inf,0.0,0.0,0.0,0.0
5,2.72,inf,0.9413976669311523,0.0,0,-1.0,42.26406669594993,inf,0.0,0.0,0.0,0.0
5,2.74,inf,0.927359938621521,0.0,0,-1.0,42.58163708787774,inf,0.0,0.0,0.0,0.0
5,2.7600000000000002,inf,0.9089847207069397,0.0,0,-1.0,42.898835525368916,inf,0.0,0.0,0.0,0.0
5,2.7800000000000002,inf,0.886559247970581,0.0,0,-1.0,43.21666356793489,inf,0.0,0.0,0.0,0.0
5,2.8000000000000003,inf,0.8594037294387817,0.0,0,-1.0,43.534343009846765,inf,0.0,0.0,0.0,0.0
5,2.82,inf,0.8335762619972229,0.0,0,-1.0,43.85183121971511,inf,0.0,0.0,0.0,0.0
5,2.84,inf,0.8226209878921509,0.0,0,-1.0,44.16907914505549,inf,0.0,0.0,0.0,0.0
5,2.86,inf,0.827215850353241,0.0,0,-1.0,44.486059993893484,inf,0.0,0.0,0.0,0.0
5,2.88,inf,0.8349570631980896,0.0,0,-1.0,44.80274961323617,inf,0.0,0.0,0.0,0.0
5,2.9,inf,0.8424108028411865,0.0,0,-1.0,45.119099213806976,inf,0.0,0.0,0.0,0.0
5,2.92,inf,0.8498960733413696,0.0,0,-1.0,45.43552662405355,inf,0.0,0.0,0.0,0.0
5,2.94,inf,0.857740044593811,0.0,0,-1.0,45.751658224887734,inf,0.0,0.0,0.0,0.0
5,2.96,inf,0.8652322292327881,0.0,0,-1.0,46.06699935166545,inf,0.0,0.0,0.0,0.0
5,2.98,inf,0.8700436353683472,0.0,0,-1.0,46.38256438851901,inf,0.0,0.0,0.0,0.0
5,3.0,inf,0.8733888864517212,0.0,0,-1.0,46.698034238331175,inf,0.0,0.0,0.0,0.0
5,3.02,inf,0.8766593933105469,0.0,0,-1.0,47.01332738024384,inf,0.0,0.0,0.0,0.0
5,3.04,inf,0.8797663450241089,0.0,0,-1.0,47.32841522778739,inf,0.0,0.0,0.0,0.0
5,3.06,inf,0.8826230764389038,0.0,0,-1.0,47.643266870215356,inf,0.0,0.0,0.0,0.0
5,3.08,inf,0.8854186534881592,0.0,0,-1.0,47.957861311799476,inf,0.0,0.0,0.0,0.0
5,3.1,inf,0.8881539106369019,0.0,0,-1.0,48.27201936041055,inf,0.0,0.0,0.0,0.0
5,3.12,inf,0.8908282518386841,0.0,0,-1.0,48.586019304149104,inf,0.0,0.0,0.0,0.0
5,3.14,inf,0.8934450149536133,0.0,0,-1.0,48.89965207242262,inf,0.0,0.0,0.0,0.0
5,3.16,inf,0.8960033655166626,0.0,0,-1.0,49.213093200412146,inf,0.0,0.0,0.0,0.0
5,3.18,inf,0.8985058069229126,0.0,0,-1.0,49.52633097086795,inf,0.0,0.0,0.0,0.0
5,3.2,inf,0.9007431268692017,0.0,0,-1.0,49.83934024847024,inf,0.0,0.0,0.0,0.0
5,3.22,inf,0.9028807878494263,0.0,0,-1.0,50.152111090259915,inf,0.0,0.0,0.0,0.0
5,3.24,inf,0.9050213694572449,0.0,0,-1.0,50.464629069522886,inf,0.0,0.0,0.0,0.0
5,3.2600000000000002,inf,0.9085406064987183,0.0,0,-1.0,50.7768894388132,inf,0.0,0.0,0.0,0.0
5,3.2800000000000002,inf,0.911939263343811,0.0,0,-1.0,51.08888715965527,inf,0.0,0.0,0.0,0.0
5,3.3000000000000003,inf,0.9152207970619202,0.0,0,-1.0,51.40062259517795,inf,0.0,0.0,0.0,0.0
5,3.3200000000000003,inf,0.9183884263038635,0.0,0,-1.0,51.71209098573563,inf,0.0,0.0,0.0,0.0
5,3.34,inf,0.9214452505111694,0.0,0,-1.0,52.02329234345578,inf,0.0,0.0,0.0,0.0
5,3.36,inf,0.9243944883346558,0.0,0,-1.0,52.334226685345044,inf,0.0,0.0,0.0,0.0
5,3.38,inf,0.9272392988204956,0.0,0,-1.0,52.64488453330191,inf,0.0,0.0,0.0,0.0
5,3.4,inf,0.9299829006195068,0.0,0,-1.0,52.95528469457242,inf,0.0,0.0,0.0,0.0
5,3.42,inf,0.9326282739639282,0.0,0,-1.0,53.26538497178422,inf,0.0,0.0,0.0,0.0
5,3.44,inf,0.935178279876709,0.0,0,-1.0,53.575190391977074,inf,0.0,0.0,0.0,0.0
5,3.46,inf,0.9376359581947327,0.0,0,-1.0,53.88471962648572,inf,0.0,0.0,0.0,0.0
5,3.48,inf,0.9400008916854858,0.0,0,-1.0,54.19397239966031,inf,0.0,0.0,0.0,0.0
5,3.5,inf,0.9405779838562012,0.0,0,-1.0,54.502958131953186,inf,0.0,0.0,0.0,0.0
5,3.52,inf,0.9389886856079102,0.0,0,-1.0,54.81168151710268,inf,0.0,0.0,0.0,0.0
5,3.54,inf,0.9373610019683838,0.0,0,-1.0,55.12013306414582,inf,0.0,0.0,0.0,0.0
5,3.56,inf,0.9356943964958191,0.0,0,-1.0,55.42832252075524,inf,0.0,0.0,0.0,0.0
5,3.58,inf,0.924237847328186,0.0,0,-1.0,55.73629319321342,inf,0.0,0.0,0.0,0.0
5,3.6,inf,0.909936249256134,0.0,0,-1.0,56.04398177644433,inf,0.0,0.0,0.0,0.0
5,3.62,inf,0.887840986251831,0.0,0,-1.0,56.35137508162843,inf,0.0,0.0,0.0,0.0
5,3.64,inf,0.8531570434570312,0.0,0,-1.0,56.658491830339614,inf,0.0,0.0,0.0,0.0
5,3.66,inf,0.8100845813751221,0.0,0,-1.0,56.96530729511789,inf,0.0,0.0,0.0,0.0
5,3.68,inf,0.7501853108406067,0.0,0,-1.0,57.27118296191219,inf,0.0,0.0,0.0,0.0
5,3.7,inf,0.6785103678703308,0.0,0,-1.0,57.57354844390707,inf,0.0,0.0,0.0,0.0
5,3.72,inf,0.5982816219329834,0.0,0,-1.0,57.8701107046513,inf,0.0,0.0,0.0,0.0
5,3.74,inf,0.508995532989502,0.0,0,-1.0,58.15875727806635,inf,0.0,0.0,0.0,0.0
5,3.7600000000000002,inf,0.4157319962978363,0.0,0,-1.0,58.437599957520575,inf,0.0,0.0,0.0,0.0
5,3.7800000000000002,inf,0.33096253871917725,0.0,0,-1.0,58.70492716452827,inf,0.0,0.0,0.0,0.0
5,3.8000000000000003,inf,0.2587752044200897,0.0,0,-1.0,58.95912624411892,inf,0.0,0.0,0.0,0.0
5,3.8200000000000003,inf,0.20015662908554077,0.0,0,-1.0,59.19879084294365,inf,0.0,0.0,0.0,0.0
5,3.84,inf,0.15456029772758484,0.0,0,-1.0,59.42259555345885,inf,0.0,0.0,0.0,0.0
5,3.86,inf,0.11999663710594177,0.0,0,-1.0,59.6294007999097,inf,0.0,0.0,0.0,0.0
5,3.88,inf,0.09420284628868103,0.0,0,-1.0,59.818171658062454,inf,0.0,0.0,0.0,0.0
5,3.9,inf,0.07511448860168457,0.0,0,-1.0,59.98794995665284,inf,0.0,0.0,0.0,0.0
5,3.92,inf,0.061143577098846436,0.0037489760471568624,0,-1.0,60.13792981395906,inf,0.0,0.0,0.0,0.0
5,3.94,inf,5.555152893066406e-05,0.021591184457602653,0,-1.0,60.265374159747964,inf,0.0,0.0,0.0,0.0
5,3.96,inf,0.0003008842468261719,0.0340620736473109,0,-1.0,60.35445193967445,inf,0.0,0.0,0.0,0.0
5,3.98,inf,0.00046005845069885254,0.03889585338260092,0,-1.0,60.38897893778366,inf,0.0,0.0,0.0,0.0
5,4.0,inf,0.0005096197128295898,0.0346646022999653,0,-1.0,60.358755715764836,inf,0.0,0.0,0.0,0.0
5,4.0200000000000005,inf,0.0004659593105316162,0.02265141193696193,0,-1.0,60.27294721317196,inf,0.0,0.0,0.0,0.0
5,4.04,inf,0.0003147125244140625,0.0042014438943680866,0,-1.0,60.14116172715343,inf,0.0,0.0,0.0,0.0
5,4.0600000000000005,inf,6.622076034545898e-05,0.0,0,-1.0,59.971391122476156,inf,0.0,0.0,0.0,0.0
5,4.08,inf,0.062305063009262085,0.0,0,-1.0,59.770716501238155,inf,0.0,0.0,0.0,0.0
5,4.1,inf,0.07954913377761841,0.0,0,-1.0,59.55228911048026,inf,0.0,0.0,0.0,0.0
5,4.12,inf,0.10318249464035034,0.0,0,-1.0,59.328544990473596,inf,0.0,0.0,0.0,0.0
5,4.14,inf,0.13362830877304077,0.0,0,-1.0,59.10684174280995,inf,0.0,0.0,0.0,0.0
5,4.16,inf,0.17096352577209473,0.0,0,-1.0,58.88985454987548,inf,0.0,0.0,0.0,0.0
5,4.18,inf,0.21508023142814636,0.0,0,-1.0,58.67967668318713,inf,0.0,0.0,0.0,0.0
5,4.2,inf,0.26513826847076416,0.0,0,-1.0,58.478172586872475,inf,0.0,0.0,0.0,0.0
5,4.22,inf,0.3193581998348236,0.0,0,-1.0,58.2869683367156,inf,0.0,0.0,0.0,0.0
5,4.24,inf,0.37578874826431274,0.0,0,-1.0,58.107508735259195,inf,0.0,0.0,0.0,0.0
5,4.26,inf,0.4320463538169861,0.0,0,-1.0,57.94108127270357,inf,0.0,0.0,0.0,0.0
5,4.28,inf,0.48586979508399963,0.0,0,-1.0,57.78884938468806,inf,0.0,0.0,0.0,0.0
5,4.3,inf,0.5354208946228027,0.0,0,-1.0,57.65182872889699,inf,0.0,0.0,0.0,0.0
5,4.32,inf,0.5764104723930359,0.0,0,-1.0,57.53093010296139,inf,0.0,0.0,0.0,0.0
5,4.34,inf,0.6100324392318726,0.0,0,-1.0,57.42699282958439,inf,0.0,0.0,0.0,0.0
5,4.36,inf,0.6381368637084961,0.0,0,-1.0,57.340751162956415,inf,0.0,0.0,0.0,0.0
5,4.38,inf,0.6607693433761597,0.0,0,-1.0,57.27288221212163,inf,0.0,0.0,0.0,0.0
5,4.4,inf,0.678083062171936,0.0,0,-1.0,57.22399630220906,inf,0.0,0.0,0.0,0.0
5,4.42,inf,0.6902610063552856,0.0,0,-1.0,57.19465131983648,inf,0.0,0.0,0.0,0.0
5,4.44,inf,0.6974480152130127,0.0,0,-1.0,57.185357586261574,inf,0.0,0.0,0.0,0.0
5,4.46,inf,0.6997035145759583,0.0,0,-1.0,57.19583371273771,inf,0.0,0.0,0.0,0.0
5,4.48,inf,0.6971603035926819,0.0,0,-1.0,57.22399109359089,inf,0.0,0.0,0.0,0.0
5,4.5,inf,0.690261960029602,0.0,0,-1.0,57.267254804721134,inf,0.0,0.0,0.0,0.0
5,4.5200000000000005,inf,0.679497241973877,0.0,0,-1.0,57.323116687452654,inf,0.0,0.0,0.0,0.0
5,4.54,inf,0.665311336517334,0.0,0,-1.0,57.38914963150623,inf,0.0,0.0,0.0,0.0
5,4.5600000000000005,inf,0.6481504440307617,0.0,0,-1.0,57.46301234355283,inf,0.0,0.0,0.0,0.0
5,4.58,inf,0.6284924149513245,0.0,0,-1.0,57.542516052835204,inf,0.0,0.0,0.0,0.0
5,4.6000000000000005,inf,0.6068498492240906,0.0,0,-1.0,57.62560560001411,inf,0.0,0.0,0.0,0.0
5,4.62,inf,0.5837746858596802,0.0,0,-1.0,57.71037844178394,inf,0.0,0.0,0.0,0.0
5,4.64,inf,0.5598491430282593,0.0,0,-1.0,57.79510836160178,inf,0.0,0.0,0.0,0.0
5,4.66,inf,0.5333894491195679,0.0,0,-1.0,57.87827426615784,inf,0.0,0.0,0.0,0.0
5,4.68,inf,0.5063349604606628,0.0,0,-1.0,57.95851710333709,inf,0.0,0.0,0.0,0.0
5,4.7,inf,0.4801923632621765,0.0,0,-1.0,58.0347115799438,inf,0.0,0.0,0.0,0.0
5,4.72,inf,0.45546725392341614,0.0,0,-1.0,58.105899253346635,inf,0.0,0.0,0.0,0.0
5,4.74,inf,0.43256261944770813,0.0,0,-1.0,58.171331429130895,inf,0.0,0.0,0.0,0.0
5,4.76,inf,0.41175606846809387,0.0,0,-1.0,58.230454999200205,inf,0.0,0.0,0.0,0.0
5,4.78,inf,0.39322221279144287,0.0,0,-1.0,58.282888492065446,inf,0.0,0.0,0.0,0.0
5,4.8,inf,0.37703558802604675,0.0,0,-1.0,58.328426834153774,inf,0.0,0.0,0.0,0.0
5,4.82,inf,0.3631990849971771,0.0,0,-1.0,58.367008078363234,inf,0.0,0.0,0.0,0.0
5,4.84,inf,0.3516477346420288,0.0,0,-1.0,58.39874668419765,inf,0.0,0.0,0.0,0.0
5,4.86,inf,0.34227168560028076,0.0,0,-1.0,58.42385717877758,inf,0.0,0.0,0.0,0.0
5,4.88,inf,0.3349403738975525,0.0,0,-1.0,58.44265428230759,inf,0.0,0.0,0.0,0.0
5,4.9,inf,0.32950395345687866,0.0,0,-1.0,58.45556717248946,inf,0.0,0.0,0.0,0.0
5,4.92,inf,0.3257969617843628,0.0,0,-1.0,58.46309656038553,inf,0.0,0.0,0.0,0.0
5,4.94,inf,0.32364577054977417,0.0,0,-1.0,58.46576693276643,inf,0.0,0.0,0.0,0.0
5,4.96,inf,0.3228829503059387,0.0,0,-1.0,58.46416480542817,inf,0.0,0.0,0.0,0.0
5,4.98,inf,0.32334017753601074,0.0,0,-1.0,58.45893821486044,inf,0.0,0.0,0.0,0.0
5,5.0,inf,0.32483017444610596,0.0,0,-1.0,58.45073552504522,inf,0.0,0.0,0.0,0.0
5,5.0200000000000005,inf,0.3271820545196533,0.0,0,-1.0,58.44007756680173,inf,0.0,0.0,0.0,0.0
5,5.04,inf,0.33024901151657104,0.0,0,-1.0,58.427526801280095,inf,0.0,0.0,0.0,0.0
5,5.0600000000000005,inf,0.33387690782546997,0.0,0,-1.0,58.413621924093846,inf,0.0,0.0,0.0,0.0
5,5.08,inf,0.3379206657409668,0.0,0,-1.0,58.5616272795065,inf,0.0,0.0,0.0,0.0
5,5.1000000000000005,inf,0.2961868345737457,0.0,0,-1.0,58.45400505482074,inf,0.0,0.0,0.0,0.0
5,5.12,inf,0.3262431025505066,0.0,0,-1.0,58.42008759715515,inf,0.0,0.0,0.0,0.0
5,5.14,inf,0.3360370397567749,0.0,0,-1.0,58.387015734884486,inf,0.0,0.0,0.0,0.0
5,5.16,inf,0.3457239866256714,0.0,0,-1.0,58.356887977039484,inf,0.0,0.0,0.0,0.0
5,5.18,inf,0.3546590805053711,0.0,0,-1.0,58.329664265152005,inf,0.0,0.0,0.0,0.0
5,5.2,inf,0.36282482743263245,0.0,0,-1.0,58.305382612666605,inf,0.0,0.0,0.0,0.0
5,5.22,inf,0.37017378211021423,0.0,0,-1.0,58.28415549066754,inf,0.0,0.0,0.0,0.0
5,5.24,inf,0.3766491711139679,0.0,0,-1.0,58.266029622286304,inf,0.0,0.0,0.0,0.0
5,5.26,inf,0.38221263885498047,0.0,0,-1.0,58.25104208649908,inf,0.0,0.0,0.0,0.0
5,5.28,inf,0.3868376612663269,0.0,0,-1.0,58.23918386021684,inf,0.0,0.0,0.0,0.0
5,5.3,inf,0.39051100611686707,0.0,0,-1.0,58.23038442992598,inf,0.0,0.0,0.0,0.0
5,5.32,inf,0.3932448625564575,0.0,0,-1.0,58.22453049887514,inf,0.0,0.0,0.0,0.0
5,5.34,inf,0.3950670659542084,0.0,0,-1.0,58.22148453791261,inf,0.0,0.0,0.0,0.0
5,5.36,inf,0.3960173726081848,0.0,0,-1.0,58.22104207876264,inf,0.0,0.0,0.0,0.0
5,5.38,inf,0.3961549997329712,0.0,0,-1.0,58.22297922756462,inf,0.0,0.0,0.0,0.0
5,5.4,inf,0.39555031061172485,0.0,0,-1.0,58.22704340448311,inf,0.0,0.0,0.0,0.0
5,5.42,inf,0.3942859172821045,0.0,0,-1.0,58.23300111405029,inf,0.0,0.0,0.0,0.0
5,5.44,inf,0.39242854714393616,0.0,0,-1.0,58.24057101149877,inf,0.0,0.0,0.0,0.0
5,5.46,inf,0.3900817334651947,0.0,0,-1.0,58.25010896931688,inf,0.0,0.0,0.0,0.0
5,5.48,inf,0.38712644577026367,0.0,0,-1.0,58.26096735884367,inf,0.0,0.0,0.0,0.0
5,5.5,inf,0.383772075176239,0.0,0,-1.0,58.27272299661627,inf,0.0,0.0,0.0,0.0
5,5.5200000000000005,inf,0.38015395402908325,0.0,0,-1.0,58.285061830068486,inf,0.0,0.0,0.0,0.0
5,5.54,inf,0.37637168169021606,0.0,0,-1.0,58.29771485486014,inf,0.0,0.0,0.0,0.0
5,5.5600000000000005,inf,0.3725093603134155,0.0,0,-1.0,58.310447781418006,inf,0.0,0.0,0.0,0.0
5,5.58,inf,0.36863699555397034,0.0,0,-1.0,58.32305061651879,inf,0.0,0.0,0.0,0.0
5,5.6000000000000005,inf,0.3648204207420349,0.0,0,-1.0,58.33573585508371,inf,0.0,0.0,0.0,0.0
5,5.62,inf,0.36099758744239807,0.0,0,-1.0,58.34773040513418,inf,0.0,0.0,0.0,0.0
5,5.64,inf,0.35739895701408386,0.0,0,-1.0,58.359085788569026,inf,0.0,0.0,0.0,0.0
5,5.66,inf,0.3540039360523224,0.0,0,-1.0,58.369763862894,inf,0.0,0.0,0.0,0.0
5,5.68,1.5918408002158264,0.35082748532295227,0.08,1,34.26345199050589,58.37972188175846,1.5918408002158264,0.4517871026880314,1.0,0.4517871026880314,0.20411158615524583
5,5.7,1.5717103794662133,0.0010151863098144531,0.06,1,33.79550182852289,58.382442603056575,1.5717103794662133,0.46058103705291836,1.0,0.46058103705291836,0.21213489169274174
5,5.72,inf,0.0041571855545043945,0.039999999999999994,0,-1.0,58.360173975516645,inf,0.0,0.0,0.0,0.0
5,5.74,1.5339338419694013,0.0005661249160766602,0.019999999999999993,1,32.90945905284019,58.302826880753706,1.5339338419694013,0.47639814459976443,1.0,0.47639814459976443,0.22695519217809806
5,5.76,inf,0.0012459158897399902,0.0012459158897399902,0,-1.0,58.20006359067211,inf,0.0,0.0,0.0,0.0
5,5.78,1.5008679197336443,6.112456321716309e-05,6.112456321716309e-05,1,31.897674726478602,58.057288254786954,1.5008679197336443,0.4930446765897081,1.0,0.4930446765897081,0.24309305311344984
5,5.8,inf,0.0008057653903961182,0.0008057653903961182,0,-1.0,57.88062166258396,inf,0.0,0.0,0.0,0.0
5,5.82,1.4716125566158889,0.00021153688430786133,0.00021153688430786133,1,30.993171000049337,57.673884380263296,1.4716125566158889,0.5065264066648391,1.0,0.5,0.2565690006487939
5,5.84,inf,0.0009692013263702393,0.0009692013263702393,0,-1.0,57.44157253667574,inf,0.0,0.0,0.0,0.0
5,5.86,1.4451338612565439,0.00019910931587219238,0.00019910931587219238,1,30.139274411142,57.187506974941684,1.4451338612565439,0.518289416982251,1.0,0.5,0.2686239197558016
5,5.88,inf,0.001165539026260376,0.001165539026260376,0,-1.0,56.915030178106456,inf,0.0,0.0,0.0,0.0
5,5.9,1.4206188637441182,0.00019046664237976074,0.00019046664237976074,1,29.32907617092231,56.62694954349011,1.4206188637441182,0.5287523980004339,1.0,0.5,0.2795790983912093
5,5.92,inf,0.001497715711593628,0.001497715711593628,0,-1.0,56.32704161172104,inf,0.0,0.0,0.0,0.0
5,5.94,1.397389429413295,0.0002510547637939453,0.0002510547637939453,1,28.56323559473377,56.01681948129071,1.397389429413295,0.5381280951201777,1.0,0.5,0.289581846757671
5,5.96,1.3861729867649377,0.0017198026180267334,0.0017198026180267334,1,28.181799924127358,55.696238962859525,1.3861729867649377,0.5427313663029217,1.0,0.5,0.2945573359690362
5,5.98,inf,0.00176924467086792,0.00176924467086792,0,-1.0,55.36751729278628,inf,0.0,0.0,0.0,0.0
5,6.0,1.3643320049579493,0.0003355741500854492,0.0003355741500854492,1,27.442747642598334,55.03214385023142,1.3643320049579493,0.5514334202871755,1.0,0.5,0.3040788170096127
5,6.0200000000000005,inf,0.0021133720874786377,0.0021133720874786377,0,-1.0,54.691553859553224,inf,0.0,0.0,0.0,0.0
5,6.04,inf,0.0003648996353149414,0.0003648996353149414,0,-1.0,54.346739760418394,inf,0.0,0.0,0.0,0.0
5,6.0600000000000005,inf,0.6258357763290405,0.08036489963531494,0,-1.0,53.998654894917976,inf,0.0,0.0,0.0,0.0
5,6.08,inf,0.0035602450370788574,0.06036489963531494,0,-1.0,53.64493027981716,inf,0.0,0.0,0.0,0.0
5,6.1000000000000005,inf,0.0007834732532501221,0.040364899635314935,0,-1.0,53.28555411806349,inf,0.0,0.0,0.0,0.0
5,6.12,inf,0.000739365816116333,0.020364899635314935,0,-1.0,52.92792027268894,inf,0.0,0.0,0.0,0.0
5,6.140000000000001,inf,0.0006294548511505127,0.0006294548511505127,0,-1.0,52.572030768127085,inf,0.0,0.0,0.0,0.0
5,6.16,inf,0.12299272418022156,0.08062945485115051,0,-1.0,52.217812319346926,inf,0.0,0.0,0.0,0.0
5,6.18,inf,0.004767715930938721,0.06062945485115051,0,-1.0,51.86120112433421,inf,0.0,0.0,0.0,0.0
5,6.2,inf,0.0006962716579437256,0.04062945485115051,0,-1.0,51.50114174027629,inf,0.0,0.0,0.0,0.0
5,6.22,inf,0.0005743503570556641,0.020629454851150506,0,-1.0,51.14340955924676,inf,0.0,0.0,0.0,0.0
5,6.24,inf,0.00048542022705078125,0.0006294548511505058,0,-1.0,50.788397561075556,inf,0.0,0.0,0.0,0.0
5,6.26,inf,0.12051364779472351,0.0,0,-1.0,50.43649954308292,inf,0.0,0.0,0.0,0.0
5,6.28,inf,0.9082286357879639,0.0,0,-1.0,50.08943915593055,inf,0.0,0.0,0.0,0.0
5,6.3,inf,0.9045324921607971,0.0,0,-1.0,49.746823877804374,inf,0.0,0.0,0.0,0.0
5,6.32,inf,0.902253270149231,0.0,0,-1.0,49.40968022744031,inf,0.0,0.0,0.0,0.0
5,6.34,inf,0.8999358415603638,0.0,0,-1.0,49.08028686461436,inf,0.0,0.0,0.0,0.0
5,6.36,inf,0.8974521160125732,0.0,0,-1.0,48.76038667150202,inf,0.0,0.0,0.0,0.0
5,6.38,inf,0.8948741555213928,0.0,0,-1.0,48.45140225625441,inf,0.0,0.0,0.0,0.0
5,6.4,1.15162299715238,0.8923299312591553,0.08,1,19.98453529789976,48.154544870069344,1.15162299715238,0.652770401286457,1.0,0.5,0.42610919679568215
5,6.42,1.1394186164186166,0.006196320056915283,0.06,1,19.640075876800456,47.86385073531484,1.1394186164186166,0.6584516877122584,1.0,0.5,0.4335586250511214
5,6.44,1.1273857483727274,0.01345294713973999,0.039999999999999994,1,19.347895667921982,47.565677272851865,1.1273857483727274,0.6629233554549129,1.0,0.5,0.43946737520760076
5,6.46,inf,0.004600644111633301,0.019999999999999993,0,-1.0,47.26493686967845,inf,0.0,0.0,0.0,0.0
5,6.48,inf,9.143352508544922e-05,9.143352508544922e-05,0,-1.0,46.96272357715373,inf,0.0,0.0,0.0,0.0
5,6.5,1.091399562089317,0.8777784109115601,0.08009143352508545,1,18.31787437293816,46.66069465032831,1.091399562089317,0.6803251965739077,1.0,0.5,0.4628423730933261
5,6.5200000000000005,inf,0.11093378067016602,0.11093378067016602,0,-1.0,46.35493227819187,inf,0.0,0.0,0.0,0.0
5,6.54,1.0677159116132766,0.10701623558998108,0.10701623558998108,1,17.690524761328117,46.04094167316096,1.0677159116132766,0.6907837821463247,1.0,0.5,0.477182233676381
5,6.5600000000000005,1.0560068251137598,0.5641862154006958,0.1870162355899811,1,17.19213769684564,45.724696126475195,1.0560068251137598,0.7006205360260623,1.0,0.5,0.4908691355014469
5,6.58,1.0443969948598155,0.6249232888221741,0.2670162355899811,1,17.01064256783248,45.403714829108466,1.0443969948598155,0.702734201084413,1.0,0.5,0.4938353573737482
5,6.6000000000000005,1.0330100533068278,0.650288462638855,0.3470162355899811,1,16.523082726108818,45.07328173889305,1.0330100533068278,0.7124497364306175,1.0,0.5,0.5075846269400563
5,6.62,1.0218480347647385,0.6662372350692749,0.42701623558998114,1,16.196104386040243,44.73340465854249,1.0218480347647385,0.7182193551683688,1.0,0.5,0.5158390421384674
5,6.640000000000001,1.0109140111114585,0.7141552567481995,0.5070162355899811,1,15.87345435135062,44.38404303708921,1.0109140111114585,0.7239121859299529,1.0,0.5,0.5240488529378826
5,6.66,1.00021071031368,0.750664472579956,0.5870162355899811,1,15.555250436870386,44.025208992807634,1.00021071031368,0.7295273821899141,1.0,0.5,0.532210201364869
5,6.68,0.9897420397822032,0.751797080039978,0.667016235589981,1,15.24153078761454,43.65688144259502,0.9897420397822032,0.7350657785775326,1.0,0.5,0.5403216988357943
5,6.7,0.9794375600677023,0.7580012679100037,0.747016235589981,1,15.07777404403468,43.28182476180571,0.9794375600677023,0.7367478142241168,1.0,0.5,0.5427973417640137
5,6.72,0.9694093546882397,0.7581884860992432,0.7581884860992432,1,14.768284211828004,42.89580261948117,0.9694093546882397,0.742233082911235,1.0,0.5,0.5509099493679163
5,6.74,0.959553800779904,0.7506511807441711,0.7506511807441711,1,14.332380413616372,42.50309766985125,0.959553800779904,0.7511570778560334,1.0,0.5,0.564236955613215
5,6.76,0.9497190490742804,0.7401611804962158,0.7401611804962158,1,14.155668482215631,42.10972882989515,0.9497190490742804,0.7532811806795006,1.0,0.5,0.5674325371659024
5,6.78,0.9398660274227464,0.7424946427345276,0.7424946427345276,1,13.747363940753958,41.71723279813125,0.9398660274227464,0.7617640744103363,1.0,0.5,0.5802845050622364
5,6.8,0.9299994654156662,0.7351192235946655,0.7351192235946655,1,13.41800455485609,41.32541919246526,0.9299994654156662,0.768261323833472,1.0,0.5,0.590225461698359
5,6.82,0.9201044251206842,0.731059193611145,0.731059193611145,1,13.098523657420838,40.93487606318848,0.9201044251206842,0.7746333215904165,1.0,0.5,0.6000567829182016
5,6.84,0.9101682149984759,0.7286012172698975,0.7286012172698975,1,12.789131262941183,40.546059310105356,0.9101682149984759,0.7808721581487145,1.0,0.5,0.609761327371831
5,6.86,0.9001884296851974,0.7268998622894287,0.7268998622894287,1,12.690911906528546,40.15904021452412,0.9001884296851974,0.781253644593192,1.0,0.5,0.6103572571901456
5,6.88,0.8901620896529767,0.7259849309921265,0.7259849309921265,1,12.276377319770466,39.773906655661804,0.8901620896529767,0.79075180157862,1.0,0.5,0.6252884116998333
5,6.9,0.880085056182783,0.7242122888565063,0.7242122888565063,1,11.910410114542183,39.39076679478553,0.880085056182783,0.7990620518647474,1.0,0.5,0.6385001627303003
5,6.92,0.8699520593793905,0.7229471206665039,0.7229471206665039,1,11.734726129985619,39.0097960674954,0.8699520593793905,0.8019768740565228,1.0,0.5,0.6431669065214719
5,6.94,0.8597593074323429,0.7374691963195801,0.7374691963195801,1,11.472065980282666,38.63109240948293,0.8597593074323429,0.8075570694677244,1.0,0.5,0.6521484204472991
5,6.96,0.84952551540523,0.7456561923027039,0.7456561923027039,1,11.0826835952324,38.25389123079037,0.84952551540523,0.8170835541315438,1.0,0.5,0.6676255344322354
5,6.98,inf,0.726952075958252,0.726952075958252,0,-1.0,37.878377780233606,inf,0.0,0.0,0.0,0.0
5,7.0,0.8288819288698822,0.491268515586853,0.7069520759582519,1,10.812160306097368,37.50622143444908,0.8288819288698822,0.8211985260169974,1.0,0.5,0.6743670191324891
5,7.0200000000000005,0.8183942465835145,0.8247860670089722,0.7869520759582519,1,10.297173232901752,37.13860758917911,0.8183942465835145,0.8351772640366262,1.0,0.5,0.6975210623637044
5,7.04,0.8079413238625976,0.6693581342697144,0.7669520759582519,1,10.22733503717788,36.769328367674476,0.8079413238625976,0.8354596931769973,1.0,0.5,0.6979928989234024
5,7.0600000000000005,0.7974991517262303,0.7272172570228577,0.7469520759582519,1,9.967832614909168,36.39940450677559,0.7974991517262303,0.8417857697321242,1.0,0.5,0.7086032821235048
5,7.08,0.7869324172419527,0.8071427345275879,0.8071427345275879,1,9.550399629111507,36.034039721129545,0.7869324172419527,0.8533739187678695,1.0,0.5,0.7282470452332304
5,7.1000000000000005,0.7764047463787674,0.7444463968276978,0.7871427345275879,1,9.379988806278455,35.6667461934243,0.7764047463787674,0.8571746484399564,1.0,0.5,0.7347483779281628
5,7.12,0.7658150096757754,0.8205744028091431,0.8205744028091431,1,9.102777654259548,35.30156378171768,0.7658150096757754,0.8646017847852809,1.0,0.5,0.7475362462538933
5,7.140000000000001,0.7552190829132203,0.8250842094421387,0.8250842094421387,1,8.842070827701821,34.936200456191344,0.7552190829132203,0.8716580337800613,1.0,0.5,0.7597877278533226
5,7.16,0.7445902739104809,0.859303891658783,0.859303891658783,1,8.628942198273316,34.57173465643503,0.7445902739104809,0.8772834180870878,1.0,0.5,0.769626195650564
5,7.18,0.7339772098050963,0.8765010833740234,0.8765010833740234,1,8.345589930622587,34.206221302995566,0.7339772098050963,0.8854494083327568,1.0,0.5,0.784020654716829
5,7.2,0.7233570157104549,0.8865231275558472,0.8865231275558472,1,8.106863688145552,33.84058970992382,0.7233570157104549,0.892274612988357,1.0,0.5,0.7961539849835222
5,7.22,0.7126939810940541,0.901615560054779,0.901615560054779,1,7.920000078368271,33.476170102014116,0.7126939810940541,0.8974581178610904,1.0,0.5,0.8054310733147708
5,7.24,0.7020202764350735,0.9144875407218933,0.9144875407218933,1,7.646100804611854,33.11170005577333,0.7020202764350735,0.9058719038919021,1.0,0.5,0.8206039062607395
5,7.26,0.6913267129930362,0.9194763898849487,0.9194763898849487,1,7.423989164221412,32.74755157623262,0.6913267129930362,0.9126413313419085,1.0,0.5,0.8329141996735312
5,7.28,0.6805913433073976,0.9204126596450806,0.9204126596450806,1,7.20899896004115,32.38458575042819,0.6805913433073976,0.9193342203466923,1.0,0.5,0.8451754087004606
5,7.3,0.6697974752687056,0.9250205755233765,0.9250205755233765,1,6.98504639640347,32.023464918181745,0.6697974752687056,0.9265436019247145,1.0,0.5,0.8584830462676238
5,7.32,0.6589482527264379,0.9224765300750732,0.9224765300750732,1,6.865847340130565,31.664009317755514,0.6589482527264379,0.93002375157107,1.0,0.5,0.8649441784863273
5,7.34,0.6480272645142905,0.9266625642776489,0.9266625642776489,1,6.556442384425469,31.306825164516173,0.6480272645142905,0.9408350352164552,1.0,0.5,0.8851705634907484
5,7.36,0.6370474887583544,0.9200034141540527,0.9200034141540527,1,6.340508732034259,30.951342437558317,0.6370474887583544,0.9483453029353042,1.0,0.5,0.8993588135994538
5,7.38,0.6259840281347636,0.9392195343971252,0.9392195343971252,1,6.120853083630847,30.598500051242592,0.6259840281347636,0.956214110928877,1.0,0.5,0.9143454259395026
5,7.4,0.6148826888309937,0.9283257722854614,0.9283257722854614,1,5.962684421634888,30.246361285466744,0.6148826888309937,0.9618683892403511,1.0,0.5,0.9251907982198276
5,7.42,0.6035892936021761,0.9419077634811401,0.9419077634811401,1,5.703760035305249,29.901058203069354,0.6035892936021761,0.9717377458593907,1.0,0.5,0.9442742467278897
5,7.44,0.5918350343995045,0.9364433288574219,0.9364433288574219,1,5.557221580336841,29.573228088056858,0.5918350343995045,0.9773240382443826,1.0,0.5,0.9551622757303074
5,7.46,0.5797356169939926,0.9453883171081543,0.9453883171081543,1,5.337521912466304,29.258011281160368,0.5797356169939926,0.9860861672230965,1.0,0.5,0.9723659291887367
5,7.48,0.5675338283156193,0.9431267976760864,0.9431267976760864,1,5.124884577447975,28.94534312063827,0.5675338283156193,0.9947845985409857,1.0,0.5,0.98959639749435
5,7.5,0.5552806267877052,0.9470356702804565,0.9470356702804565,1,4.93091737388929,28.633141984588335,0.5552806267877052,1.0,1.0,0.5,1.0
5,7.5200000000000005,0.5429807043135739,0.9471807479858398,0.9471807479858398,1,4.739393181220777,28.32120417279981,0.5429807043135739,1.0,1.0,0.5,1.0
5,7.54,0.5306290915680834,0.9490062594413757,0.9490062594413757,1,4.5547652897512645,28.009752973674594,0.5306290915680834,1.0,1.0,0.5,1.0
5,7.5600000000000005,0.5182203419483686,0.952298104763031,0.952298104763031,1,4.503542678028374,27.699039864272912,0.5182203419483686,1.0,1.0,0.5,1.0
5,7.58,0.5057502305501738,0.956795334815979,0.956795334815979,1,4.202281667411703,27.38925275253328,0.5057502305501738,1.0,1.0,0.5,1.0
5,7.6000000000000005,0.493218315399582,0.9569860696792603,0.9569860696792603,1,4.0765876699468,27.080450632262764,0.493218315399582,1.0,1.0,0.5,1.0
5,7.62,0.48061922122017997,0.9589818120002747,0.9589818120002747,1,3.8643599613890074,26.772916781953093,0.48061922122017997,1.0,1.0,0.5,1.0
5,7.640000000000001,0.46794835546727254,0.9597227573394775,0.9597227573394775,1,3.672471818592721,26.466949056075887,0.46794835546727254,1.0,1.0,0.5,1.0
5,7.66,0.45520661591782485,0.9604328870773315,0.9604328870773315,1,3.5216756350471377,26.162563790968676,0.45520661591782485,1.0,1.0,0.5,1.0
5,7.68,0.44239256171402647,0.9616919755935669,0.9616919755935669,1,3.322716104254801,25.859998561190977,0.44239256171402647,1.0,1.0,0.5,1.0
5,7.7,0.429509438847476,0.9620800018310547,0.9620800018310547,1,3.1617135056220746,25.559255164500307,0.429509438847476,1.0,1.0,0.5,1.0
5,7.72,0.4165610518997164,0.9628372192382812,0.9628372192382812,1,3.0021903272442616,25.260376902006563,0.4165610518997164,1.0,1.0,0.5,1.0
5,7.74,0.4035482793180149,0.9635444283485413,0.9635444283485413,1,2.836876294135554,24.96361036791048,0.4035482793180149,1.0,1.0,0.5,1.0
5,7.76,inf,0.963896632194519,0.963896632194519,0,-1.0,24.66880284412928,inf,0.0,0.0,0.0,0.0
5,7.78,inf,0.6123589277267456,0.943896632194519,0,-1.0,24.3760903336666,inf,0.0,0.0,0.0,0.0
5,7.8,inf,0.6155131459236145,0.923896632194519,0,-1.0,24.086559567806255,inf,0.0,0.0,0.0,0.0
5,7.82,inf,0.467459112405777,0.903896632194519,0,-1.0,23.80094047476434,inf,0.0,0.0,0.0,0.0
